# Object Export From Tinkercad Server 2015

mtllib obj.mtl

o obj_0
v 24.164 		-30.095 		44.793
v 23.302 		-30.095 		43.931
v 23.302 		-30.095 		44.793
v 24.164 		-30.957 		44.793
v 24.164 		-32.681 		44.793
v 27 		35.69 		62.034
v 27 		32.241 		62.034
v 24.164 		-32.681 		41.345
v -16.353 		-12.853 		49.103
v 24.164 		-30.095 		41.345
v 23.302 		-30.095 		41.345
v 23.302 		-30.095 		42.207
v 24.164 		-30.957 		41.345
v -9.207 		38.276 		58.586
v -11.793 		39.138 		58.586
v -10.931 		38.276 		58.586
v 25.026 		-18.888 		37.897
v 25.026 		-17.164 		37.897
v -8.192 		39.138 		55.138
v -9.207 		38.276 		55.138
v -11.793 		39.138 		55.138
v 24.164 		-19.75 		37.897
v 24.164 		-18.888 		37.897
v -10.931 		38.276 		55.138
v 23.302 		-19.75 		37.034
v 23.302 		-19.75 		37.897
v -8.192 		39.138 		51.69
v 24.164 		-17.164 		37.897
v -9.207 		38.276 		51.69
v -11.793 		39.138 		51.69
v -10.931 		38.276 		51.69
v 25.026 		-24.06 		37.897
v 24.164 		-23.198 		37.897
v 24.164 		-24.06 		37.897
v 23.302 		-23.198 		37.034
v 23.302 		-23.198 		37.897
v 27 		32.241 		36.864
v 27 		1.207 		62.034
v 25.026 		-18.888 		34.448
v 25.026 		-17.164 		34.448
v 27 		1.207 		43.008
v 24.164 		-19.75 		34.448
v 24.164 		-18.888 		34.448
v 23.302 		-19.75 		35.31
v 23.302 		-19.75 		34.448
v 27 		-2.241 		62.034
v 24.164 		-17.164 		34.448
v 27 		35.69 		0
v 25.026 		-24.06 		34.448
v 24.164 		-23.198 		34.448
v 24.164 		-24.06 		34.448
v 23.302 		-23.198 		34.448
v 23.302 		-23.198 		35.31
v 27 		32.241 		0
v 25.026 		-25.784 		37.897
v 24.164 		-25.784 		37.897
v 24.164 		-26.647 		37.897
v 23.302 		-26.647 		37.897
v 23.302 		-26.647 		37.034
v 27 		1.207 		0
v 27 		-2.241 		0
v 27 		-42 		63.034
v 27 		-42 		62.034
v 25.026 		-32.681 		37.897
v 27 		41 		62.034
v 27 		41 		63.034
v 25.026 		-30.957 		37.897
v -20 		41 		63.034
v -20 		41 		62.034
v -20 		-42 		62.034
v -20 		-42 		63.034
v 26 		-41 		64
v 26 		-41 		63.034
v 26 		40 		63.034
v 26 		40 		64
v -19 		40 		64
v -19 		40 		63.034
v -19 		-41 		63.034
v -19 		-41 		64
v 25 		-40 		65
v 25 		-40 		64
v 25 		39 		64
v 25 		39 		65
v 22 		29 		66
v 22 		32 		66
v 22 		33 		66
v 24.164 		-32.681 		37.897
v 22 		36 		66
v 18 		29 		66
v 24.164 		-30.957 		37.897
v 18 		32 		66
v 18 		33 		66
v 18 		36 		66
v 6 		5 		70
v 6 		-5 		70
v 24.164 		-30.095 		37.897
v -3 		1 		69
v -3 		-1 		69
v 23.302 		-30.095 		37.034
v 23.302 		-30.095 		37.897
v -3 		-2 		70
v -3 		2 		70
v -2 		-2 		70
v -2 		2 		70
v 25.026 		-25.784 		34.448
v -2 		-1 		69
v -2 		1 		69
v 24.164 		-25.784 		34.448
v 24.164 		-26.647 		34.448
v 23.302 		-26.647 		35.31
v 23.302 		-26.647 		34.448
v -2 		-5 		70
v 25.026 		-32.681 		34.448
v -2 		5 		70
v 25.026 		-30.957 		34.448
v 24.164 		-32.681 		34.448
v -13.5 		-32.736 		68
v 24.164 		-30.957 		34.448
v -11 		-35.236 		68
v -11.122 		-34.463 		68
v -11.477 		-33.766 		68
v -12.031 		-33.213 		68
v -12.031 		-37.258 		68
v -11.477 		-36.705 		68
v -11.122 		-36.008 		68
v 24.164 		-30.095 		34.448
v -14.273 		-37.613 		68
v -13.5 		-37.736 		68
v -12.727 		-37.613 		68
v 23.302 		-30.095 		34.448
v -12.727 		-32.858 		68
v -14.273 		-32.858 		68
v -14.969 		-33.213 		68
v -15.523 		-33.766 		68
v -15.878 		-34.463 		68
v -16 		-35.236 		68
v -15.878 		-36.008 		68
v -15.523 		-36.705 		68
v -14.969 		-37.258 		68
v 23.302 		-30.095 		35.31
v 24.164 		-33.543 		58.586
v 24.164 		-33.543 		55.138
v 24.164 		-33.543 		51.69
v -16.353 		-16.302 		49.103
v -16.353 		-9.405 		42.207
v -16.353 		-9.405 		43.931
v -16.353 		-12.853 		43.931
v -16.353 		-16.302 		43.931
v -16.353 		-12.853 		42.207
v -16.353 		-16.302 		42.207
v -16.353 		-5.957 		37.034
v 0 		39.138 		48.241
v -4.034 		38.276 		48.241
v -2.31 		38.276 		48.241
v 15 		32 		66
v 15 		29 		66
v 15 		36 		66
v 15 		33 		66
v 0 		39.138 		44.793
v -2.31 		38.276 		44.793
v -4.034 		38.276 		44.793
v 0 		39.138 		41.345
v -2.31 		38.276 		41.345
v 19 		32 		66
v 19 		29 		66
v 19 		36 		66
v 19 		33 		66
v -4.034 		38.276 		41.345
v 24 		-39 		65
v -8.192 		39.138 		41.345
v -17 		-39 		65
v -8.192 		39.138 		44.793
v -11.793 		39.138 		48.241
v 24 		38 		65
v -10.931 		38.276 		48.241
v -9.207 		38.276 		48.241
v -17 		38 		65
v 22.69 		8.103 		35.31
v 22.69 		4.655 		35.31
v -9.207 		38.276 		44.793
v -10.931 		38.276 		44.793
v -11.793 		39.138 		44.793
v 22 		29 		64
v 22 		32 		64
v 22 		33 		64
v 22 		36 		64
v -15.491 		-9.405 		19.828
v 18 		29 		64
v 18 		32 		64
v 18 		33 		64
v 18 		36 		64
v 6 		-5 		64
v 6 		5 		64
v -15.491 		-12.853 		19.828
v -3 		-1 		64
v -3 		-2 		64
v -9.207 		38.276 		41.345
v -15.491 		-16.302 		19.828
v -3 		2 		64
v -3 		1 		64
v -2 		-2 		64
v -2 		-1 		64
v -15.491 		-12.853 		18.103
v -11.793 		39.138 		41.345
v -2 		1 		64
v -15.491 		-16.302 		18.103
v -2 		2 		64
v -10.931 		38.276 		41.345
v -2 		-5 		64
v -15.491 		-5.957 		12.931
v -2 		5 		64
v 0 		39.138 		37.897
v -15.491 		-5.957 		11.207
v -2.31 		38.276 		37.897
v -4.034 		38.276 		37.897
v -13.2972 		-32.768 		64
v -13.5 		-32.736 		64
v -13.7028 		-32.768 		64
v -15.491 		-9.405 		12.931
v -8.192 		39.138 		37.897
v -12.031 		-37.258 		64
v -4.034 		38.276 		34.448
v -11.477 		-36.705 		64
v -2.31 		38.276 		34.448
v -15.491 		-12.853 		12.931
v -11.122 		-36.008 		64
v -15.491 		-16.302 		12.931
v -11 		-35.236 		64
v -11.122 		-34.463 		64
v -15.491 		-9.405 		11.207
v -11.477 		-33.766 		64
v -12.031 		-33.213 		64
v -15.491 		-12.853 		11.207
v -9.207 		38.276 		37.897
v -15.491 		-16.302 		11.207
v -11.793 		39.138 		37.897
v -12.727 		-37.613 		64
v -13.5 		-37.736 		64
v -10.931 		38.276 		37.897
v -15.491 		-5.957 		4.31
v -15.491 		-5.957 		6.034
v -12.727 		-32.858 		64
v -9.207 		38.276 		34.448
v -15.491 		-9.405 		6.034
v -15.491 		-9.405 		4.31
v -11.793 		39.138 		34.448
v -10.931 		38.276 		34.448
v 24.164 		-33.543 		48.241
v -15.491 		-12.853 		4.31
v -15.491 		-12.853 		6.034
v 24.164 		-33.543 		44.793
v 24.164 		-33.543 		41.345
v -15.491 		-16.302 		6.034
v -15.491 		-16.302 		4.31
v 19.241 		39.138 		27.586
v 24.164 		-33.543 		37.897
v -15.491 		-19.75 		25
v -15.491 		-19.75 		26.724
v 24.164 		-33.543 		34.448
v 18.379 		38.276 		27.586
v 16.655 		38.276 		27.586
v 23.552 		39.138 		62.034
v -15.491 		-23.198 		26.724
v -15.491 		-23.198 		25
v 19.241 		39.138 		24.138
v 23.552 		28.793 		57.724
v 16.655 		38.276 		24.138
v 18.379 		38.276 		24.138
v -14.273 		-32.858 		64
v 19.241 		39.138 		20.69
v 16.384 		39.138 		20.69
v -14.969 		-33.213 		64
v 18.379 		38.276 		20.69
v 16.655 		38.276 		20.69
v -15.523 		-33.766 		64
v -15.878 		-34.463 		64
v -16 		-35.236 		64
v 19.241 		39.138 		17.241
v -15.878 		-36.008 		64
v 16.655 		38.276 		17.241
v 18.379 		38.276 		17.241
v -15.523 		-36.705 		64
v -14.969 		-37.258 		64
v -14.273 		-37.613 		64
v 8.192 		39.138 		27.586
v 11.483 		38.276 		27.586
v 9.759 		38.276 		27.586
v 15 		32 		64
v 15 		29 		64
v 15 		36 		64
v 15 		33 		64
v 19 		32 		64
v 19 		29 		64
v 19 		36 		64
v 8.192 		39.138 		24.138
v 19 		33 		64
v 9.759 		38.276 		24.138
v 11.483 		38.276 		24.138
v 8.192 		39.138 		20.69
v 11.483 		38.276 		20.69
v 9.759 		38.276 		20.69
v 24 		-39 		64
v -17 		-39 		64
v 12.288 		39.138 		17.241
v 24 		38 		64
v 9.759 		38.276 		17.241
v 11.483 		38.276 		17.241
v -17 		38 		64
v 4.586 		38.276 		27.586
v -16.353 		-5.957 		35.31
v -16.353 		-9.405 		37.034
v -16.353 		-12.853 		37.034
v -16.353 		-16.302 		37.034
v -18 		39 		65
v -18 		39 		64
v -18 		-40 		64
v -18 		-40 		65
v -16.353 		-9.405 		35.31
v -16.353 		-12.853 		35.31
v -16.353 		-16.302 		35.31
v -16.353 		-19.75 		57.724
v -16.353 		-23.198 		57.724
v -16.353 		-19.75 		56
v -16.353 		-23.198 		56
v -16.353 		-19.75 		50.828
v -16.353 		-23.198 		50.828
v 23.552 		25.345 		57.724
v -16.353 		-26.647 		57.724
v 23.552 		28.793 		56
v -16.353 		-30.095 		57.724
v 23.552 		25.345 		56
v -16.353 		-26.647 		56
v 23.552 		28.793 		50.828
v -16.353 		-30.095 		56
v 23.552 		25.345 		50.828
v -16.353 		-26.647 		50.828
v 23.552 		21.897 		57.724
v 23.552 		18.448 		57.724
v -16.353 		-30.095 		50.828
v 23.552 		21.897 		56
v -16.353 		-19.75 		49.103
v 23.552 		18.448 		56
v -16.353 		-23.198 		49.103
v 23.552 		21.897 		50.828
v -16.353 		-19.75 		43.931
v -16.353 		-19.75 		42.207
v 23.552 		18.448 		50.828
v 23.552 		28.793 		49.103
v -16.353 		-23.198 		42.207
v -16.353 		-23.198 		43.931
v 23.552 		25.345 		49.103
v 23.552 		28.793 		43.931
v -16.353 		-26.647 		49.103
v 23.552 		28.793 		42.207
v -16.353 		-30.095 		49.103
v 23.552 		25.345 		43.931
v -16.353 		-26.647 		43.931
v -16.353 		-26.647 		42.207
v 23.552 		25.345 		42.207
v -16.353 		-30.095 		42.207
v 23.552 		21.897 		49.103
v -16.353 		-30.095 		43.931
v 23.552 		18.448 		49.103
v -16.353 		-19.75 		37.034
v 23.552 		21.897 		43.931
v -16.353 		-23.198 		37.034
v 23.552 		21.897 		42.207
v -16.353 		-19.75 		35.31
v 23.552 		18.448 		43.931
v 23.552 		18.448 		42.207
v -16.353 		-23.198 		35.31
v -16.353 		-26.647 		37.034
v 23.552 		28.793 		37.034
v 23.552 		25.345 		37.034
v -16.353 		-30.095 		37.034
v 23.552 		28.793 		35.31
v -16.353 		-26.647 		35.31
v 23.552 		25.345 		35.31
v -16.353 		-30.095 		35.31
v 23.552 		21.897 		37.034
v -16.353 		-40.44 		0
v -16.353 		-39.578 		0
v 23.552 		18.448 		37.034
v 23.552 		21.897 		35.31
v 23.552 		18.448 		35.31
v 23.552 		15 		57.724
v 23.552 		11.552 		57.724
v -16.353 		-5.957 		26.724
v -16.353 		-5.957 		25
v 23.552 		15 		56
v -16.353 		-5.957 		19.828
v -16.353 		-5.957 		18.103
v 23.552 		11.552 		56
v -16.353 		-9.405 		25
v -16.353 		-9.405 		26.724
v 23.552 		15 		50.828
v 23.552 		11.552 		50.828
v -16.353 		-12.853 		26.724
v -16.353 		-16.302 		26.724
v 23.552 		8.103 		57.724
v -16.353 		-12.853 		25
v 23.552 		4.655 		57.724
v -16.353 		-16.302 		25
v 23.552 		4.655 		56
v -16.353 		-9.405 		18.103
v -16.353 		-9.405 		19.828
v 23.552 		8.103 		56
v 23.552 		4.655 		50.828
v -16.353 		-12.853 		19.828
v 23.552 		8.103 		50.828
v -16.353 		-16.302 		19.828
v 23.552 		15 		49.103
v -16.353 		-12.853 		18.103
v 23.552 		11.552 		49.103
v -16.353 		-16.302 		18.103
v -16.353 		-5.957 		12.931
v 23.552 		15 		43.931
v 23.552 		15 		42.207
v -16.353 		-5.957 		11.207
v 23.552 		11.552 		43.931
v -16.353 		-9.405 		12.931
v 23.552 		11.552 		42.207
v -16.353 		-12.853 		12.931
v -16.353 		-16.302 		12.931
v 23.552 		8.103 		49.103
v -16.353 		-9.405 		11.207
v 23.552 		4.655 		49.103
v -16.353 		-12.853 		11.207
v 23.552 		8.103 		43.931
v -16.353 		-16.302 		11.207
v 23.552 		4.655 		43.931
v -16.353 		-5.957 		4.31
v 23.552 		8.103 		42.207
v -16.353 		-5.957 		6.034
v 23.552 		4.655 		42.207
v -16.353 		-9.405 		4.31
v -16.353 		-9.405 		6.034
v 23.552 		15 		37.034
v -16.353 		-12.853 		6.034
v -16.353 		-12.853 		4.31
v 23.552 		11.552 		37.034
v 23.552 		15 		35.31
v -16.353 		-16.302 		4.31
v -16.353 		-16.302 		6.034
v 23.552 		11.552 		35.31
v 23.552 		8.103 		37.034
v -16.353 		-19.75 		26.724
v -16.353 		-19.75 		25
v 23.552 		4.655 		37.034
v -16.353 		-23.198 		25
v -16.353 		-23.198 		26.724
v 23.552 		8.103 		35.31
v 23.552 		4.655 		35.31
v 23.552 		28.793 		58.586
v -16.353 		-19.75 		19.828
v -16.353 		-19.75 		18.103
v 23.552 		25.345 		58.586
v 23.552 		28.793 		55.138
v -16.353 		-23.198 		18.103
v -16.353 		-23.198 		19.828
v 23.552 		25.345 		55.138
v 23.552 		28.793 		51.69
v 23.552 		25.345 		51.69
v 8.647 		-36.991 		25
v 23.552 		21.897 		58.586
v 23.552 		18.448 		58.586
v 8.647 		-37.853 		25
v 23.552 		21.897 		55.138
v 23.552 		18.448 		55.138
v 23.552 		21.897 		51.69
v 23.552 		18.448 		51.69
v 22.69 		8.103 		34.448
v 23.552 		28.793 		48.241
v 22.69 		4.655 		34.448
v 23.552 		25.345 		48.241
v 15.543 		-33.543 		24.138
v 23.552 		28.793 		44.793
v 15.543 		-33.543 		20.69
v 23.552 		28.793 		41.345
v 23.552 		25.345 		44.793
v 23.552 		25.345 		41.345
v 15.543 		-38.716 		24.138
v 15.543 		-37.853 		24.138
v 23.552 		21.897 		48.241
v 23.552 		18.448 		48.241
v 23.552 		21.897 		44.793
v 15.543 		-36.991 		24.138
v 23.552 		21.897 		41.345
v 23.552 		18.448 		44.793
v 16.384 		-40.44 		24.138
v 23.552 		18.448 		41.345
v 23.552 		28.793 		37.897
v 22.69 		28.793 		26.724
v 22.69 		28.793 		27.586
v 23.552 		25.345 		37.897
v 16.384 		-40.44 		20.69
v 23.552 		28.793 		34.448
v 23.552 		25.345 		34.448
v -11.793 		11.552 		24.138
v 23.552 		21.897 		37.897
v 22.69 		28.793 		25
v -11.793 		11.552 		20.69
v 23.552 		18.448 		37.897
v 23.552 		21.897 		34.448
v -11.793 		15 		17.241
v 23.552 		18.448 		34.448
v 22.69 		25.345 		27.586
v 22.69 		25.345 		26.724
v 23.552 		15 		58.586
v -11.793 		11.552 		17.241
v 23.552 		11.552 		58.586
v -11.793 		8.103 		27.586
v 23.552 		15 		55.138
v -11.793 		4.655 		27.586
v 23.552 		11.552 		55.138
v 23.552 		15 		51.69
v -11.793 		8.103 		24.138
v 23.552 		11.552 		51.69
v -11.793 		4.655 		24.138
v -11.793 		8.103 		20.69
v 23.552 		8.103 		58.586
v -11.793 		4.655 		20.69
v 22.69 		25.345 		25
v 23.552 		4.655 		58.586
v -11.793 		8.103 		17.241
v -11.793 		4.655 		17.241
v 23.552 		4.655 		55.138
v 23.552 		8.103 		55.138
v 23.552 		8.103 		51.69
v 23.552 		4.655 		51.69
v 22.69 		28.793 		24.138
v 0 		39.138 		27.586
v 2.862 		38.276 		27.586
v 23.552 		15 		48.241
v 4.586 		38.276 		24.138
v 22.69 		28.793 		20.69
v 23.552 		11.552 		48.241
v 23.552 		15 		44.793
v 23.552 		15 		41.345
v -11.793 		15 		13.793
v 22.69 		25.345 		24.138
v 23.552 		11.552 		44.793
v 23.552 		11.552 		41.345
v -11.793 		11.552 		13.793
v 22.69 		25.345 		20.69
v 23.552 		8.103 		48.241
v 23.552 		4.655 		48.241
v -11.793 		15 		10.345
v 23.552 		8.103 		44.793
v 22.69 		28.793 		19.828
v 23.552 		4.655 		44.793
v -11.793 		11.552 		10.345
v 23.552 		8.103 		41.345
v -11.793 		8.103 		13.793
v 23.552 		4.655 		41.345
v -11.793 		4.655 		13.793
v 22.69 		28.793 		17.241
v 23.552 		15 		37.897
v 22.69 		28.793 		18.103
v -11.793 		8.103 		10.345
v 23.552 		11.552 		37.897
v -11.793 		4.655 		10.345
v 23.552 		15 		34.448
v 23.552 		11.552 		34.448
v -11.793 		15 		6.897
v 23.552 		8.103 		37.897
v 22.69 		25.345 		19.828
v 23.552 		4.655 		37.897
v -11.793 		11.552 		6.897
v -11.793 		15 		3.448
v 23.552 		4.655 		34.448
v 23.552 		8.103 		34.448
v 23.552 		38.276 		62.034
v 22.69 		25.345 		17.241
v 22.69 		25.345 		18.103
v -11.793 		11.552 		3.448
v -11.793 		4.655 		6.897
v -11.793 		8.103 		6.897
v 22.69 		21.897 		26.724
v 22.69 		21.897 		27.586
v 24.414 		28.793 		58.586
v 24.414 		29.655 		58.586
v -11.793 		8.103 		3.448
v -11.793 		4.655 		3.448
v 24.414 		32.241 		58.586
v 24.414 		31.379 		58.586
v -11.793 		28.793 		58.586
v -15.241 		28.793 		58.586
v -15.241 		28.793 		57.724
v 22.69 		21.897 		25
v -11.793 		25.345 		58.586
v -15.241 		25.345 		57.724
v -15.241 		25.345 		58.586
v -11.793 		28.793 		55.138
v 22.69 		18.448 		27.586
v 22.69 		18.448 		26.724
v -15.241 		28.793 		56
v -15.241 		28.793 		55.138
v 24.414 		25.345 		58.586
v -11.793 		25.345 		55.138
v -15.241 		25.345 		55.138
v -15.241 		25.345 		56
v -11.793 		28.793 		51.69
v -15.241 		28.793 		51.69
v -15.241 		28.793 		50.828
v 22.69 		18.448 		25
v 15.543 		-38.716 		20.69
v 15.543 		-37.853 		20.69
v -11.793 		25.345 		51.69
v -15.241 		25.345 		50.828
v -15.241 		25.345 		51.69
v 15.543 		-36.991 		20.69
v -11.793 		21.897 		58.586
v -15.241 		21.897 		58.586
v -15.241 		21.897 		57.724
v -11.793 		18.448 		58.586
v -15.241 		18.448 		57.724
v -15.241 		18.448 		58.586
v -11.793 		21.897 		55.138
v -15.241 		21.897 		56
v -15.241 		21.897 		55.138
v 8.647 		-33.543 		24.138
v -11.793 		18.448 		55.138
v -15.241 		18.448 		55.138
v 12.095 		-33.543 		24.138
v 4.586 		38.276 		20.69
v 0 		39.138 		24.138
v 2.862 		38.276 		24.138
v 8.647 		-33.543 		20.69
v 0 		39.138 		20.69
v 12.095 		-33.543 		20.69
v 2.862 		38.276 		20.69
v 4.586 		38.276 		17.241
v 12.095 		-38.716 		24.138
v 11.233 		-38.716 		24.138
v 0 		39.138 		17.241
v 2.862 		38.276 		17.241
v 12.095 		-37.853 		24.138
v 18.379 		38.276 		13.793
v 16.655 		38.276 		13.793
v 16.384 		39.138 		13.793
v 19.241 		39.138 		13.793
v 12.095 		-36.991 		24.138
v 19.241 		40 		12.288
v 19.241 		39.138 		10.345
v 18.379 		38.276 		10.345
v 8.647 		-37.853 		24.138
v 8.647 		-38.716 		24.138
v 25.888 		-37.853 		62.034
v 16.655 		38.276 		10.345
v 25.888 		-37.853 		0
v 25.888 		-36.991 		62.034
v 25.888 		-36.991 		0
v -16.353 		-26.647 		26.724
v -16.353 		-26.647 		25
v 22.69 		21.897 		24.138
v 26.75 		-36.991 		62.034
v 22.69 		21.897 		20.69
v -16.353 		-30.095 		25
v -16.353 		-30.095 		26.724
v 22.69 		18.448 		24.138
v -16.353 		-26.647 		19.828
v -16.353 		-26.647 		18.103
v 22.69 		18.448 		20.69
v 26.75 		-36.991 		0
v -16.353 		-30.095 		18.103
v -16.353 		-30.095 		19.828
v 22.69 		21.897 		19.828
v 26.75 		-2.241 		0
v 26.138 		36.552 		0
v 26.138 		35.69 		0
v 26.138 		32.241 		0
v -16.353 		-19.75 		12.931
v 22.69 		21.897 		17.241
v 22.69 		21.897 		18.103
v -16.353 		-23.198 		12.931
v 26.138 		1.207 		0
v -16.353 		-19.75 		11.207
v 25.276 		36.552 		0
v 22.69 		18.448 		19.828
v -16.353 		-23.198 		11.207
v -16.353 		-26.647 		12.931
v 22.69 		18.448 		17.241
v 22.69 		18.448 		18.103
v -16.353 		-30.095 		12.931
v 26.138 		-2.509 		0
v 26.138 		-3.103 		0
v 25.888 		-3.103 		0
v 26.75 		-2.509 		0
v 24.414 		28.793 		55.138
v 24.414 		29.655 		55.138
v 25.888 		-33.543 		0
v 26.75 		-33.543 		0
v 24.414 		31.379 		55.138
v 24.414 		32.241 		55.138
v 26.75 		-2.241 		62.034
v 9.509 		-38.716 		24.138
v 8.647 		-36.991 		24.138
v 8.192 		-40.44 		24.138
v 11.233 		-39.578 		24.138
v 9.509 		-39.578 		24.138
v 12.095 		-38.716 		20.69
v 12.095 		-37.853 		20.69
v 11.233 		-38.716 		20.69
v 12.095 		-36.991 		20.69
v 8.647 		-38.716 		20.69
v 8.647 		-37.853 		20.69
v 9.509 		-38.716 		20.69
v 26.75 		-2.509 		62.034
v 8.647 		-36.991 		20.69
v -15.491 		-19.75 		18.103
v -15.491 		-19.75 		19.828
v 26.75 		-33.543 		57.344
v 26.75 		-33.543 		62.034
v -15.491 		-23.198 		19.828
v -15.491 		-23.198 		18.103
v -15.491 		-26.647 		25
v -15.491 		-26.647 		26.724
v 8.192 		-40.44 		20.69
v 9.509 		-39.578 		20.69
v 11.233 		-39.578 		20.69
v -15.491 		-30.095 		26.724
v -15.491 		-30.095 		25
v -15.491 		-26.647 		18.103
v -15.491 		-26.647 		19.828
v 15.543 		-33.543 		17.241
v -15.491 		-30.095 		19.828
v -15.491 		-30.095 		18.103
v 15.543 		-37.853 		19.828
v -15.491 		-19.75 		12.931
v -15.491 		-23.198 		12.931
v 15.543 		-36.991 		19.828
v -15.491 		-19.75 		11.207
v -15.491 		-23.198 		11.207
v 15.543 		-40.44 		17.241
v 15.543 		-38.716 		17.241
v 15.543 		-37.853 		18.103
v -15.491 		-26.647 		12.931
v 15.543 		-37.853 		17.241
v -15.491 		-30.095 		12.931
v -15.491 		-26.647 		11.207
v -15.491 		-30.095 		11.207
v 15.543 		-36.991 		17.241
v 15.543 		-36.991 		18.103
v -15.491 		-19.75 		4.31
v -15.491 		-19.75 		6.034
v -15.491 		-23.198 		6.034
v -15.491 		-23.198 		4.31
v 22.69 		28.793 		12.931
v 22.69 		28.793 		13.793
v -15.491 		-26.647 		4.31
v -15.491 		-26.647 		6.034
v 22.69 		25.345 		13.793
v 22.69 		25.345 		12.931
v -15.491 		-30.095 		6.034
v -15.491 		-30.095 		4.31
v -15.491 		-5.957 		57.724
v -15.491 		-5.957 		58.586
v 22.69 		28.793 		10.345
v -15.491 		-5.957 		56
v 22.69 		28.793 		11.207
v -15.491 		-5.957 		55.138
v -15.491 		-5.957 		50.828
v -15.491 		-5.957 		51.69
v -15.491 		-9.405 		57.724
v -15.491 		-9.405 		58.586
v 22.69 		25.345 		10.345
v -15.491 		-16.302 		57.724
v -15.491 		-12.853 		57.724
v -15.491 		-12.853 		58.586
v -15.491 		-16.302 		58.586
v 22.69 		25.345 		11.207
v -15.491 		-9.405 		56
v -15.491 		-9.405 		55.138
v -15.491 		-12.853 		56
v -15.491 		-16.302 		56
v -15.491 		-16.302 		55.138
v -15.491 		-12.853 		55.138
v -15.491 		-9.405 		50.828
v -15.491 		-9.405 		51.69
v -15.491 		-16.302 		50.828
v -15.491 		-12.853 		50.828
v 22.69 		21.897 		12.931
v -15.491 		-12.853 		51.69
v 22.69 		21.897 		13.793
v -15.491 		-16.302 		51.69
v -15.491 		-5.957 		49.103
v -15.491 		-5.957 		48.241
v -15.491 		-5.957 		42.207
v -15.491 		-5.957 		41.345
v -15.491 		-5.957 		43.931
v -15.491 		-5.957 		44.793
v 22.69 		18.448 		13.793
v 22.69 		18.448 		12.931
v -15.491 		-9.405 		49.103
v -15.491 		-9.405 		48.241
v -15.491 		-12.853 		49.103
v -15.491 		-16.302 		49.103
v -15.491 		-16.302 		48.241
v -15.491 		-12.853 		48.241
v -15.491 		-9.405 		42.207
v -15.491 		-9.405 		41.345
v -15.491 		-9.405 		43.931
v -15.491 		-9.405 		44.793
v 22.69 		21.897 		10.345
v 22.69 		21.897 		11.207
v -15.491 		-16.302 		43.931
v -15.491 		-12.853 		43.931
v -15.491 		-12.853 		44.793
v -15.491 		-16.302 		44.793
v -15.491 		-12.853 		42.207
v -15.491 		-16.302 		42.207
v -15.491 		-16.302 		41.345
v -15.491 		-12.853 		41.345
v -15.491 		-5.957 		37.034
v -15.491 		-5.957 		37.897
v -15.491 		-5.957 		35.31
v 22.69 		18.448 		10.345
v -15.491 		-5.957 		34.448
v 22.69 		18.448 		11.207
v -15.491 		-9.405 		37.034
v -15.491 		-9.405 		37.897
v -15.491 		-16.302 		37.034
v -15.491 		-12.853 		37.034
v -15.491 		-12.853 		37.897
v -15.491 		-16.302 		37.897
v -15.491 		-9.405 		35.31
v -15.491 		-9.405 		34.448
v -15.491 		-12.853 		35.31
v -15.491 		-16.302 		35.31
v -15.491 		-16.302 		34.448
v -15.491 		-12.853 		34.448
v 22.69 		28.793 		6.897
v -15.491 		-19.75 		57.724
v -15.491 		-19.75 		58.586
v -15.491 		-23.198 		57.724
v -15.491 		-23.198 		58.586
v -15.491 		-19.75 		56
v 22.69 		28.793 		4.31
v 22.69 		28.793 		6.034
v -15.491 		-19.75 		55.138
v -15.491 		-23.198 		56
v -15.491 		-23.198 		55.138
v -15.491 		-19.75 		50.828
v -15.491 		-19.75 		51.69
v -15.491 		-23.198 		50.828
v -15.491 		-23.198 		51.69
v -15.491 		-26.647 		57.724
v -15.491 		-26.647 		58.586
v -15.491 		-30.095 		57.724
v 22.69 		25.345 		6.897
v -15.491 		-30.095 		58.586
v -15.491 		-26.647 		56
v -15.491 		-26.647 		55.138
v -15.491 		-30.095 		56
v -15.491 		-30.095 		55.138
v 22.69 		25.345 		6.034
v 22.69 		25.345 		4.31
v -15.491 		-26.647 		50.828
v -15.491 		-26.647 		51.69
v -15.491 		-30.095 		50.828
v -15.491 		-30.095 		51.69
v -15.491 		-19.75 		49.103
v -15.491 		-19.75 		48.241
v -15.491 		-23.198 		49.103
v -15.491 		-23.198 		48.241
v -15.491 		-19.75 		42.207
v 22.69 		28.793 		3.448
v -15.491 		-19.75 		41.345
v -15.491 		-19.75 		43.931
v -15.491 		-19.75 		44.793
v -15.491 		-23.198 		42.207
v 22.69 		25.345 		3.448
v -15.491 		-23.198 		41.345
v -15.491 		-23.198 		43.931
v -15.491 		-23.198 		44.793
v -15.491 		-26.647 		49.103
v -15.491 		-26.647 		48.241
v 22.69 		21.897 		6.897
v -15.491 		-30.095 		49.103
v -15.491 		-30.095 		48.241
v -15.491 		-26.647 		42.207
v -15.491 		-26.647 		41.345
v 22.69 		21.897 		4.31
v 22.69 		21.897 		6.034
v -15.491 		-26.647 		43.931
v -15.491 		-26.647 		44.793
v -15.491 		-30.095 		42.207
v -15.491 		-30.095 		41.345
v -15.491 		-30.095 		43.931
v -15.491 		-30.095 		44.793
v -15.491 		-19.75 		37.034
v -15.491 		-19.75 		37.897
v -15.491 		-23.198 		37.034
v -15.491 		-23.198 		37.897
v 22.69 		18.448 		6.897
v -15.491 		-19.75 		35.31
v -15.491 		-19.75 		34.448
v -15.491 		-23.198 		35.31
v -15.491 		-23.198 		34.448
v -15.491 		-26.647 		37.034
v 22.69 		18.448 		6.034
v -15.491 		-26.647 		37.897
v 22.69 		18.448 		4.31
v -15.491 		-30.095 		37.034
v -15.491 		-30.095 		37.897
v -15.491 		-26.647 		35.31
v -15.491 		-26.647 		34.448
v -15.491 		-30.095 		35.31
v -15.491 		-30.095 		34.448
v -15.491 		-5.957 		25
v 22.69 		21.897 		3.448
v -15.491 		-5.957 		26.724
v -15.491 		-5.957 		27.586
v -15.491 		-5.957 		24.138
v 22.69 		18.448 		3.448
v -15.491 		-5.957 		20.69
v -15.491 		-5.957 		17.241
v -15.491 		-5.957 		18.103
v -15.491 		-5.957 		19.828
v 22.69 		15 		26.724
v 22.69 		15 		27.586
v -15.491 		-9.405 		25
v -15.491 		-9.405 		26.724
v -15.491 		-9.405 		27.586
v -15.491 		-16.302 		26.724
v -15.491 		-12.853 		26.724
v -15.491 		-12.853 		27.586
v -15.491 		-16.302 		27.586
v -15.491 		-12.853 		25
v -15.491 		-16.302 		25
v 22.69 		15 		25
v -15.491 		-9.405 		24.138
v -15.491 		-9.405 		20.69
v -15.491 		-16.302 		24.138
v -15.491 		-12.853 		24.138
v 22.69 		11.552 		27.586
v 22.69 		11.552 		26.724
v -15.491 		-12.853 		20.69
v -15.491 		-16.302 		20.69
v -15.491 		-9.405 		18.103
v -15.491 		-9.405 		17.241
v 22.69 		11.552 		25
v -15.491 		-16.302 		17.241
v -15.491 		-12.853 		17.241
v -15.491 		-5.957 		13.793
v -15.491 		-5.957 		10.345
v 22.69 		15 		24.138
v -15.491 		-9.405 		13.793
v -15.491 		-12.853 		13.793
v -15.491 		-16.302 		13.793
v 22.69 		15 		20.69
v -15.491 		-9.405 		10.345
v -15.491 		-16.302 		10.345
v -15.491 		-12.853 		10.345
v 22.69 		11.552 		24.138
v -15.491 		-5.957 		6.897
v -15.491 		-5.957 		3.448
v 22.69 		11.552 		20.69
v 8.647 		-33.543 		17.241
v 12.095 		-33.543 		17.241
v 12.095 		-37.853 		19.828
v 12.095 		-36.991 		19.828
v 8.647 		-37.853 		19.828
v 8.647 		-36.991 		19.828
v 12.095 		-38.716 		17.241
v 12.095 		-37.853 		17.241
v 12.095 		-37.853 		18.103
v 11.233 		-38.716 		17.241
v 12.095 		-36.991 		17.241
v 12.095 		-36.991 		18.103
v 8.647 		-38.716 		17.241
v 8.647 		-37.853 		17.241
v 8.647 		-37.853 		18.103
v 9.509 		-38.716 		17.241
v 8.647 		-36.991 		17.241
v 8.647 		-36.991 		18.103
v 8.192 		-40.44 		17.241
v 11.233 		-39.578 		17.241
v 9.509 		-39.578 		17.241
v 5.198 		-33.543 		27.586
v 4.096 		-40.44 		27.586
v 4.336 		-39.578 		27.586
v 5.198 		-38.716 		27.586
v 4.336 		-38.716 		27.586
v 5.198 		-37.853 		27.586
v 5.198 		-37.853 		26.724
v 5.198 		-36.991 		27.586
v 5.198 		-36.991 		26.724
v -15.491 		-9.405 		6.897
v 5.198 		-37.853 		25
v -15.491 		-12.853 		6.897
v -15.491 		-16.302 		6.897
v 24.414 		25.345 		55.138
v 5.198 		-36.991 		25
v -15.491 		-9.405 		3.448
v 1.75 		-33.543 		27.586
v -15.491 		-16.302 		3.448
v -15.491 		-12.853 		3.448
v 0 		-40.44 		27.586
v -15.491 		-19.75 		27.586
v 24.414 		28.793 		51.69
v 2.612 		-39.578 		27.586
v 24.414 		29.655 		51.69
v -15.491 		-23.198 		27.586
v 24.414 		31.379 		51.69
v 1.75 		-38.716 		27.586
v 1.75 		-37.853 		27.586
v 1.75 		-37.853 		26.724
v 24.414 		32.241 		51.69
v -15.491 		-19.75 		24.138
v 2.612 		-38.716 		27.586
v -15.491 		-19.75 		20.69
v -15.491 		-23.198 		24.138
v -15.491 		-23.198 		20.69
v 1.75 		-36.991 		26.724
v 1.75 		-36.991 		27.586
v 24.414 		25.345 		51.69
v -15.491 		-19.75 		17.241
v -15.491 		-23.198 		17.241
v -15.491 		-26.647 		27.586
v -15.491 		-30.095 		27.586
v -15.491 		-26.647 		24.138
v -15.491 		-26.647 		20.69
v -15.491 		-30.095 		24.138
v -15.491 		-30.095 		20.69
v -15.491 		-26.647 		17.241
v -15.491 		-30.095 		17.241
v -15.491 		-19.75 		13.793
v -15.491 		-23.198 		13.793
v -15.491 		-19.75 		10.345
v -15.491 		-23.198 		10.345
v -15.491 		-26.647 		13.793
v -15.491 		-30.095 		13.793
v -15.491 		-26.647 		10.345
v -15.491 		-30.095 		10.345
v -15.491 		-19.75 		6.897
v -15.491 		-23.198 		6.897
v -15.491 		-19.75 		3.448
v -15.491 		-23.198 		3.448
v -15.491 		-26.647 		6.897
v -15.491 		-30.095 		6.897
v -15.491 		-26.647 		3.448
v -15.491 		-30.095 		3.448
v -15.491 		-40.44 		62.034
v -15.491 		-41.302 		62.034
v -15.491 		-40.44 		0
v -15.491 		-41.302 		0
v -12.043 		-41.302 		62.034
v 26.138 		35.69 		62.034
v 26.138 		36.552 		62.034
v 18.379 		38.276 		6.897
v 16.655 		38.276 		6.897
v 19.241 		39.138 		6.897
v 26.138 		32.241 		62.034
v 26.138 		28.672 		58.586
v 26.138 		32.241 		58.586
v -15.241 		18.448 		56
v -11.793 		21.897 		51.69
v 19.241 		39.138 		3.448
v -15.241 		21.897 		51.69
v -15.241 		21.897 		50.828
v -11.793 		18.448 		51.69
v -15.241 		18.448 		50.828
v -15.241 		18.448 		51.69
v 16.655 		38.276 		3.448
v 18.379 		38.276 		3.448
v -15.241 		28.793 		48.241
v -11.793 		28.793 		48.241
v 19.241 		39.138 		0
v -15.241 		28.793 		49.103
v 19.241 		40 		0
v -11.793 		25.345 		48.241
v -15.241 		25.345 		48.241
v -15.241 		25.345 		49.103
v -15.241 		28.793 		41.345
v -11.793 		28.793 		41.345
v 8.192 		39.138 		13.793
v 11.483 		38.276 		13.793
v 9.759 		38.276 		13.793
v -11.793 		28.793 		44.793
v -15.241 		28.793 		44.793
v -15.241 		28.793 		43.931
v 12.345 		39.138 		10.345
v -15.241 		28.793 		42.207
v -11.793 		25.345 		41.345
v -15.241 		25.345 		41.345
v -11.793 		25.345 		44.793
v -15.241 		25.345 		44.793
v -15.241 		25.345 		42.207
v -15.241 		25.345 		43.931
v -15.241 		21.897 		48.241
v -11.793 		21.897 		48.241
v 11.483 		38.276 		10.345
v -15.241 		21.897 		49.103
v -11.793 		18.448 		48.241
v -15.241 		18.448 		48.241
v -15.241 		18.448 		49.103
v 9.759 		38.276 		10.345
v -11.793 		21.897 		44.793
v -15.241 		21.897 		44.793
v 4.586 		38.276 		13.793
v -15.241 		21.897 		41.345
v -11.793 		21.897 		41.345
v -15.241 		21.897 		43.931
v 0 		39.138 		13.793
v -15.241 		21.897 		42.207
v 2.862 		38.276 		13.793
v -11.793 		18.448 		44.793
v -15.241 		18.448 		44.793
v -11.793 		18.448 		41.345
v -15.241 		18.448 		41.345
v 4.586 		38.276 		10.345
v -15.241 		18.448 		42.207
v -15.241 		18.448 		43.931
v -11.793 		28.793 		37.897
v -15.241 		28.793 		37.897
v -15.241 		28.793 		37.034
v 2.862 		39.138 		10.345
v -11.793 		25.345 		37.897
v -15.241 		25.345 		37.034
v -15.241 		25.345 		37.897
v 2.862 		38.276 		10.345
v -15.241 		28.793 		34.448
v -11.793 		28.793 		34.448
v 12.288 		39.138 		6.897
v -15.241 		28.793 		35.31
v -11.793 		25.345 		34.448
v -15.241 		25.345 		34.448
v 8.192 		39.138 		6.897
v -15.241 		25.345 		35.31
v 11.483 		38.276 		6.897
v 9.759 		38.276 		6.897
v -11.793 		21.897 		37.897
v 12.288 		39.138 		3.448
v -15.241 		21.897 		37.897
v -15.241 		21.897 		37.034
v -11.793 		18.448 		37.897
v 9.759 		38.276 		3.448
v -15.241 		18.448 		37.897
v 11.483 		38.276 		3.448
v -15.241 		18.448 		37.034
v 4.586 		38.276 		6.897
v -15.241 		21.897 		34.448
v -11.793 		21.897 		34.448
v 0 		39.138 		6.897
v -15.241 		21.897 		35.31
v 2.862 		38.276 		6.897
v -11.793 		18.448 		34.448
v -15.241 		18.448 		34.448
v -15.241 		18.448 		35.31
v 4.586 		38.276 		3.448
v -11.793 		15 		58.586
v -15.241 		15 		58.586
v -15.241 		15 		57.724
v 0 		39.138 		3.448
v 2.862 		38.276 		3.448
v -11.793 		11.552 		58.586
v -15.241 		11.552 		57.724
v -15.241 		11.552 		58.586
v -2.31 		38.276 		27.586
v -4.034 		38.276 		27.586
v -8.192 		39.138 		27.586
v -11.793 		15 		55.138
v -15.241 		15 		56
v -15.241 		15 		55.138
v -4.034 		38.276 		24.138
v -2.31 		38.276 		24.138
v -11.793 		11.552 		55.138
v -15.241 		11.552 		55.138
v -15.241 		11.552 		56
v -4.096 		39.138 		20.69
v -11.793 		15 		51.69
v -15.241 		15 		51.69
v -15.241 		15 		50.828
v -2.31 		38.276 		20.69
v -4.034 		38.276 		20.69
v -8.192 		39.138 		24.138
v -11.793 		11.552 		51.69
v -15.241 		11.552 		50.828
v -15.241 		11.552 		51.69
v -11.793 		8.103 		58.586
v -15.241 		8.103 		58.586
v -15.241 		8.103 		57.724
v -4.034 		38.276 		17.241
v -11.793 		4.655 		58.586
v -2.31 		38.276 		17.241
v -15.241 		4.655 		57.724
v -15.241 		4.655 		58.586
v -8.192 		39.138 		17.241
v -11.793 		8.103 		55.138
v -15.241 		8.103 		56
v -15.241 		8.103 		55.138
v -11.793 		4.655 		55.138
v -15.241 		4.655 		55.138
v -15.241 		4.655 		56
v -11.793 		8.103 		51.69
v -15.241 		8.103 		51.69
v -15.241 		8.103 		50.828
v -9.207 		38.276 		27.586
v -11.793 		39.138 		27.586
v -11.793 		4.655 		51.69
v -15.241 		4.655 		50.828
v -15.241 		4.655 		51.69
v -10.931 		38.276 		27.586
v -11.793 		40 		26.624
v -15.241 		15 		48.241
v -11.793 		15 		48.241
v -15.241 		15 		49.103
v -11.793 		11.552 		48.241
v -15.241 		11.552 		48.241
v -15.241 		11.552 		49.103
v -9.207 		38.276 		24.138
v -15.241 		15 		41.345
v -11.793 		39.138 		24.138
v -11.793 		15 		41.345
v -10.931 		38.276 		24.138
v -11.793 		15 		44.793
v -15.241 		15 		44.793
v -15.241 		15 		43.931
v -15.241 		15 		42.207
v -11.793 		11.552 		41.345
v -15.241 		11.552 		41.345
v -11.793 		11.552 		44.793
v -15.241 		11.552 		42.207
v -9.207 		38.276 		20.69
v -15.241 		11.552 		43.931
v -15.241 		11.552 		44.793
v -11.793 		39.138 		20.69
v -15.241 		8.103 		48.241
v -10.931 		38.276 		20.69
v -15.241 		4.655 		48.241
v -11.793 		4.655 		48.241
v -11.793 		8.103 		48.241
v -15.241 		8.103 		49.103
v -15.241 		4.655 		49.103
v -11.793 		4.655 		41.345
v -11.793 		8.103 		41.345
v -11.793 		39.138 		17.241
v -11.793 		8.103 		44.793
v -10.931 		38.276 		17.241
v -9.207 		38.276 		17.241
v -11.793 		4.655 		44.793
v -15.241 		8.103 		44.793
v -15.241 		8.103 		43.931
v -4.096 		39.138 		13.793
v -2.31 		38.276 		13.793
v -4.034 		38.276 		13.793
v -15.241 		4.655 		43.931
v -15.241 		4.655 		44.793
v -15.241 		8.103 		41.345
v -15.241 		4.655 		41.345
v -15.241 		8.103 		42.207
v -2.31 		38.276 		10.345
v -15.241 		4.655 		42.207
v -11.793 		15 		37.897
v -15.241 		15 		37.897
v -4.034 		38.276 		10.345
v -15.241 		15 		37.034
v -11.793 		11.552 		37.897
v -15.241 		11.552 		37.897
v -8.192 		39.138 		10.345
v -15.241 		11.552 		37.034
v -15.241 		15 		34.448
v -11.793 		15 		34.448
v -15.241 		15 		35.31
v -9.207 		38.276 		13.793
v -11.793 		11.552 		34.448
v -15.241 		11.552 		34.448
v -15.241 		11.552 		35.31
v -10.931 		38.276 		13.793
v -11.793 		39.138 		13.793
v -11.793 		8.103 		37.897
v -11.793 		4.655 		37.897
v -15.241 		4.655 		37.897
v -15.241 		8.103 		37.897
v -15.241 		8.103 		37.034
v -11.793 		40 		12.288
v -15.241 		4.655 		37.034
v -15.241 		8.103 		34.448
v -15.241 		4.655 		34.448
v -11.793 		4.655 		34.448
v -11.793 		8.103 		34.448
v -9.207 		38.276 		10.345
v -15.241 		8.103 		35.31
v -15.241 		4.655 		35.31
v -11.793 		39.138 		10.345
v -11.793 		28.793 		27.586
v -15.241 		28.793 		27.586
v -15.241 		28.793 		26.724
v -15.241 		28.793 		25
v -11.793 		25.345 		27.586
v -15.241 		25.345 		25
v -15.241 		25.345 		26.724
v -15.241 		25.345 		27.586
v 22.69 		15 		19.828
v -11.793 		28.793 		24.138
v -15.241 		28.793 		24.138
v 1.75 		-37.853 		25
v 22.69 		15 		17.241
v 22.69 		15 		18.103
v 1.75 		-36.991 		25
v 22.69 		11.552 		19.828
v 22.69 		11.552 		17.241
v 5.198 		-33.543 		24.138
v 22.69 		11.552 		18.103
v 5.198 		-33.543 		20.69
v 4.336 		-39.578 		24.138
v 22.69 		8.103 		26.724
v 22.69 		8.103 		27.586
v 5.198 		-38.716 		24.138
v 4.336 		-38.716 		24.138
v 5.198 		-37.853 		24.138
v 22.69 		4.655 		27.586
v 22.69 		4.655 		26.724
v 5.198 		-36.991 		24.138
v 22.69 		4.655 		25
v 22.69 		8.103 		25
v 22.69 		4.655 		24.138
v 4.336 		-39.578 		20.69
v 5.198 		-37.853 		20.69
v 5.198 		-38.716 		20.69
v 22.69 		8.103 		24.138
v 4.336 		-38.716 		20.69
v 22.69 		4.655 		20.69
v 22.69 		8.103 		20.69
v 5.198 		-36.991 		20.69
v 22.69 		4.655 		19.828
v 22.69 		8.103 		19.828
v 1.75 		-33.543 		24.138
v 22.69 		8.103 		17.241
v 22.69 		8.103 		18.103
v 1.75 		-33.543 		20.69
v 2.612 		-39.578 		24.138
v 22.69 		4.655 		17.241
v 1.75 		-37.853 		24.138
v 1.75 		-38.716 		24.138
v 22.69 		4.655 		18.103
v 2.612 		-38.716 		24.138
v 1.75 		-36.991 		24.138
v 22.69 		15 		12.931
v 22.69 		15 		13.793
v 0 		-40.44 		24.138
v 22.69 		11.552 		13.793
v 22.69 		11.552 		12.931
v 2.612 		-39.578 		20.69
v 22.69 		15 		10.345
v 1.75 		-38.716 		20.69
v 1.75 		-37.853 		20.69
v 22.69 		15 		11.207
v 2.612 		-38.716 		20.69
v 22.69 		11.552 		10.345
v 1.75 		-36.991 		20.69
v 22.69 		11.552 		11.207
v 22.69 		8.103 		12.931
v 22.69 		8.103 		13.793
v 5.198 		-33.543 		17.241
v -16.353 		-26.647 		11.207
v 5.198 		-37.853 		19.828
v -16.353 		-30.095 		11.207
v 5.198 		-36.991 		19.828
v 5.198 		-38.716 		17.241
v 5.198 		-37.853 		17.241
v 5.198 		-37.853 		18.103
v 4.336 		-38.716 		17.241
v -12.043 		-41.302 		0
v -11.793 		-2.241 		0
v -12.043 		-2.241 		0
v 5.198 		-36.991 		18.103
v 5.198 		-36.991 		17.241
v -12.043 		-33.543 		0
v 18.991 		-40.44 		0
v 18.991 		-33.543 		0
v 24.414 		21.897 		58.586
v 24.414 		22.759 		58.586
v 24.414 		24.483 		58.586
v -12.043 		-40.44 		0
v 24.414 		18.448 		58.586
v 24.414 		17.586 		58.586
v -12.043 		-2.241 		62.034
v -11.793 		-2.241 		62.034
v -12.043 		-5.957 		58.586
v -12.043 		-5.957 		55.138
v 24.414 		21.897 		55.138
v 24.414 		22.759 		55.138
v 24.414 		24.483 		55.138
v -12.043 		-5.957 		51.69
v -12.043 		-9.405 		58.586
v -12.043 		-12.853 		58.586
v -12.043 		-16.302 		58.586
v 24.414 		18.448 		55.138
v 24.414 		17.586 		55.138
v 26.138 		32.241 		55.138
v 26.138 		32.241 		51.69
v 24.414 		21.897 		51.69
v 24.414 		22.759 		51.69
v 24.414 		24.483 		51.69
v 26.138 		20.48 		58.586
v 26.138 		20.48 		55.138
v 24.414 		18.448 		51.69
v 24.414 		17.586 		51.69
v 26.138 		20.48 		51.69
v 4.336 		-39.578 		17.241
v 1.75 		-33.543 		17.241
v 24.414 		31.379 		48.241
v 24.414 		32.241 		48.241
v 24.414 		28.793 		48.241
v 1.75 		-37.853 		19.828
v 24.414 		29.655 		48.241
v 24.414 		25.345 		48.241
v 1.75 		-36.991 		19.828
v 1.75 		-37.853 		17.241
v 1.75 		-38.716 		17.241
v 1.75 		-37.853 		18.103
v 2.612 		-38.716 		17.241
v 26.138 		32.241 		48.241
v 26.138 		32.241 		44.793
v 24.414 		29.655 		44.793
v 24.414 		31.379 		44.793
v 24.414 		32.241 		44.793
v 24.414 		28.793 		44.793
v 26.138 		32.241 		41.345
v 24.414 		31.379 		41.345
v 24.414 		32.241 		41.345
v 24.414 		29.655 		41.345
v 24.414 		28.793 		41.345
v 26.138 		20.48 		41.345
v 24.414 		25.345 		44.793
v 24.414 		25.345 		41.345
v 26.138 		22.759 		44.793
v 24.414 		21.897 		48.241
v 24.414 		22.759 		48.241
v 1.75 		-36.991 		17.241
v 1.75 		-36.991 		18.103
v 24.414 		24.483 		48.241
v 24.414 		18.448 		48.241
v 2.612 		-39.578 		17.241
v 24.414 		17.586 		48.241
v 0 		-40.44 		17.241
v 16.405 		-39.578 		13.793
v 16.405 		-38.716 		13.793
v 18.129 		-39.578 		13.793
v 18.129 		-38.716 		13.793
v 18.991 		-40.44 		13.793
v 18.991 		-38.716 		13.793
v 24.414 		21.897 		44.793
v 24.414 		22.759 		44.793
v 24.414 		24.483 		44.793
v 26.138 		32.241 		37.897
v 26.138 		28.672 		37.897
v 24.414 		21.897 		41.345
v 24.414 		22.759 		41.345
v 26.138 		32.241 		34.448
v 24.414 		24.483 		41.345
v 26.138 		24.576 		34.448
v 24.414 		18.448 		44.793
v 24.414 		17.586 		44.793
v -10.931 		38.276 		10.345
v 26.138 		12.288 		58.586
v 26.138 		12.288 		55.138
v -2.31 		38.276 		6.897
v -4.034 		38.276 		6.897
v -8.192 		39.138 		6.897
v 26.138 		12.288 		51.69
v -4.034 		38.276 		3.448
v -2.31 		38.276 		3.448
v 26.138 		8.192 		51.69
v -8.192 		39.138 		3.448
v -9.207 		38.276 		6.897
v 26.138 		1.207 		62.034
v 26.138 		1.207 		58.586
v 25.888 		1.207 		58.586
v 25.888 		1.802 		58.586
v -11.793 		39.138 		6.897
v -10.931 		38.276 		6.897
v 26.138 		1.207 		55.138
v 25.888 		1.802 		55.138
v 25.888 		1.207 		55.138
v -9.207 		38.276 		3.448
v 26.138 		1.207 		51.69
v 25.888 		1.207 		51.69
v 25.888 		1.802 		51.69
v 24.414 		18.448 		41.345
v 24.414 		17.586 		41.345
v 26.138 		12.288 		48.241
v 26.138 		12.288 		41.345
v 24.414 		28.793 		37.897
v 24.414 		29.655 		37.897
v 26.138 		8.192 		41.345
v 24.414 		32.241 		37.897
v 24.414 		31.379 		37.897
v 24.414 		25.345 		37.897
v 26.138 		8.966 		44.793
v 26.138 		4.096 		48.241
v 16.405 		-39.578 		10.345
v 16.405 		-38.716 		10.345
v 18.991 		-40.44 		10.345
v 18.991 		-38.716 		10.345
v 18.129 		-38.716 		10.345
v 18.129 		-39.578 		10.345
v 24.414 		28.793 		34.448
v 24.414 		29.655 		34.448
v 24.414 		31.379 		34.448
v 24.414 		32.241 		34.448
v 16.405 		-38.716 		6.897
v 18.991 		-38.716 		6.897
v 18.129 		-38.716 		6.897
v 24.414 		25.345 		34.448
v 16.405 		-39.578 		6.897
v 18.129 		-39.578 		6.897
v 18.991 		-40.44 		6.897
v 24.414 		21.897 		37.897
v 24.414 		22.759 		37.897
v 24.414 		24.483 		37.897
v 16.405 		-39.578 		3.448
v 18.129 		-39.578 		3.448
v 16.405 		-38.716 		3.448
v 24.414 		18.448 		37.897
v 24.414 		17.586 		37.897
v 18.129 		-38.716 		3.448
v 18.991 		-38.716 		3.448
v 18.991 		-40.44 		3.448
v 15.543 		-38.716 		13.793
v 24.414 		21.897 		34.448
v 24.414 		22.759 		34.448
v 15.543 		-37.853 		13.793
v 15.543 		-37.853 		12.931
v 24.414 		24.483 		34.448
v 15.543 		-33.543 		13.793
v 15.543 		-36.991 		12.931
v 15.543 		-36.991 		13.793
v 24.414 		18.448 		34.448
v 24.414 		17.586 		34.448
v 8.647 		-33.543 		13.793
v 12.095 		-33.543 		13.793
v 24.414 		15 		58.586
v 12.095 		-38.716 		13.793
v 11.233 		-38.716 		13.793
v 24.414 		15.862 		58.586
v 12.095 		-37.853 		13.793
v 12.095 		-37.853 		12.931
v 26.138 		1.207 		48.241
v 25.888 		1.207 		48.241
v 25.888 		1.802 		48.241
v 24.414 		8.966 		58.586
v 24.414 		11.552 		58.586
v 24.414 		10.69 		58.586
v 26.138 		1.207 		44.793
v 25.888 		1.207 		44.793
v 25.888 		1.802 		44.793
v 24.414 		15 		55.138
v 26.138 		1.207 		41.345
v 24.414 		15.862 		55.138
v 25.888 		1.802 		41.345
v 25.888 		1.207 		41.345
v 26.138 		12.288 		37.897
v 24.414 		8.966 		55.138
v 24.414 		11.552 		55.138
v 24.414 		10.69 		55.138
v 26.138 		8.192 		37.897
v 26.138 		12.288 		34.448
v 26.138 		1.207 		37.897
v 25.888 		1.207 		37.897
v 25.888 		1.802 		37.897
v 24.414 		15 		51.69
v 24.414 		15.862 		51.69
v 26.138 		1.207 		34.448
v 25.888 		1.802 		34.448
v 25.888 		1.207 		34.448
v 24.414 		11.552 		51.69
v 24.414 		8.966 		51.69
v 24.414 		10.69 		51.69
v 26.138 		32.241 		27.586
v 26.138 		24.576 		27.586
v 26.138 		32.241 		24.138
v 24.414 		8.103 		58.586
v 26.138 		32.241 		20.69
v 24.414 		4.655 		58.586
v 24.414 		3.793 		58.586
v 26.138 		32.241 		17.241
v 24.414 		4.655 		55.138
v 24.414 		8.103 		55.138
v 24.414 		3.793 		55.138
v 26.138 		20.48 		17.241
v 24.414 		4.655 		51.69
v 26.138 		32.241 		13.793
v 24.414 		8.103 		51.69
v 26.138 		32.241 		10.345
v 24.414 		3.793 		51.69
v 24.414 		15 		48.241
v 24.414 		15.862 		48.241
v -11.793 		28.793 		20.69
v -15.241 		28.793 		20.69
v -11.793 		25.345 		24.138
v -15.241 		25.345 		24.138
v -11.793 		39.138 		3.448
v -10.931 		38.276 		3.448
v -11.793 		25.345 		20.69
v -15.241 		25.345 		20.69
v -11.793 		39.138 		0
v -11.793 		40 		0
v -15.241 		28.793 		17.241
v -11.793 		28.793 		17.241
v 16.655 		38.276 		58.586
v 18.379 		38.276 		58.586
v -15.241 		28.793 		19.828
v -15.241 		28.793 		18.103
v 18.379 		38.276 		55.138
v 16.655 		38.276 		55.138
v -11.793 		25.345 		17.241
v -15.241 		25.345 		17.241
v 16.655 		38.276 		51.69
v 18.379 		38.276 		51.69
v -15.241 		25.345 		18.103
v -15.241 		25.345 		19.828
v 9.759 		38.276 		58.586
v 11.483 		38.276 		58.586
v -11.793 		21.897 		27.586
v 11.483 		38.276 		55.138
v -15.241 		21.897 		27.586
v 9.759 		38.276 		55.138
v -15.241 		21.897 		26.724
v -15.241 		21.897 		25
v 9.759 		38.276 		51.69
v 11.483 		38.276 		51.69
v -11.793 		18.448 		27.586
v 4.586 		38.276 		58.586
v -15.241 		18.448 		25
v -15.241 		18.448 		26.724
v -15.241 		18.448 		27.586
v 2.862 		38.276 		58.586
v 4.586 		38.276 		55.138
v -11.793 		21.897 		24.138
v -15.241 		21.897 		24.138
v 2.862 		38.276 		55.138
v 4.586 		38.276 		51.69
v -11.793 		21.897 		20.69
v -15.241 		21.897 		20.69
v 2.862 		38.276 		51.69
v 12.095 		-36.991 		13.793
v 12.095 		-36.991 		12.931
v 18.379 		38.276 		48.241
v 16.655 		38.276 		48.241
v 16.655 		38.276 		44.793
v 18.379 		38.276 		44.793
v 18.379 		38.276 		41.345
v 16.655 		38.276 		41.345
v 16.655 		38.276 		37.897
v 18.379 		38.276 		37.897
v 18.379 		38.276 		34.448
v 16.655 		38.276 		34.448
v 11.483 		38.276 		48.241
v 9.759 		38.276 		48.241
v 9.759 		38.276 		44.793
v 11.483 		38.276 		44.793
v 11.483 		38.276 		41.345
v 9.759 		38.276 		41.345
v 8.647 		-38.716 		13.793
v 8.647 		-37.853 		13.793
v 8.647 		-37.853 		12.931
v 4.586 		38.276 		48.241
v 9.509 		-38.716 		13.793
v 2.862 		38.276 		48.241
v 4.586 		38.276 		44.793
v 4.586 		38.276 		41.345
v 8.647 		-36.991 		12.931
v 8.647 		-36.991 		13.793
v 2.862 		38.276 		44.793
v 2.862 		38.276 		41.345
v 9.759 		38.276 		37.897
v 11.483 		38.276 		37.897
v 11.483 		38.276 		34.448
v 9.759 		38.276 		34.448
v 4.586 		38.276 		37.897
v -11.793 		18.448 		24.138
v -15.241 		18.448 		24.138
v 2.862 		38.276 		37.897
v 4.586 		38.276 		34.448
v -11.793 		18.448 		20.69
v -15.241 		18.448 		20.69
v 2.862 		38.276 		34.448
v -4.034 		38.276 		58.586
v -2.31 		38.276 		58.586
v -15.241 		21.897 		17.241
v -11.793 		21.897 		17.241
v -2.31 		38.276 		55.138
v -4.034 		38.276 		55.138
v -15.241 		21.897 		19.828
v -15.241 		21.897 		18.103
v -2.31 		38.276 		51.69
v -4.034 		38.276 		51.69
v -11.793 		18.448 		17.241
v -15.241 		18.448 		17.241
v -15.241 		18.448 		18.103
v -15.241 		18.448 		19.828
v -11.793 		28.793 		13.793
v -15.241 		28.793 		13.793
v -15.241 		28.793 		12.931
v -11.793 		25.345 		13.793
v -15.241 		25.345 		12.931
v -15.241 		25.345 		13.793
v -15.241 		28.793 		10.345
v -11.793 		28.793 		10.345
v -15.241 		28.793 		11.207
v -11.793 		25.345 		10.345
v -15.241 		25.345 		10.345
v -15.241 		25.345 		11.207
v -11.793 		21.897 		13.793
v -15.241 		21.897 		13.793
v -15.241 		21.897 		12.931
v -11.793 		18.448 		13.793
v -15.241 		18.448 		13.793
v -15.241 		18.448 		12.931
v -15.241 		21.897 		10.345
v -11.793 		21.897 		10.345
v -15.241 		21.897 		11.207
v -11.793 		18.448 		10.345
v -15.241 		18.448 		10.345
v -15.241 		18.448 		11.207
v -11.793 		28.793 		6.897
v -15.241 		28.793 		6.897
v -15.241 		28.793 		6.034
v -15.241 		28.793 		4.31
v -11.793 		25.345 		6.897
v -15.241 		25.345 		4.31
v -15.241 		25.345 		6.034
v -15.241 		25.345 		6.897
v -15.241 		28.793 		3.448
v -11.793 		28.793 		3.448
v -16.103 		38.276 		62.034
v -17.828 		38.276 		62.034
v -11.793 		25.345 		3.448
v -15.241 		25.345 		3.448
v -11.793 		21.897 		6.897
v -15.241 		21.897 		6.897
v -15.241 		21.897 		6.034
v -15.241 		21.897 		4.31
v -11.793 		18.448 		6.897
v -15.241 		18.448 		6.897
v -15.241 		18.448 		4.31
v -15.241 		18.448 		6.034
v -15.241 		21.897 		3.448
v -11.793 		21.897 		3.448
v -11.793 		18.448 		3.448
v -15.241 		18.448 		3.448
v -11.793 		15 		27.586
v -15.241 		15 		27.586
v -15.241 		15 		26.724
v -15.241 		15 		25
v -11.793 		11.552 		27.586
v -15.241 		11.552 		25
v -15.241 		11.552 		26.724
v -15.241 		11.552 		27.586
v -11.793 		15 		24.138
v -15.241 		15 		24.138
v -11.793 		15 		20.69
v -15.241 		15 		20.69
v -15.241 		11.552 		24.138
v -16.353 		-19.75 		6.034
v -16.353 		-19.75 		4.31
v -16.353 		-23.198 		4.31
v -16.353 		-23.198 		6.034
v -16.353 		-26.647 		6.034
v -16.353 		-26.647 		4.31
v -16.353 		-30.095 		4.31
v -16.353 		-30.095 		6.034
v -16.353 		-5.957 		57.724
v -16.353 		-5.957 		58.586
v -16.353 		-5.957 		56
v -16.353 		-5.957 		55.138
v -16.353 		-5.957 		50.828
v -16.353 		-5.957 		51.69
v -16.353 		-9.405 		57.724
v -16.353 		-9.405 		58.586
v -16.353 		-12.853 		57.724
v -16.353 		-16.302 		57.724
v -16.353 		-16.302 		58.586
v -16.353 		-12.853 		58.586
v -16.353 		-9.405 		56
v -16.353 		-9.405 		55.138
v -16.353 		-16.302 		56
v -16.353 		-12.853 		56
v -16.353 		-12.853 		55.138
v -16.353 		-16.302 		55.138
v -16.353 		-9.405 		50.828
v -16.353 		-9.405 		51.69
v -16.353 		-12.853 		50.828
v -16.353 		-16.302 		50.828
v -16.353 		-16.302 		51.69
v -16.353 		-12.853 		51.69
v -16.353 		-5.957 		49.103
v -16.353 		-5.957 		48.241
v -16.353 		-5.957 		42.207
v -16.353 		-5.957 		41.345
v -16.353 		-5.957 		43.931
v 9.509 		-39.578 		13.793
v 11.233 		-39.578 		13.793
v -15.241 		11.552 		20.69
v -15.241 		15 		17.241
v -15.241 		15 		19.828
v -15.241 		15 		18.103
v -17.828 		38.276 		0
v -16.103 		38.276 		0
v -15.241 		11.552 		17.241
v -19.552 		35.69 		62.034
v -15.241 		11.552 		18.103
v -15.241 		11.552 		19.828
v -19.552 		32.241 		62.034
v -15.241 		8.103 		27.586
v -15.241 		8.103 		26.724
v 22.69 		4.655 		13.793
v 22.69 		4.655 		12.931
v -15.241 		4.655 		26.724
v -15.241 		4.655 		27.586
v -15.241 		8.103 		25
v -15.241 		4.655 		25
v 22.69 		8.103 		10.345
v 22.69 		8.103 		11.207
v -15.241 		8.103 		24.138
v -15.241 		4.655 		24.138
v -15.241 		8.103 		20.69
v 22.69 		4.655 		10.345
v -15.241 		4.655 		20.69
v 22.69 		4.655 		11.207
v -12.043 		-9.405 		55.138
v -15.241 		8.103 		19.828
v -15.241 		4.655 		19.828
v -12.043 		-12.853 		55.138
v -15.241 		8.103 		17.241
v -15.241 		4.655 		17.241
v -12.043 		-16.302 		55.138
v -15.241 		8.103 		18.103
v -15.241 		4.655 		18.103
v -12.043 		-9.405 		51.69
v -15.241 		15 		13.793
v -15.241 		15 		12.931
v -15.241 		11.552 		12.931
v -12.043 		-12.853 		51.69
v -15.241 		11.552 		13.793
v -12.043 		-16.302 		51.69
v -15.241 		15 		10.345
v -15.241 		15 		11.207
v -15.241 		11.552 		10.345
v -15.241 		11.552 		11.207
v -15.241 		8.103 		13.793
v -12.043 		-5.957 		48.241
v -15.241 		8.103 		12.931
v -15.241 		4.655 		12.931
v -15.241 		4.655 		13.793
v -15.241 		8.103 		10.345
v -15.241 		4.655 		10.345
v -12.043 		-5.957 		41.345
v -12.043 		-5.957 		44.793
v -15.241 		8.103 		11.207
v -15.241 		4.655 		11.207
v -12.043 		-9.405 		48.241
v -15.241 		15 		6.897
v -15.241 		15 		6.034
v -15.241 		15 		4.31
v -12.043 		-12.853 		48.241
v -12.043 		-16.302 		48.241
v -15.241 		11.552 		6.897
v -15.241 		11.552 		4.31
v -15.241 		11.552 		6.034
v -15.241 		15 		3.448
v -12.043 		-9.405 		41.345
v -12.043 		-9.405 		44.793
v -15.241 		11.552 		3.448
v -12.043 		-16.302 		44.793
v -12.043 		-12.853 		44.793
v -12.043 		-12.853 		41.345
v -12.043 		-16.302 		41.345
v -15.241 		4.655 		6.897
v -15.241 		8.103 		6.897
v -12.043 		-5.957 		37.897
v -15.241 		8.103 		6.034
v -15.241 		8.103 		4.31
v -15.241 		4.655 		4.31
v -15.241 		4.655 		6.034
v -12.043 		-5.957 		34.448
v -15.241 		8.103 		3.448
v -15.241 		4.655 		3.448
v -12.043 		-9.405 		37.897
v 19.241 		28.793 		58.586
v -12.043 		-16.302 		37.897
v -12.043 		-12.853 		37.897
v 19.241 		32.241 		62.034
v 19.241 		25.345 		58.586
v -12.043 		-9.405 		34.448
v 19.241 		28.793 		55.138
v -12.043 		-12.853 		34.448
v -12.043 		-16.302 		34.448
v 19.241 		25.345 		55.138
v 19.241 		28.793 		51.69
v -12.043 		-19.75 		58.586
v 19.241 		25.345 		51.69
v -12.043 		-23.198 		58.586
v 19.241 		21.897 		58.586
v 19.241 		18.448 		58.586
v -12.043 		-19.75 		55.138
v 19.241 		21.897 		55.138
v -12.043 		-23.198 		55.138
v 19.241 		18.448 		55.138
v -12.043 		-19.75 		51.69
v 19.241 		21.897 		51.69
v -12.043 		-23.198 		51.69
v 19.241 		18.448 		51.69
v -12.043 		-26.647 		58.586
v 19.241 		28.793 		48.241
v -12.043 		-30.095 		58.586
v 19.241 		25.345 		48.241
v -12.043 		-26.647 		55.138
v 19.241 		28.793 		41.345
v -12.043 		-30.095 		55.138
v 19.241 		28.793 		44.793
v -12.043 		-26.647 		51.69
v 19.241 		25.345 		41.345
v 19.241 		25.345 		44.793
v -12.043 		-30.095 		51.69
v 19.241 		21.897 		48.241
v -12.043 		-19.75 		48.241
v 19.241 		18.448 		48.241
v -12.043 		-23.198 		48.241
v 19.241 		21.897 		41.345
v 19.241 		21.897 		44.793
v 22.69 		15 		6.897
v 19.241 		18.448 		41.345
v 19.241 		18.448 		44.793
v 22.69 		15 		4.31
v 22.69 		15 		6.034
v 19.241 		28.793 		37.897
v 19.241 		25.345 		37.897
v 19.241 		28.793 		34.448
v 22.69 		11.552 		6.897
v 19.241 		25.345 		34.448
v 22.69 		11.552 		6.034
v 22.69 		11.552 		4.31
v 19.241 		21.897 		37.897
v 11.233 		-40.44 		13.793
v 22.69 		15 		3.448
v 12.288 		-40.44 		10.345
v 15.543 		-38.716 		10.345
v 22.69 		11.552 		3.448
v 15.543 		-37.853 		10.345
v 15.543 		-37.853 		11.207
v 22.69 		8.103 		6.897
v 22.69 		4.655 		6.897
v 15.543 		-33.543 		10.345
v 15.543 		-36.991 		10.345
v 15.543 		-36.991 		11.207
v 22.69 		8.103 		4.31
v 22.69 		8.103 		6.034
v 8.647 		-33.543 		10.345
v 22.69 		4.655 		4.31
v 12.095 		-33.543 		10.345
v 22.69 		4.655 		6.034
v 12.095 		-38.716 		10.345
v 11.233 		-38.716 		10.345
v 12.095 		-37.853 		10.345
v 12.095 		-37.853 		11.207
v 22.69 		8.103 		3.448
v 12.095 		-36.991 		11.207
v 12.095 		-36.991 		10.345
v 22.69 		4.655 		3.448
v 15.793 		36.552 		57.724
v 12.345 		36.552 		57.724
v 12.345 		36.552 		58.586
v 15.793 		36.552 		58.586
v 8.897 		36.552 		57.724
v 8.897 		36.552 		58.586
v 12.345 		36.552 		56
v 15.793 		36.552 		56
v 15.793 		36.552 		55.138
v 12.345 		36.552 		55.138
v 8.897 		36.552 		56
v 8.897 		36.552 		55.138
v 15.793 		36.552 		50.828
v 12.345 		36.552 		50.828
v 12.345 		36.552 		51.69
v 15.793 		36.552 		51.69
v 8.647 		-37.853 		10.345
v 8.647 		-38.716 		10.345
v 8.647 		-37.853 		11.207
v 8.897 		36.552 		50.828
v 8.897 		36.552 		51.69
v 9.509 		-38.716 		10.345
v 5.448 		36.552 		57.724
v 5.448 		36.552 		58.586
v 2 		36.552 		57.724
v 8.647 		-36.991 		10.345
v 2 		36.552 		58.586
v 8.647 		-36.991 		11.207
v 5.448 		36.552 		56
v 5.448 		36.552 		55.138
v 2 		36.552 		56
v 2 		36.552 		55.138
v 5.448 		36.552 		50.828
v 5.448 		36.552 		51.69
v 2 		36.552 		50.828
v 2 		36.552 		51.69
v 12.345 		36.552 		49.103
v 15.793 		36.552 		49.103
v 15.793 		36.552 		48.241
v 12.345 		36.552 		48.241
v 8.897 		36.552 		49.103
v 8.897 		36.552 		48.241
v 8.192 		-40.44 		10.345
v 15.793 		36.552 		43.931
v 12.345 		36.552 		43.931
v 12.345 		36.552 		44.793
v 15.793 		36.552 		44.793
v 9.509 		-39.578 		10.345
v 12.345 		36.552 		42.207
v 15.793 		36.552 		42.207
v 15.793 		36.552 		41.345
v 12.345 		36.552 		41.345
v 8.897 		36.552 		42.207
v 8.897 		36.552 		41.345
v 8.897 		36.552 		43.931
v 8.897 		36.552 		44.793
v 5.448 		36.552 		49.103
v 5.448 		36.552 		48.241
v 11.233 		-39.578 		10.345
v 2 		36.552 		49.103
v 2 		36.552 		48.241
v 5.448 		36.552 		41.345
v 5.448 		36.552 		42.207
v 5.448 		36.552 		43.931
v 5.448 		36.552 		44.793
v 2 		36.552 		42.207
v 5.198 		-38.716 		13.793
v 2 		36.552 		41.345
v 5.198 		-37.853 		12.931
v 5.198 		-37.853 		13.793
v 2 		36.552 		43.931
v 4.336 		-38.716 		13.793
v 2 		36.552 		44.793
v 15.793 		36.552 		37.034
v 12.345 		36.552 		37.034
v 12.345 		36.552 		37.897
v 15.793 		36.552 		37.897
v 5.198 		-33.543 		13.793
v 5.198 		-36.991 		13.793
v 5.198 		-36.991 		12.931
v 8.897 		36.552 		37.897
v 8.897 		36.552 		37.034
v 12.345 		36.552 		35.31
v 15.793 		36.552 		35.31
v 15.793 		36.552 		34.448
v 12.345 		36.552 		34.448
v 8.897 		36.552 		35.31
v 8.897 		36.552 		34.448
v 4.336 		-39.578 		13.793
v 5.448 		36.552 		37.034
v 5.448 		36.552 		37.897
v 2 		36.552 		37.034
v 2 		36.552 		37.897
v 5.198 		-40.44 		13.793
v 5.448 		36.552 		35.31
v 5.448 		36.552 		34.448
v 2 		36.552 		35.31
v 2 		36.552 		34.448
v -1.448 		36.552 		57.724
v -1.448 		36.552 		58.586
v -4.897 		36.552 		57.724
v -4.897 		36.552 		58.586
v 1.75 		-33.543 		13.793
v -1.448 		36.552 		56
v -1.448 		36.552 		55.138
v -4.897 		36.552 		56
v -4.897 		36.552 		55.138
v 1.75 		-38.716 		13.793
v 1.75 		-37.853 		13.793
v 1.75 		-37.853 		12.931
v -1.448 		36.552 		50.828
v 2.612 		-38.716 		13.793
v -1.448 		36.552 		51.69
v -4.897 		36.552 		50.828
v 2.612 		-39.578 		13.793
v -4.897 		36.552 		51.69
v -8.345 		36.552 		57.724
v -8.345 		36.552 		58.586
v -8.345 		36.552 		56
v -8.345 		36.552 		55.138
v 1.75 		-36.991 		12.931
v 1.75 		-36.991 		13.793
v -8.345 		36.552 		50.828
v -8.345 		36.552 		51.69
v -1.448 		36.552 		49.103
v -1.448 		36.552 		48.241
v -4.897 		36.552 		49.103
v -4.897 		36.552 		48.241
v -1.448 		36.552 		42.207
v -1.448 		36.552 		41.345
v -1.448 		36.552 		43.931
v -1.448 		36.552 		44.793
v -4.897 		36.552 		42.207
v -4.897 		36.552 		41.345
v -4.897 		36.552 		43.931
v -4.897 		36.552 		44.793
v -8.345 		36.552 		49.103
v -8.345 		36.552 		48.241
v 5.198 		-33.543 		10.345
v -8.345 		36.552 		42.207
v -8.345 		36.552 		41.345
v -8.345 		36.552 		43.931
v -8.345 		36.552 		44.793
v 5.198 		-38.716 		10.345
v 5.198 		-37.853 		10.345
v 5.198 		-37.853 		11.207
v 4.336 		-38.716 		10.345
v -1.448 		36.552 		37.034
v -1.448 		36.552 		37.897
v -4.897 		36.552 		37.034
v -4.897 		36.552 		37.897
v 5.198 		-36.991 		11.207
v 5.198 		-36.991 		10.345
v -1.448 		36.552 		35.31
v -1.448 		36.552 		34.448
v -4.897 		36.552 		35.31
v -4.897 		36.552 		34.448
v -8.345 		36.552 		37.034
v -8.345 		36.552 		37.897
v -8.345 		36.552 		35.31
v -8.345 		36.552 		34.448
v -18.69 		36.552 		62.034
v -17.828 		36.552 		62.034
v 15.793 		36.552 		26.724
v 12.345 		36.552 		26.724
v 12.345 		36.552 		27.586
v 15.793 		36.552 		27.586
v 12.345 		36.552 		25
v 15.793 		36.552 		25
v 8.897 		36.552 		25
v 8.897 		36.552 		26.724
v 8.897 		36.552 		27.586
v 4.336 		-39.578 		10.345
v 15.793 		36.552 		24.138
v 12.345 		36.552 		24.138
v 12.345 		36.552 		20.69
v 15.793 		36.552 		20.69
v 8.897 		36.552 		24.138
v 8.897 		36.552 		20.69
v 1.75 		-33.543 		10.345
v 15.793 		36.552 		19.828
v 12.345 		36.552 		19.828
v 12.345 		36.552 		17.241
v 12.345 		36.552 		18.103
v 15.793 		36.552 		18.103
v 15.793 		36.552 		17.241
v 1.75 		-40.44 		10.345
v 8.897 		36.552 		18.103
v 1.75 		-38.716 		10.345
v 8.897 		36.552 		17.241
v 1.75 		-37.853 		11.207
v 1.75 		-37.853 		10.345
v 8.897 		36.552 		19.828
v 2.612 		-38.716 		10.345
v 5.448 		36.552 		25
v 2.612 		-39.578 		10.345
v 5.448 		36.552 		26.724
v 5.448 		36.552 		27.586
v 2 		36.552 		25
v 2 		36.552 		26.724
v 2 		36.552 		27.586
v 5.448 		36.552 		24.138
v 5.448 		36.552 		20.69
v 1.75 		-36.991 		10.345
v 2 		36.552 		24.138
v 1.75 		-36.991 		11.207
v 2 		36.552 		20.69
v 5.448 		36.552 		17.241
v 5.448 		36.552 		18.103
v 5.448 		36.552 		19.828
v 2 		36.552 		18.103
v 2 		36.552 		17.241
v 15.543 		-33.543 		6.897
v 2 		36.552 		19.828
v 15.543 		-38.716 		6.897
v 15.793 		36.552 		12.931
v 12.345 		36.552 		12.931
v 12.345 		36.552 		13.793
v 15.793 		36.552 		13.793
v 15.543 		-37.853 		6.897
v 8.897 		36.552 		12.931
v 8.897 		36.552 		13.793
v 12.345 		36.552 		11.207
v 15.793 		36.552 		11.207
v 15.793 		36.552 		10.345
v 12.345 		36.552 		10.345
v 15.543 		-36.991 		6.897
v 8.897 		36.552 		11.207
v 8.897 		36.552 		10.345
v 5.448 		36.552 		12.931
v 5.448 		36.552 		13.793
v 12.288 		-40.44 		6.897
v 2 		36.552 		12.931
v 2 		36.552 		13.793
v 5.448 		36.552 		11.207
v 5.448 		36.552 		10.345
v 2 		36.552 		11.207
v 2 		36.552 		10.345
v 12.345 		36.552 		6.897
v 15.793 		36.552 		6.897
v 15.543 		-37.853 		6.034
v 15.543 		-37.853 		4.31
v 15.793 		36.552 		4.31
v 15.793 		36.552 		6.034
v 15.543 		-36.991 		4.31
v 15.543 		-36.991 		6.034
v 12.345 		36.552 		4.31
v 12.345 		36.552 		6.034
v 8.897 		36.552 		4.31
v 8.897 		36.552 		6.897
v 8.897 		36.552 		6.034
v 15.793 		36.552 		3.448
v 12.345 		36.552 		3.448
v 8.647 		-33.543 		6.897
v 8.897 		36.552 		3.448
v 5.448 		36.552 		4.31
v 12.095 		-33.543 		6.897
v 5.448 		36.552 		6.034
v 5.448 		36.552 		6.897
v 2 		36.552 		4.31
v 12.095 		-38.716 		6.897
v 11.233 		-38.716 		6.897
v 12.095 		-37.853 		6.897
v 2 		36.552 		6.034
v 2 		36.552 		6.897
v 5.448 		36.552 		3.448
v 12.095 		-36.991 		6.897
v 2 		36.552 		3.448
v -1.448 		36.552 		25
v -1.448 		36.552 		26.724
v -1.448 		36.552 		27.586
v -4.897 		36.552 		25
v -4.897 		36.552 		26.724
v -4.897 		36.552 		27.586
v -16.353 		-5.957 		44.793
v -12.043 		-19.75 		41.345
v -16.353 		-9.405 		49.103
v -16.353 		-9.405 		48.241
v -12.043 		-19.75 		44.793
v -16.353 		-12.853 		48.241
v -16.353 		-16.302 		48.241
v -16.353 		-9.405 		41.345
v -12.043 		-23.198 		41.345
v -12.043 		-23.198 		44.793
v -16.353 		-9.405 		44.793
v -16.353 		-16.302 		44.793
v -16.353 		-12.853 		44.793
v -12.043 		-26.647 		48.241
v -16.353 		-12.853 		41.345
v -16.353 		-16.302 		41.345
v -16.353 		-5.957 		37.897
v -12.043 		-30.095 		48.241
v -16.353 		-5.957 		34.448
v -12.043 		-26.647 		41.345
v -16.353 		-9.405 		37.897
v -12.043 		-26.647 		44.793
v -16.353 		-12.853 		37.897
v -16.353 		-16.302 		37.897
v -12.043 		-30.095 		41.345
v -16.353 		-9.405 		34.448
v -12.043 		-30.095 		44.793
v -16.353 		-12.853 		34.448
v -16.353 		-16.302 		34.448
v -16.353 		-19.75 		58.586
v -12.043 		-19.75 		37.897
v -16.353 		-23.198 		58.586
v -12.043 		-23.198 		37.897
v -16.353 		-19.75 		55.138
v -16.353 		-23.198 		55.138
v -12.043 		-19.75 		34.448
v -16.353 		-19.75 		51.69
v -12.043 		-23.198 		34.448
v -16.353 		-23.198 		51.69
v -16.353 		-26.647 		58.586
v -12.043 		-26.647 		37.897
v -16.353 		-30.095 		58.586
v -12.043 		-30.095 		37.897
v -16.353 		-26.647 		55.138
v -16.353 		-30.095 		55.138
v -12.043 		-26.647 		34.448
v -16.353 		-26.647 		51.69
v -12.043 		-30.095 		34.448
v -16.353 		-30.095 		51.69
v -16.353 		-19.75 		48.241
v -16.353 		-23.198 		48.241
v -16.353 		-19.75 		41.345
v -12.043 		-33.543 		62.034
v -16.353 		-19.75 		44.793
v -16.353 		-23.198 		41.345
v -12.043 		-5.957 		27.586
v -16.353 		-23.198 		44.793
v -16.353 		-26.647 		48.241
v -12.043 		-5.957 		24.138
v -16.353 		-30.095 		48.241
v -12.043 		-5.957 		20.69
v -16.353 		-26.647 		41.345
v -16.353 		-26.647 		44.793
v -12.043 		-5.957 		17.241
v -16.353 		-30.095 		41.345
v -12.043 		-9.405 		27.586
v -16.353 		-30.095 		44.793
v -16.353 		-19.75 		37.897
v -16.353 		-23.198 		37.897
v -12.043 		-12.853 		27.586
v -16.353 		-19.75 		34.448
v -12.043 		-16.302 		27.586
v -16.353 		-23.198 		34.448
v -12.043 		-9.405 		24.138
v -16.353 		-26.647 		37.897
v -12.043 		-9.405 		20.69
v -16.353 		-30.095 		37.897
v -16.353 		-26.647 		34.448
v -12.043 		-12.853 		24.138
v -16.353 		-30.095 		34.448
v -12.043 		-16.302 		24.138
v -16.353 		-40.44 		62.034
v -16.353 		-39.578 		62.034
v -12.043 		-12.853 		20.69
v -12.043 		-16.302 		20.69
v -16.353 		-5.957 		27.586
v -12.043 		-9.405 		17.241
v -16.353 		-5.957 		24.138
v -16.353 		-5.957 		20.69
v -12.043 		-12.853 		17.241
v -12.043 		-16.302 		17.241
v -16.353 		-5.957 		17.241
v -16.353 		-9.405 		27.586
v -16.353 		-16.302 		27.586
v -16.353 		-12.853 		27.586
v -16.353 		-9.405 		24.138
v -16.353 		-9.405 		20.69
v -16.353 		-12.853 		24.138
v -16.353 		-16.302 		24.138
v -19.552 		32.241 		36.864
v -16.353 		-16.302 		20.69
v -16.353 		-12.853 		20.69
v -16.353 		-9.405 		17.241
v -19.552 		35.69 		0
v -16.353 		-12.853 		17.241
v -16.353 		-16.302 		17.241
v -16.353 		-5.957 		13.793
v -19.552 		32.241 		26.624
v -16.353 		-5.957 		10.345
v -16.353 		-9.405 		13.793
v -16.353 		-16.302 		13.793
v -16.353 		-12.853 		13.793
v -16.353 		-9.405 		10.345
v -16.353 		-12.853 		10.345
v -16.353 		-16.302 		10.345
v -16.353 		-5.957 		6.897
v -16.353 		-5.957 		3.448
v -16.353 		-9.405 		6.897
v -16.353 		-12.853 		6.897
v -19.552 		32.241 		4.096
v -16.353 		-16.302 		6.897
v -19.552 		32.241 		0
v -18.69 		35.69 		0
v -18.69 		36.552 		0
v -17.828 		36.552 		0
v -16.353 		-9.405 		3.448
v -18.69 		32.241 		0
v -16.353 		-12.853 		3.448
v -16.353 		-16.302 		3.448
v -16.353 		-19.75 		27.586
v -16.353 		-23.198 		27.586
v 24.414 		11.552 		48.241
v -16.353 		-19.75 		24.138
v 24.414 		8.966 		48.241
v -16.353 		-19.75 		20.69
v 24.414 		10.69 		48.241
v -16.353 		-23.198 		24.138
v -16.353 		-23.198 		20.69
v -16.353 		-19.75 		17.241
v -16.353 		-23.198 		17.241
v 26.138 		20.48 		10.345
v 24.414 		15 		44.793
v 24.414 		15.862 		44.793
v 24.414 		15 		41.345
v 26.138 		32.241 		6.897
v 24.414 		15.862 		41.345
v 26.138 		32.241 		3.448
v 26.138 		24.576 		3.448
v 26.138 		20.48 		6.897
v 24.414 		8.966 		44.793
v 24.414 		11.552 		44.793
v 24.414 		10.69 		44.793
v 26.138 		20.48 		3.448
v 24.414 		8.966 		41.345
v 26.138 		8.192 		27.586
v 24.414 		11.552 		41.345
v 26.138 		12.288 		20.69
v 24.414 		10.69 		41.345
v 26.138 		8.192 		24.138
v 26.138 		8.192 		20.69
v 24.414 		8.103 		48.241
v 26.138 		8.192 		17.241
v 24.414 		4.655 		48.241
v 26.138 		1.207 		27.586
v 25.888 		1.207 		27.586
v 25.888 		1.802 		27.586
v 24.414 		3.793 		48.241
v 26.138 		1.207 		24.138
v 25.888 		1.802 		24.138
v 25.888 		1.207 		24.138
v 24.414 		8.103 		44.793
v 26.138 		1.207 		20.69
v 25.888 		1.207 		20.69
v 25.888 		1.802 		20.69
v 24.414 		4.655 		44.793
v 26.138 		1.207 		17.241
v 25.888 		1.207 		17.241
v 24.414 		8.103 		41.345
v 25.888 		1.802 		17.241
v 26.138 		12.288 		13.793
v 24.414 		4.655 		41.345
v 26.138 		8.192 		13.793
v 26.138 		12.288 		10.345
v 26.138 		8.192 		10.345
v 24.414 		3.793 		44.793
v 24.414 		3.793 		41.345
v 26.138 		1.207 		13.793
v 25.888 		1.207 		13.793
v 25.888 		1.802 		13.793
v 24.414 		15 		37.897
v 24.414 		15.862 		37.897
v 26.138 		1.207 		10.345
v 25.888 		1.802 		10.345
v 25.888 		1.207 		10.345
v 24.414 		8.966 		37.897
v 24.414 		10.69 		37.897
v 26.138 		8.192 		6.897
v 24.414 		11.552 		37.897
v 26.138 		1.207 		6.897
v 25.888 		1.207 		6.897
v 25.888 		1.802 		6.897
v 24.414 		15 		34.448
v 24.414 		15.862 		34.448
v 26.138 		4.096 		3.448
v 26.138 		1.207 		3.448
v 25.888 		1.802 		3.448
v 25.888 		1.207 		3.448
v 24.414 		8.966 		34.448
v 24.414 		10.69 		34.448
v 24.414 		11.552 		34.448
v 24.414 		8.103 		37.897
v 24.414 		4.655 		37.897
v 25.276 		36.552 		62.034
v 25.276 		29.655 		58.586
v 25.276 		31.379 		58.586
v 24.414 		3.793 		37.897
v 25.276 		31.379 		55.138
v 25.276 		29.655 		55.138
v -12.043 		-5.957 		13.793
v 25.276 		29.655 		51.69
v 25.276 		31.379 		51.69
v -12.043 		-5.957 		10.345
v 25.276 		22.759 		58.586
v 25.276 		24.483 		58.586
v -12.043 		-9.405 		13.793
v 25.276 		17.586 		58.586
v -1.448 		36.552 		24.138
v -12.043 		-16.302 		13.793
v -12.043 		-12.853 		13.793
v -1.448 		36.552 		20.69
v -16.353 		-26.647 		27.586
v -4.897 		36.552 		24.138
v -12.043 		-9.405 		10.345
v -4.897 		36.552 		20.69
v -16.353 		-30.095 		27.586
v -12.043 		-12.853 		10.345
v -12.043 		-16.302 		10.345
v -1.448 		36.552 		18.103
v -1.448 		36.552 		17.241
v -16.353 		-26.647 		24.138
v -16.353 		-26.647 		20.69
v -16.353 		-30.095 		24.138
v -12.043 		-5.957 		6.897
v -16.353 		-30.095 		20.69
v -16.353 		-26.647 		17.241
v -12.043 		-5.957 		3.448
v -12.043 		-9.405 		6.897
v -16.353 		-30.095 		17.241
v -12.043 		-16.302 		6.897
v -12.043 		-12.853 		6.897
v -16.353 		-19.75 		13.793
v -16.353 		-23.198 		13.793
v -16.353 		-19.75 		10.345
v -12.043 		-9.405 		3.448
v -16.353 		-23.198 		10.345
v -12.043 		-12.853 		3.448
v -16.353 		-26.647 		13.793
v -12.043 		-16.302 		3.448
v -16.353 		-30.095 		13.793
v -12.043 		-19.75 		27.586
v -16.353 		-26.647 		10.345
v -16.353 		-30.095 		10.345
v -12.043 		-23.198 		27.586
v -12.043 		-19.75 		24.138
v -16.353 		-19.75 		6.897
v -12.043 		-19.75 		20.69
v -16.353 		-23.198 		6.897
v -16.353 		-19.75 		3.448
v -16.353 		-23.198 		3.448
v -16.353 		-26.647 		6.897
v -16.353 		-30.095 		6.897
v -16.353 		-26.647 		3.448
v -18.69 		35.69 		62.034
v -16.353 		-30.095 		3.448
v -17.828 		-3.103 		58.586
v -16.103 		28.793 		57.724
v -16.103 		28.793 		58.586
v -17.828 		-3.371 		58.586
v -18.078 		-3.371 		58.586
v -18.078 		-5.095 		58.586
v -18.69 		32.241 		62.034
v -17.828 		-3.103 		55.138
v -17.828 		-3.371 		55.138
v -18.078 		-3.371 		55.138
v -18.69 		32.241 		58.586
v -18.078 		-5.095 		55.138
v -17.828 		31.379 		58.586
v -17.828 		-3.103 		51.69
v -16.966 		31.379 		58.586
v -17.828 		-3.371 		51.69
v -16.966 		32.241 		58.586
v -18.078 		-3.371 		51.69
v -18.078 		-5.095 		51.69
v -18.69 		28.672 		58.586
v -17.828 		29.655 		58.586
v -18.078 		-10.267 		58.586
v -18.078 		-11.991 		58.586
v -16.966 		28.793 		58.586
v -16.966 		29.655 		58.586
v -16.966 		25.345 		58.586
v -16.103 		25.345 		58.586
v -16.103 		25.345 		57.724
v -18.078 		-10.267 		55.138
v -18.078 		-11.991 		55.138
v -16.103 		28.793 		55.138
v -16.103 		28.793 		56
v -18.078 		-10.267 		51.69
v -18.078 		-11.991 		51.69
v -18.69 		32.241 		55.138
v -17.828 		-3.103 		48.241
v -17.828 		31.379 		55.138
v -17.828 		-3.371 		48.241
v -18.078 		-3.371 		48.241
v -16.966 		32.241 		55.138
v -16.966 		31.379 		55.138
v 19.241 		18.448 		37.897
v -18.078 		-5.095 		48.241
v 19.241 		21.897 		34.448
v -17.828 		29.655 		55.138
v -17.828 		-3.103 		44.793
v -16.966 		29.655 		55.138
v -16.966 		28.793 		55.138
v -17.828 		-3.103 		41.345
v -17.828 		-3.371 		41.345
v -18.078 		-3.371 		41.345
v 19.241 		18.448 		34.448
v -17.828 		-3.371 		44.793
v -18.69 		28.672 		55.138
v -18.078 		-3.371 		44.793
v -18.078 		-5.095 		41.345
v -16.103 		25.345 		55.138
v -16.966 		25.345 		55.138
v -18.078 		-5.095 		44.793
v -12.043 		-23.198 		24.138
v -12.043 		-23.198 		20.69
v -16.103 		25.345 		56
v 19.241 		15 		58.586
v -18.078 		-10.267 		48.241
v -18.078 		-11.991 		48.241
v 19.241 		11.552 		58.586
v 19.241 		15 		55.138
v 25.276 		24.483 		55.138
v 25.276 		22.759 		55.138
v 25.276 		17.586 		55.138
v 19.241 		11.552 		55.138
v -16.103 		28.793 		50.828
v 25.276 		22.759 		51.69
v -16.103 		28.793 		51.69
v 25.276 		24.483 		51.69
v 25.276 		17.586 		51.69
v 25.276 		31.379 		48.241
v 25.276 		29.655 		48.241
v -12.043 		-19.75 		17.241
v -12.043 		-23.198 		17.241
v 25.276 		29.655 		44.793
v 25.276 		31.379 		44.793
v -12.043 		-26.647 		27.586
v -12.043 		-30.095 		27.586
v 25.276 		29.655 		41.345
v -12.043 		-26.647 		24.138
v 25.276 		31.379 		41.345
v -12.043 		-26.647 		20.69
v -12.043 		-30.095 		24.138
v -12.043 		-30.095 		20.69
v -12.043 		-26.647 		17.241
v -12.043 		-30.095 		17.241
v 25.276 		24.483 		48.241
v 25.276 		22.759 		48.241
v -12.043 		-19.75 		13.793
v 25.276 		17.586 		48.241
v -12.043 		-23.198 		13.793
v 25.276 		22.759 		41.345
v -12.043 		-19.75 		10.345
v 25.276 		24.483 		41.345
v -12.043 		-23.198 		10.345
v 25.276 		22.759 		44.793
v 25.276 		24.483 		44.793
v -12.043 		-26.647 		13.793
v -12.043 		-30.095 		13.793
v 25.276 		17.586 		41.345
v -12.043 		-26.647 		10.345
v -12.043 		-30.095 		10.345
v 25.276 		17.586 		44.793
v -12.043 		-19.75 		6.897
v -12.043 		-23.198 		6.897
v 25.276 		29.655 		37.897
v 25.276 		31.379 		37.897
v -12.043 		-19.75 		3.448
v 25.276 		31.379 		34.448
v 25.276 		29.655 		34.448
v -1.448 		36.552 		19.828
v -12.043 		-23.198 		3.448
v -4.897 		36.552 		18.103
v -4.897 		36.552 		17.241
v -4.897 		36.552 		19.828
v 25.276 		22.759 		37.897
v -12.043 		-26.647 		6.897
v 25.276 		24.483 		37.897
v -8.345 		36.552 		25
v 25.276 		17.586 		37.897
v -12.043 		-30.095 		6.897
v 25.276 		24.483 		34.448
v 25.276 		22.759 		34.448
v -8.345 		36.552 		26.724
v -8.345 		36.552 		27.586
v 25.276 		17.586 		34.448
v -12.043 		-26.647 		3.448
v -8.345 		36.552 		24.138
v 25.276 		15.862 		58.586
v -8.345 		36.552 		20.69
v 25.276 		8.966 		58.586
v 25.276 		10.69 		58.586
v -8.345 		36.552 		18.103
v -8.345 		36.552 		17.241
v -12.043 		-30.095 		3.448
v 25.276 		15.862 		55.138
v -8.345 		36.552 		19.828
v 25.276 		10.69 		55.138
v 25.276 		8.966 		55.138
v -1.448 		36.552 		12.931
v -1.448 		36.552 		13.793
v 25.276 		15.862 		51.69
v -4.897 		36.552 		12.931
v -4.897 		36.552 		13.793
v 8.647 		-38.716 		6.897
v 9.509 		-38.716 		6.897
v -1.448 		36.552 		11.207
v -1.448 		36.552 		10.345
v 8.647 		-37.853 		6.897
v -4.897 		36.552 		11.207
v -4.897 		36.552 		10.345
v -8.345 		36.552 		12.931
v -8.345 		36.552 		13.793
v 8.647 		-36.991 		6.897
v -8.345 		36.552 		11.207
v -8.345 		36.552 		10.345
v -1.448 		36.552 		4.31
v -1.448 		36.552 		6.034
v -1.448 		36.552 		6.897
v -4.897 		36.552 		4.31
v -4.897 		36.552 		6.034
v -4.897 		36.552 		6.897
v 9.509 		-39.578 		6.897
v 11.233 		-39.578 		6.897
v -1.448 		36.552 		3.448
v -4.897 		36.552 		3.448
v -8.345 		36.552 		4.31
v 8.192 		-40.44 		6.897
v -8.345 		36.552 		6.034
v -8.345 		36.552 		6.897
v 25.276 		8.966 		51.69
v 25.276 		10.69 		51.69
v 19.241 		15 		51.69
v -8.345 		36.552 		3.448
v 25.276 		2.069 		58.586
v 18.379 		37.414 		58.586
v 25.276 		3.793 		58.586
v 19.241 		37.414 		58.586
v 19.241 		11.552 		51.69
v 16.655 		37.414 		58.586
v 19.241 		4.655 		58.586
v 19.241 		8.103 		58.586
v -18.69 		32.241 		51.69
v 19.241 		4.655 		55.138
v -17.828 		31.379 		51.69
v 19.241 		8.103 		55.138
v 19.241 		37.414 		55.138
v 18.379 		37.414 		55.138
v 12.095 		-37.853 		4.31
v 12.095 		-37.853 		6.034
v -16.966 		31.379 		51.69
v 19.241 		4.655 		51.69
v 16.655 		37.414 		55.138
v -16.966 		32.241 		51.69
v 19.241 		8.103 		51.69
v 12.095 		-36.991 		6.034
v 12.095 		-36.991 		4.31
v 19.241 		15 		48.241
v 19.241 		11.552 		48.241
v 18.379 		37.414 		51.69
v -17.828 		29.655 		51.69
v 16.655 		37.414 		51.69
v -16.966 		28.793 		51.69
v 19.241 		15 		44.793
v 19.241 		37.414 		51.69
v -16.966 		29.655 		51.69
v 19.241 		15 		41.345
v 19.241 		11.552 		44.793
v 19.241 		11.552 		41.345
v 15.793 		37.414 		58.586
v 8.647 		-37.853 		6.034
v 8.647 		-37.853 		4.31
v 19.241 		4.655 		48.241
v 19.241 		8.103 		48.241
v 12.345 		37.414 		58.586
v 19.241 		4.655 		41.345
v 8.647 		-36.991 		4.31
v 19.241 		8.103 		41.345
v 8.647 		-36.991 		6.034
v 19.241 		8.103 		44.793
v 19.241 		4.655 		44.793
v 19.241 		15 		37.897
v 11.483 		37.414 		58.586
v -16.966 		25.345 		51.69
v 8.897 		37.414 		58.586
v -16.103 		25.345 		51.69
v 9.759 		37.414 		58.586
v -16.103 		25.345 		50.828
v 19.241 		11.552 		37.897
v 19.241 		15 		34.448
v 19.241 		11.552 		34.448
v 15.543 		-38.716 		3.448
v 15.543 		-37.853 		3.448
v -18.69 		24.576 		51.69
v 19.241 		8.103 		37.897
v 15.793 		37.414 		55.138
v 15.543 		-33.543 		3.448
v 15.543 		-36.991 		3.448
v 19.241 		4.655 		37.897
v -16.103 		21.897 		57.724
v -16.103 		21.897 		58.586
v 12.345 		37.414 		55.138
v 19.241 		8.103 		34.448
v 12.288 		-40.44 		3.448
v 19.241 		4.655 		34.448
v 8.647 		-33.543 		3.448
v 19.241 		28.793 		27.586
v -17.828 		24.483 		58.586
v -17.828 		22.759 		58.586
v 12.095 		-33.543 		3.448
v -16.966 		24.483 		58.586
v 19.241 		25.345 		27.586
v 11.483 		37.414 		55.138
v 12.095 		-38.716 		3.448
v 11.233 		-38.716 		3.448
v -16.966 		21.897 		58.586
v -16.966 		22.759 		58.586
v 19.241 		28.793 		24.138
v 9.759 		37.414 		55.138
v 8.897 		37.414 		55.138
v 12.095 		-37.853 		3.448
v 19.241 		28.793 		20.69
v 12.095 		-36.991 		3.448
v 19.241 		25.345 		24.138
v 19.241 		25.345 		20.69
v -16.103 		18.448 		58.586
v -16.103 		18.448 		57.724
v 19.241 		28.793 		17.241
v 19.241 		25.345 		17.241
v 15.793 		37.414 		51.69
v 8.647 		-38.716 		3.448
v 9.509 		-38.716 		3.448
v 8.647 		-37.853 		3.448
v 12.345 		37.414 		51.69
v 19.241 		21.897 		27.586
v -17.828 		17.586 		58.586
v 8.647 		-36.991 		3.448
v 19.241 		18.448 		27.586
v -16.966 		18.448 		58.586
v -16.966 		17.586 		58.586
v 19.241 		21.897 		24.138
v 19.241 		21.897 		20.69
v 19.241 		18.448 		24.138
v 8.897 		37.414 		51.69
v -16.103 		21.897 		55.138
v -16.103 		21.897 		56
v 9.509 		-39.578 		3.448
v 19.241 		18.448 		20.69
v 11.233 		-39.578 		3.448
v 11.483 		37.414 		51.69
v 9.759 		37.414 		51.69
v 19.241 		21.897 		17.241
v 19.241 		18.448 		17.241
v -17.828 		24.483 		55.138
v -17.828 		22.759 		55.138
v -16.966 		24.483 		55.138
v 19.241 		28.793 		13.793
v -16.966 		22.759 		55.138
v -16.966 		21.897 		55.138
v 19.241 		25.345 		13.793
v 5.198 		-33.543 		6.897
v 19.241 		28.793 		10.345
v 5.448 		37.414 		58.586
v 4.336 		-39.578 		6.897
v 4.586 		37.414 		58.586
v 5.198 		-38.716 		6.897
v 4.336 		-38.716 		6.897
v 19.241 		25.345 		10.345
v 5.198 		-37.853 		6.897
v 19.241 		21.897 		13.793
v 5.198 		-36.991 		6.897
v 19.241 		18.448 		13.793
v 2 		37.414 		58.586
v 2.862 		37.414 		58.586
v 25.276 		3.793 		55.138
v 25.276 		2.069 		55.138
v 25.276 		2.069 		51.69
v 25.276 		3.793 		51.69
v 25.276 		15.862 		48.241
v 25.276 		10.69 		48.241
v 25.276 		8.966 		48.241
v 25.276 		15.862 		41.345
v 5.448 		37.414 		55.138
v 4.586 		37.414 		55.138
v 25.276 		15.862 		44.793
v 25.276 		8.966 		41.345
v 25.276 		10.69 		41.345
v 2.862 		37.414 		55.138
v 2 		37.414 		55.138
v 25.276 		8.966 		44.793
v 25.276 		10.69 		44.793
v 25.276 		3.793 		48.241
v 25.276 		2.069 		48.241
v 5.448 		37.414 		51.69
v 4.586 		37.414 		51.69
v 25.276 		2.069 		44.793
v 25.276 		3.793 		44.793
v 25.276 		2.069 		41.345
v 25.276 		3.793 		41.345
v 2 		37.414 		51.69
v 25.276 		15.862 		37.897
v 2.862 		37.414 		51.69
v 25.276 		8.966 		37.897
v 25.276 		10.69 		37.897
v 25.276 		15.862 		34.448
v 25.276 		10.69 		34.448
v 25.276 		8.966 		34.448
v 25.276 		2.069 		37.897
v 25.276 		3.793 		37.897
v 18.379 		37.414 		48.241
v 16.655 		37.414 		48.241
v 25.276 		3.793 		34.448
v 25.276 		2.069 		34.448
v 19.241 		37.414 		48.241
v 18.379 		37.414 		44.793
v 19.241 		37.414 		44.793
v 16.655 		37.414 		44.793
v 25.276 		29.655 		27.586
v 25.276 		31.379 		27.586
v 19.241 		37.414 		41.345
v 18.379 		37.414 		41.345
v 25.276 		31.379 		24.138
v 25.276 		29.655 		24.138
v 16.655 		37.414 		41.345
v 25.276 		29.655 		20.69
v 25.276 		31.379 		20.69
v 18.379 		37.414 		37.897
v 25.276 		31.379 		17.241
v 16.655 		37.414 		37.897
v 25.276 		29.655 		17.241
v 19.241 		37.414 		37.897
v 25.276 		22.759 		27.586
v 25.276 		24.483 		27.586
v -18.078 		-10.267 		44.793
v -18.078 		-11.991 		44.793
v 19.241 		37.414 		34.448
v 18.379 		37.414 		34.448
v 16.655 		37.414 		34.448
v -18.078 		-10.267 		41.345
v 15.793 		37.414 		48.241
v -18.078 		-11.991 		41.345
v 12.345 		37.414 		48.241
v -17.828 		-3.103 		37.897
v -17.828 		-3.371 		37.897
v -18.078 		-3.371 		37.897
v 8.897 		37.414 		48.241
v -18.078 		-5.095 		37.897
v 11.483 		37.414 		48.241
v 9.759 		37.414 		48.241
v -17.828 		-3.103 		34.448
v -17.828 		-3.371 		34.448
v -18.078 		-3.371 		34.448
v -18.078 		-5.095 		34.448
v -18.078 		-10.267 		37.897
v -18.078 		-11.991 		37.897
v 15.793 		37.414 		44.793
v 12.345 		37.414 		44.793
v 25.276 		17.586 		27.586
v 25.276 		24.483 		24.138
v 25.276 		22.759 		24.138
v 15.793 		37.414 		41.345
v 25.276 		22.759 		20.69
v 25.276 		24.483 		20.69
v 12.345 		37.414 		41.345
v 25.276 		17.586 		24.138
v 25.276 		17.586 		20.69
v 25.276 		24.483 		17.241
v 25.276 		22.759 		17.241
v -18.078 		-10.267 		34.448
v -18.078 		-11.991 		34.448
v -18.078 		-17.164 		58.586
v -18.078 		-18.888 		58.586
v 11.483 		37.414 		44.793
v -18.078 		-24.06 		58.586
v 8.897 		37.414 		44.793
v 9.759 		37.414 		44.793
v -18.078 		-17.164 		55.138
v -18.078 		-18.888 		55.138
v 11.483 		37.414 		41.345
v -18.078 		-24.06 		55.138
v 8.897 		37.414 		41.345
v -18.078 		-17.164 		51.69
v 9.759 		37.414 		41.345
v -18.078 		-18.888 		51.69
v -18.078 		-24.06 		51.69
v 5.448 		37.414 		48.241
v -18.078 		-25.784 		58.586
v 4.586 		37.414 		48.241
v -18.078 		-30.957 		58.586
v -18.078 		-32.681 		58.586
v 2 		37.414 		48.241
v 2.862 		37.414 		48.241
v -18.078 		-25.784 		55.138
v -18.078 		-30.957 		55.138
v -18.078 		-32.681 		55.138
v 5.448 		37.414 		41.345
v 5.448 		37.414 		44.793
v 4.586 		37.414 		41.345
v 4.586 		37.414 		44.793
v -18.078 		-25.784 		51.69
v -18.078 		-30.957 		51.69
v -18.078 		-32.681 		51.69
v -18.078 		-17.164 		48.241
v -18.078 		-18.888 		48.241
v 19.241 		21.897 		10.345
v -18.078 		-24.06 		48.241
v 19.241 		18.448 		10.345
v -18.078 		-17.164 		44.793
v -18.078 		-18.888 		44.793
v 19.241 		28.793 		6.897
v 19.241 		25.345 		6.897
v -18.078 		-17.164 		41.345
v 19.241 		28.793 		3.448
v -18.078 		-18.888 		41.345
v 24.414 		8.103 		34.448
v 24.414 		4.655 		34.448
v 19.241 		32.241 		0
v 19.241 		25.345 		3.448
v -18.078 		-24.06 		41.345
v 19.241 		21.897 		6.897
v -18.078 		-24.06 		44.793
v 19.241 		18.448 		6.897
v -18.078 		-25.784 		48.241
v 19.241 		21.897 		3.448
v -18.078 		-30.957 		48.241
v 24.414 		3.793 		34.448
v 19.241 		18.448 		3.448
v -18.078 		-32.681 		48.241
v 25.026 		-37.853 		0
v 19.241 		15 		27.586
v 19.241 		11.552 		27.586
v 19.241 		15 		24.138
v 19.241 		15 		20.69
v 19.241 		11.552 		24.138
v 19.241 		11.552 		20.69
v 19.241 		15 		17.241
v 19.241 		11.552 		17.241
v 19.241 		4.655 		27.586
v 19.241 		8.103 		27.586
v 19.241 		4.655 		24.138
v 19.241 		8.103 		24.138
v 19.241 		4.655 		20.69
v 5.198 		-37.853 		4.31
v 5.198 		-37.853 		6.034
v 19.241 		8.103 		20.69
v 19.241 		4.655 		17.241
v 19.241 		8.103 		17.241
v 5.198 		-36.991 		6.034
v 5.198 		-36.991 		4.31
v 19.241 		15 		13.793
v 19.241 		11.552 		13.793
v 19.241 		15 		10.345
v 19.241 		11.552 		10.345
v 1.75 		-33.543 		6.897
v 19.241 		8.103 		13.793
v 19.241 		4.655 		13.793
v 2.612 		-39.578 		6.897
v 1.75 		-38.716 		6.897
v 2.612 		-38.716 		6.897
v 19.241 		4.655 		10.345
v 19.241 		8.103 		10.345
v 1.75 		-36.991 		6.897
v 19.241 		15 		6.897
v 1.75 		-37.853 		6.897
v 19.241 		11.552 		6.897
v 0 		-40.44 		6.897
v 19.241 		15 		3.448
v 19.241 		11.552 		3.448
v 19.241 		8.103 		6.897
v 19.241 		4.655 		6.897
v 1.75 		-37.853 		6.034
v 19.241 		8.103 		3.448
v 1.75 		-37.853 		4.31
v 19.241 		4.655 		3.448
v 1.75 		-36.991 		4.31
v 1.75 		-36.991 		6.034
v 4.336 		-39.578 		3.448
v 5.198 		-38.716 		3.448
v 4.336 		-38.716 		3.448
v 5.198 		-37.853 		3.448
v 5.198 		-33.543 		3.448
v 5.198 		-36.991 		3.448
v 4.096 		-40.44 		3.448
v 2.612 		-39.578 		3.448
v 1.75 		-38.716 		3.448
v 2.612 		-38.716 		3.448
v 1.75 		-37.853 		3.448
v 1.75 		-33.543 		3.448
v 1.75 		-36.991 		3.448
v 0 		-40.44 		3.448
v -1.698 		-33.543 		27.586
v -1.698 		-38.716 		27.586
v -2.56 		-38.716 		27.586
v -1.698 		-37.853 		27.586
v -1.698 		-37.853 		26.724
v -1.698 		-36.991 		27.586
v -1.698 		-36.991 		26.724
v -18.69 		20.48 		55.138
v -2.56 		-39.578 		27.586
v -16.103 		18.448 		55.138
v -16.103 		18.448 		56
v -1.698 		-37.853 		25
v -17.828 		17.586 		55.138
v -16.966 		18.448 		55.138
v -16.966 		17.586 		55.138
v -1.698 		-36.991 		25
v -5.147 		-33.543 		27.586
v -16.103 		21.897 		50.828
v -16.103 		21.897 		51.69
v 25.026 		-39.578 		0
v 23.302 		-39.578 		0
v -17.828 		24.483 		51.69
v -17.828 		22.759 		51.69
v 23.552 		39.138 		0
v 23.552 		38.276 		0
v -16.966 		21.897 		51.69
v -16.966 		24.483 		51.69
v -16.966 		22.759 		51.69
v -18.69 		20.48 		51.69
v -16.103 		18.448 		51.69
v -16.103 		18.448 		50.828
v 25.276 		17.586 		17.241
v 25.276 		29.655 		13.793
v 25.276 		31.379 		13.793
v 25.276 		29.655 		10.345
v -17.828 		17.586 		51.69
v 25.276 		31.379 		10.345
v -16.966 		18.448 		51.69
v -16.966 		17.586 		51.69
v 25.276 		22.759 		13.793
v 25.276 		24.483 		13.793
v 25.276 		17.586 		13.793
v 25.276 		22.759 		10.345
v -16.103 		28.793 		48.241
v 25.276 		24.483 		10.345
v -16.103 		28.793 		49.103
v 25.276 		17.586 		10.345
v 25.276 		29.655 		6.897
v 25.276 		31.379 		6.897
v 25.276 		31.379 		3.448
v 25.276 		29.655 		3.448
v 25.276 		22.759 		6.897
v 25.276 		24.483 		6.897
v 25.276 		17.586 		6.897
v 25.276 		24.483 		3.448
v 25.276 		22.759 		3.448
v 25.276 		17.586 		3.448
v 25.276 		15.862 		27.586
v 25.276 		8.966 		27.586
v 25.276 		10.69 		27.586
v 25.276 		15.862 		24.138
v 25.276 		15.862 		20.69
v 25.276 		10.69 		24.138
v 25.276 		8.966 		24.138
v 25.276 		8.966 		20.69
v 25.276 		10.69 		20.69
v 25.276 		15.862 		17.241
v 25.276 		10.69 		17.241
v 25.276 		8.966 		17.241
v 25.276 		2.069 		27.586
v 25.276 		3.793 		27.586
v 25.276 		3.793 		24.138
v 25.276 		2.069 		24.138
v 25.276 		2.069 		20.69
v 25.276 		3.793 		20.69
v 25.276 		3.793 		17.241
v 25.276 		2.069 		17.241
v 25.276 		15.862 		13.793
v 25.276 		8.966 		13.793
v 25.276 		10.69 		13.793
v 25.276 		15.862 		10.345
v 25.276 		8.966 		10.345
v 25.276 		10.69 		10.345
v 25.276 		2.069 		13.793
v 25.276 		3.793 		13.793
v 25.276 		2.069 		10.345
v 25.276 		3.793 		10.345
v 25.276 		15.862 		6.897
v 25.276 		8.966 		6.897
v 25.276 		10.69 		6.897
v 25.276 		15.862 		3.448
v 25.276 		10.69 		3.448
v 25.276 		8.966 		3.448
v 25.276 		2.069 		6.897
v 25.276 		3.793 		6.897
v 25.276 		3.793 		3.448
v 25.276 		2.069 		3.448
v 25.888 		-3.103 		62.034
v 25.888 		-3.103 		58.586
v 26.138 		-3.103 		57.344
v 26.138 		-3.103 		62.034
v 26.138 		-2.509 		62.034
v 25.276 		-3.103 		58.586
v 25.888 		-8.192 		58.586
v 25.276 		-4.828 		58.586
v 25.888 		-3.103 		55.138
v 25.276 		-3.103 		55.138
v 25.888 		-8.192 		55.138
v 2 		37.414 		44.793
v 25.276 		-4.828 		55.138
v 2.862 		37.414 		44.793
v 25.888 		-3.103 		51.69
v 26.138 		-3.103 		49.152
v 25.276 		-3.103 		51.69
v 2 		37.414 		41.345
v 2.862 		37.414 		41.345
v 25.888 		-8.192 		51.69
v 25.276 		-4.828 		51.69
v 25.888 		-12.288 		58.586
v 12.345 		37.414 		37.897
v 15.793 		37.414 		37.897
v 25.888 		-3.103 		48.241
v 25.276 		-3.103 		48.241
v 11.483 		37.414 		37.897
v 25.888 		-8.192 		48.241
v 9.759 		37.414 		37.897
v 25.276 		-4.828 		48.241
v 25.888 		-3.103 		44.793
v 25.888 		-3.103 		41.345
v 8.897 		37.414 		37.897
v 25.276 		-3.103 		41.345
v 25.276 		-3.103 		44.793
v 12.345 		37.414 		34.448
v 15.793 		37.414 		34.448
v 25.888 		-8.192 		41.345
v 25.276 		-4.828 		41.345
v 25.888 		-8.192 		44.793
v 25.276 		-4.828 		44.793
v 11.483 		37.414 		34.448
v 9.759 		37.414 		34.448
v 8.897 		37.414 		34.448
v -17.828 		31.379 		48.241
v -17.828 		29.655 		48.241
v -16.966 		28.793 		48.241
v -16.966 		31.379 		48.241
v -16.966 		29.655 		48.241
v -16.966 		32.241 		48.241
v -18.69 		32.241 		48.241
v 25.888 		-16.384 		44.793
v 25.888 		-3.103 		37.897
v 25.276 		-3.103 		37.897
v -16.103 		25.345 		48.241
v -16.966 		25.345 		48.241
v -16.103 		25.345 		49.103
v -18.078 		-25.784 		41.345
v -18.078 		-25.784 		44.793
v -16.103 		28.793 		41.345
v -16.103 		28.793 		44.793
v -16.103 		28.793 		42.207
v -16.103 		28.793 		43.931
v -5.147 		-38.716 		27.586
v -5.147 		-37.853 		27.586
v -5.147 		-37.853 		26.724
v -4.284 		-38.716 		27.586
v -16.966 		31.379 		44.793
v -16.966 		32.241 		44.793
v -5.147 		-36.991 		26.724
v -5.147 		-36.991 		27.586
v -17.828 		31.379 		44.793
v -18.69 		32.241 		44.793
v -16.966 		28.793 		44.793
v -16.966 		29.655 		44.793
v -4.284 		-39.578 		27.586
v -17.828 		29.655 		44.793
v -5.147 		-37.853 		25
v -18.69 		32.241 		41.345
v -16.966 		32.241 		41.345
v -16.966 		31.379 		41.345
v -17.828 		31.379 		41.345
v -5.147 		-36.991 		25
v -16.966 		28.793 		41.345
v -16.966 		29.655 		41.345
v -1.698 		-33.543 		24.138
v -17.828 		29.655 		41.345
v -1.698 		-33.543 		20.69
v -2.56 		-39.578 		24.138
v -1.698 		-38.716 		24.138
v -2.56 		-38.716 		24.138
v -1.698 		-37.853 		24.138
v -16.103 		25.345 		41.345
v -16.103 		25.345 		44.793
v -16.103 		25.345 		43.931
v -16.103 		25.345 		42.207
v -1.698 		-36.991 		24.138
v -16.966 		25.345 		41.345
v -16.966 		25.345 		44.793
v -2.56 		-39.578 		20.69
v -18.69 		24.576 		41.345
v -1.698 		-37.853 		20.69
v -1.698 		-38.716 		20.69
v -2.56 		-38.716 		20.69
v -1.698 		-36.991 		20.69
v -16.103 		21.897 		48.241
v -16.103 		21.897 		49.103
v -17.828 		22.759 		48.241
v -17.828 		24.483 		48.241
v -16.966 		21.897 		48.241
v -5.147 		-33.543 		24.138
v -16.966 		24.483 		48.241
v -16.966 		22.759 		48.241
v -5.147 		-33.543 		20.69
v -4.284 		-39.578 		24.138
v -5.147 		-37.853 		24.138
v -5.147 		-38.716 		24.138
v -4.284 		-38.716 		24.138
v -5.147 		-36.991 		24.138
v -17.828 		17.586 		48.241
v -16.103 		18.448 		48.241
v -16.966 		18.448 		48.241
v -16.103 		18.448 		49.103
v -16.966 		17.586 		48.241
v -8.192 		-40.44 		24.138
v -5.147 		-38.716 		20.69
v -5.147 		-37.853 		20.69
v -4.284 		-39.578 		20.69
v -4.284 		-38.716 		20.69
v -16.103 		21.897 		44.793
v -16.103 		21.897 		41.345
v -5.147 		-36.991 		20.69
v -16.103 		21.897 		42.207
v -16.103 		21.897 		43.931
v -8.192 		-40.44 		20.69
v -16.966 		24.483 		44.793
v -1.698 		-33.543 		17.241
v -17.828 		24.483 		44.793
v -16.966 		21.897 		44.793
v -16.966 		22.759 		44.793
v -17.828 		22.759 		44.793
v -1.698 		-37.853 		19.828
v 5.448 		37.414 		37.897
v 4.586 		37.414 		37.897
v -1.698 		-36.991 		19.828
v -18.69 		24.483 		44.793
v -18.69 		21.897 		44.793
v -1.698 		-38.716 		17.241
v -1.698 		-37.853 		17.241
v -1.698 		-37.853 		18.103
v 2 		37.414 		37.897
v -2.56 		-38.716 		17.241
v 2.862 		37.414 		37.897
v -16.966 		24.483 		41.345
v -1.698 		-36.991 		18.103
v -1.698 		-36.991 		17.241
v -17.828 		24.483 		41.345
v -18.69 		21.897 		41.345
v 5.448 		37.414 		34.448
v 4.586 		37.414 		34.448
v -16.966 		21.897 		41.345
v -16.966 		22.759 		41.345
v -2.56 		-39.578 		17.241
v -17.828 		22.759 		41.345
v 2.862 		37.414 		34.448
v 2 		37.414 		34.448
v -16.103 		18.448 		44.793
v -5.147 		-33.543 		17.241
v -5.147 		-37.853 		19.828
v -1.448 		37.414 		58.586
v -2.31 		37.414 		58.586
v -5.147 		-36.991 		19.828
v -4.034 		37.414 		58.586
v -18.078 		-30.957 		44.793
v -18.078 		-32.681 		44.793
v -18.078 		-30.957 		41.345
v -4.897 		37.414 		58.586
v -18.078 		-32.681 		41.345
v -18.078 		-17.164 		37.897
v -1.448 		37.414 		55.138
v -18.078 		-18.888 		37.897
v -2.31 		37.414 		55.138
v -4.034 		37.414 		55.138
v -18.078 		-24.06 		37.897
v -18.078 		-17.164 		34.448
v -18.078 		-18.888 		34.448
v -4.897 		37.414 		55.138
v -18.078 		-24.06 		34.448
v -18.078 		-25.784 		37.897
v -1.448 		37.414 		51.69
v -2.31 		37.414 		51.69
v -18.078 		-30.957 		37.897
v -4.034 		37.414 		51.69
v -18.078 		-32.681 		37.897
v -18.078 		-25.784 		34.448
v -18.078 		-30.957 		34.448
v -4.897 		37.414 		51.69
v -18.078 		-32.681 		34.448
v -8.345 		37.414 		58.586
v -9.207 		37.414 		58.586
v -11.793 		37.414 		58.586
v -10.931 		37.414 		58.586
v -17.216 		-5.957 		58.586
v -17.216 		-5.095 		58.586
v -17.216 		-5.095 		55.138
v -17.216 		-5.957 		55.138
v -17.216 		-5.957 		51.69
v -17.216 		-5.095 		51.69
v -17.216 		-9.405 		58.586
v -17.216 		-10.267 		58.586
v -17.216 		-11.991 		58.586
v -17.216 		-12.853 		58.586
v -17.216 		-16.302 		58.586
v -17.216 		-9.405 		55.138
v -17.216 		-10.267 		55.138
v -17.216 		-11.991 		55.138
v -17.216 		-12.853 		55.138
v -17.216 		-16.302 		55.138
v -17.216 		-9.405 		51.69
v -17.216 		-10.267 		51.69
v -17.216 		-11.991 		51.69
v 25.888 		-8.192 		37.897
v 25.276 		-4.828 		37.897
v 25.276 		-3.103 		34.448
v 25.888 		-3.103 		34.448
v 25.888 		-8.192 		34.448
v 25.276 		-4.828 		34.448
v 25.888 		-16.384 		37.897
v 25.026 		-5.095 		27.586
v 24.164 		-5.957 		27.586
v 24.164 		-5.095 		27.586
v 23.302 		-5.957 		27.586
v 25.888 		-16.384 		34.448
v 23.302 		-5.957 		26.724
v 23.302 		-5.957 		25
v 25.888 		-20.48 		58.586
v 25.026 		-5.095 		24.138
v 25.026 		-5.095 		20.69
v 24.164 		-5.957 		24.138
v 24.164 		-5.095 		24.138
v 23.302 		-5.957 		24.138
v 25.888 		-20.48 		51.69
v 24.164 		-5.957 		20.69
v 25.888 		-28.672 		58.586
v 23.302 		-5.957 		20.69
v 24.164 		-5.095 		20.69
v 25.026 		-5.095 		17.241
v 23.302 		-5.957 		19.828
v 24.164 		-5.957 		17.241
v 23.302 		-5.957 		18.103
v 23.302 		-5.957 		17.241
v 25.888 		-20.48 		48.241
v 24.164 		-5.095 		17.241
v 25.888 		-20.48 		41.345
v 25.026 		-11.991 		27.586
v 25.026 		-10.267 		27.586
v 24.164 		-11.991 		27.586
v -8.345 		37.414 		55.138
v -9.207 		37.414 		55.138
v 24.164 		-9.405 		27.586
v 24.164 		-10.267 		27.586
v 23.302 		-9.405 		26.724
v 23.302 		-9.405 		27.586
v -10.931 		37.414 		55.138
v -11.793 		37.414 		55.138
v 23.302 		-9.405 		25
v 24.164 		-12.853 		27.586
v -8.345 		37.414 		51.69
v 23.302 		-12.853 		27.586
v 25.888 		-28.672 		41.345
v 23.302 		-12.853 		26.724
v -9.207 		37.414 		51.69
v 25.888 		-28.672 		44.793
v 24.164 		-16.302 		27.586
v -10.931 		37.414 		51.69
v 23.302 		-16.302 		26.724
v 23.302 		-16.302 		27.586
v -11.793 		37.414 		51.69
v 23.302 		-16.302 		25
v 23.302 		-12.853 		25
v -17.216 		-12.853 		51.69
v 25.026 		-11.991 		24.138
v -17.216 		-16.302 		51.69
v 25.026 		-10.267 		24.138
v 25.026 		-11.991 		20.69
v -1.448 		37.414 		48.241
v 25.026 		-10.267 		20.69
v -2.31 		37.414 		48.241
v -4.034 		37.414 		48.241
v 24.164 		-11.991 		24.138
v -17.216 		-5.957 		48.241
v -17.216 		-5.095 		48.241
v 24.164 		-9.405 		24.138
v 24.164 		-10.267 		24.138
v 23.302 		-9.405 		24.138
v -4.897 		37.414 		48.241
v 24.164 		-9.405 		20.69
v 23.302 		-9.405 		20.69
v -17.216 		-5.957 		44.793
v 24.164 		-11.991 		20.69
v -17.216 		-5.957 		41.345
v -17.216 		-5.095 		44.793
v -17.216 		-5.095 		41.345
v 24.164 		-10.267 		20.69
v -1.448 		37.414 		44.793
v -2.31 		37.414 		44.793
v -4.034 		37.414 		44.793
v -1.448 		37.414 		41.345
v 24.164 		-16.302 		24.138
v -17.216 		-9.405 		48.241
v -2.31 		37.414 		41.345
v 23.302 		-16.302 		24.138
v -17.216 		-10.267 		48.241
v 24.164 		-12.853 		24.138
v 23.302 		-12.853 		24.138
v -17.216 		-11.991 		48.241
v -4.034 		37.414 		41.345
v 24.164 		-16.302 		20.69
v 23.302 		-16.302 		20.69
v 24.164 		-12.853 		20.69
v 23.302 		-12.853 		20.69
v -4.897 		37.414 		41.345
v -4.897 		37.414 		44.793
v -17.216 		-12.853 		48.241
v -17.216 		-16.302 		48.241
v 25.026 		-11.991 		17.241
v 25.026 		-10.267 		17.241
v 23.302 		-9.405 		19.828
v 24.164 		-9.405 		17.241
v 23.302 		-9.405 		17.241
v 23.302 		-9.405 		18.103
v -17.216 		-9.405 		44.793
v 24.164 		-11.991 		17.241
v -17.216 		-10.267 		44.793
v 24.164 		-10.267 		17.241
v -17.216 		-11.991 		44.793
v -17.216 		-9.405 		41.345
v 23.302 		-16.302 		19.828
v -17.216 		-10.267 		41.345
v 23.302 		-12.853 		19.828
v 23.302 		-12.853 		17.241
v 24.164 		-12.853 		17.241
v -17.216 		-11.991 		41.345
v 23.302 		-12.853 		18.103
v 24.164 		-16.302 		17.241
v 23.302 		-16.302 		17.241
v 23.302 		-16.302 		18.103
v 25.888 		-20.48 		37.897
v 25.888 		-20.48 		34.448
v -16.103 		18.448 		41.345
v 25.888 		-28.672 		37.897
v -16.103 		18.448 		43.931
v -16.103 		18.448 		42.207
v 25.026 		-5.095 		13.793
v 25.888 		-33.543 		62.034
v -16.966 		18.448 		41.345
v 25.888 		-33.543 		58.586
v -16.966 		18.448 		44.793
v 24.164 		-5.095 		13.793
v -16.966 		17.586 		41.345
v -16.966 		17.586 		44.793
v 24.164 		-5.957 		13.793
v 25.888 		-33.543 		55.138
v -17.828 		17.586 		41.345
v 23.302 		-5.957 		13.793
v 23.302 		-5.957 		12.931
v -17.828 		17.586 		44.793
v 25.026 		-5.095 		10.345
v 25.888 		-33.543 		51.69
v 24.164 		-5.095 		10.345
v 24.164 		-5.957 		10.345
v 25.888 		-33.543 		48.241
v 23.302 		-5.957 		10.345
v 23.302 		-5.957 		11.207
v 25.026 		-11.991 		13.793
v 25.888 		-33.543 		41.345
v 25.026 		-10.267 		13.793
v -16.103 		28.793 		37.034
v -16.103 		28.793 		37.897
v 25.888 		-33.543 		44.793
v 24.164 		-11.991 		13.793
v 24.164 		-9.405 		13.793
v 24.164 		-10.267 		13.793
v 25.888 		-33.543 		37.897
v 23.302 		-9.405 		12.931
v 23.302 		-9.405 		13.793
v 25.888 		-33.543 		34.448
v -17.828 		31.379 		37.897
v -16.966 		31.379 		37.897
v -16.966 		32.241 		37.897
v -18.69 		32.241 		37.897
v 24.164 		-12.853 		13.793
v 25.888 		-3.103 		27.586
v 23.302 		-12.853 		13.793
v 26.138 		-3.103 		24.576
v 23.302 		-12.853 		12.931
v 25.276 		-3.103 		27.586
v 24.164 		-16.302 		13.793
v 23.302 		-16.302 		12.931
v 23.302 		-16.302 		13.793
v -17.828 		29.655 		37.897
v -5.147 		-37.853 		17.241
v -5.147 		-38.716 		17.241
v -16.966 		29.655 		37.897
v -5.147 		-37.853 		18.103
v -4.284 		-39.578 		17.241
v -16.966 		28.793 		37.897
v -4.284 		-38.716 		17.241
v 25.026 		-11.991 		10.345
v 25.026 		-10.267 		10.345
v -5.147 		-36.991 		17.241
v -5.147 		-36.991 		18.103
v 24.164 		-11.991 		10.345
v -16.966 		25.345 		37.897
v 24.164 		-9.405 		10.345
v 24.164 		-10.267 		10.345
v -16.103 		25.345 		37.897
v -16.103 		25.345 		37.034
v 23.302 		-9.405 		10.345
v 23.302 		-9.405 		11.207
v -18.69 		24.576 		37.897
v 24.164 		-12.853 		10.345
v 23.302 		-12.853 		11.207
v 23.302 		-12.853 		10.345
v -8.595 		-33.543 		27.586
v -16.103 		28.793 		35.31
v -16.103 		28.793 		34.448
v 24.164 		-16.302 		10.345
v 23.302 		-16.302 		10.345
v 23.302 		-16.302 		11.207
v -8.595 		-38.716 		27.586
v -9.457 		-38.716 		27.586
v -8.595 		-37.853 		27.586
v -8.595 		-37.853 		26.724
v 25.026 		-5.095 		6.897
v -8.595 		-36.991 		27.586
v -8.595 		-36.991 		26.724
v 24.164 		-5.957 		6.897
v 24.164 		-5.095 		6.897
v 23.302 		-5.957 		6.897
v -17.828 		31.379 		34.448
v 23.302 		-5.957 		6.034
v 23.302 		-5.957 		4.31
v -16.966 		31.379 		34.448
v -11.181 		-38.716 		27.586
v -12.043 		-38.716 		27.586
v 24.164 		-5.957 		3.448
v -16.966 		32.241 		34.448
v 24.164 		-5.095 		3.448
v -18.69 		32.241 		34.448
v 23.302 		-5.957 		3.448
v 25.026 		-5.095 		3.448
v -12.043 		-40.44 		27.586
v -11.181 		-39.578 		27.586
v -9.457 		-39.578 		27.586
v 25.026 		-11.991 		6.897
v 25.026 		-10.267 		6.897
v -17.828 		29.655 		34.448
v -16.966 		29.655 		34.448
v -16.966 		28.793 		34.448
v 24.164 		-11.991 		6.897
v 24.164 		-9.405 		6.897
v 24.164 		-10.267 		6.897
v 23.302 		-9.405 		6.897
v -16.966 		25.345 		34.448
v -16.103 		25.345 		34.448
v -16.103 		25.345 		35.31
v -8.345 		37.414 		48.241
v -9.207 		37.414 		48.241
v -8.595 		-37.853 		25
v 23.302 		-9.405 		4.31
v 23.302 		-9.405 		6.034
v -10.931 		37.414 		48.241
v -11.793 		37.414 		48.241
v 24.164 		-16.302 		6.897
v -8.595 		-36.991 		25
v 24.164 		-12.853 		6.897
v 23.302 		-16.302 		6.897
v 23.302 		-12.853 		6.897
v -9.207 		37.414 		44.793
v 23.302 		-12.853 		6.034
v 23.302 		-12.853 		4.31
v -8.345 		37.414 		44.793
v 23.302 		-16.302 		4.31
v 23.302 		-16.302 		6.034
v 25.026 		-11.991 		3.448
v -17.216 		-12.853 		44.793
v -11.793 		37.414 		44.793
v -10.931 		37.414 		44.793
v 25.026 		-10.267 		3.448
v -17.216 		-16.302 		44.793
v 24.164 		-11.991 		3.448
v -9.207 		37.414 		41.345
v -8.345 		37.414 		41.345
v 24.164 		-9.405 		3.448
v 24.164 		-10.267 		3.448
v 23.302 		-9.405 		3.448
v -17.216 		-12.853 		41.345
v -17.216 		-16.302 		41.345
v 18.991 		-33.543 		62.034
v 15.543 		-33.543 		58.586
v 8.647 		-33.543 		58.586
v 12.095 		-33.543 		58.586
v -17.216 		-5.095 		37.897
v -17.216 		-5.957 		37.897
v 15.543 		-33.543 		55.138
v 8.647 		-33.543 		55.138
v 12.095 		-33.543 		55.138
v 15.543 		-33.543 		51.69
v 8.647 		-33.543 		51.69
v 12.095 		-33.543 		51.69
v -17.216 		-5.095 		34.448
v 5.198 		-33.543 		58.586
v -17.216 		-5.957 		34.448
v 1.75 		-33.543 		58.586
v 5.198 		-33.543 		55.138
v 1.75 		-33.543 		55.138
v 5.198 		-33.543 		51.69
v -17.216 		-10.267 		37.897
v 1.75 		-33.543 		51.69
v -17.216 		-11.991 		37.897
v -17.216 		-9.405 		37.897
v 15.543 		-33.543 		48.241
v 8.647 		-33.543 		48.241
v 12.095 		-33.543 		48.241
v 15.543 		-33.543 		41.345
v 15.543 		-33.543 		44.793
v 8.647 		-33.543 		41.345
v -17.216 		-12.853 		37.897
v 12.095 		-33.543 		41.345
v 8.647 		-33.543 		44.793
v -17.216 		-16.302 		37.897
v 12.095 		-33.543 		44.793
v 5.198 		-33.543 		48.241
v 1.75 		-33.543 		48.241
v 5.198 		-33.543 		41.345
v 5.198 		-33.543 		44.793
v 1.75 		-33.543 		44.793
v -17.216 		-10.267 		34.448
v 1.75 		-33.543 		41.345
v -17.216 		-11.991 		34.448
v -17.216 		-9.405 		34.448
v 15.543 		-33.543 		37.897
v 8.647 		-33.543 		37.897
v 12.095 		-33.543 		37.897
v 15.543 		-33.543 		34.448
v 8.647 		-33.543 		34.448
v 12.095 		-33.543 		34.448
v 5.198 		-33.543 		37.897
v 1.75 		-33.543 		37.897
v -17.216 		-12.853 		34.448
v 5.198 		-33.543 		34.448
v -17.216 		-16.302 		34.448
v 1.75 		-33.543 		34.448
v -1.698 		-33.543 		58.586
v -5.147 		-33.543 		58.586
v -1.698 		-33.543 		55.138
v -17.216 		-17.164 		58.586
v -5.147 		-33.543 		55.138
v -17.216 		-19.75 		58.586
v -17.216 		-18.888 		58.586
v -1.698 		-33.543 		51.69
v -5.147 		-33.543 		51.69
v -18.69 		24.576 		34.448
v -16.103 		21.897 		37.034
v -17.216 		-23.198 		58.586
v -17.216 		-24.06 		58.586
v -16.103 		21.897 		37.897
v -17.828 		24.483 		37.897
v -17.828 		22.759 		37.897
v -16.966 		24.483 		37.897
v -16.966 		22.759 		37.897
v -17.216 		-17.164 		55.138
v -16.966 		21.897 		37.897
v -17.216 		-18.888 		55.138
v -17.216 		-19.75 		55.138
v -18.69 		20.48 		37.897
v -17.216 		-23.198 		55.138
v -16.103 		18.448 		37.034
v -17.216 		-24.06 		55.138
v -16.103 		18.448 		37.897
v -17.828 		17.586 		37.897
v -16.966 		18.448 		37.897
v -16.966 		17.586 		37.897
v -17.216 		-19.75 		51.69
v -17.216 		-17.164 		51.69
v -17.216 		-18.888 		51.69
v -16.103 		21.897 		34.448
v -16.103 		21.897 		35.31
v -17.828 		24.483 		34.448
v -17.828 		22.759 		34.448
v -16.966 		24.483 		34.448
v -17.216 		-23.198 		51.69
v -17.216 		-24.06 		51.69
v -8.595 		-33.543 		58.586
v -8.595 		-33.543 		55.138
v -8.595 		-33.543 		51.69
v -17.216 		-26.647 		58.586
v -17.216 		-25.784 		58.586
v -1.698 		-33.543 		48.241
v -5.147 		-33.543 		48.241
v -1.698 		-33.543 		44.793
v -1.698 		-33.543 		41.345
v 25.888 		-8.192 		27.586
v 25.276 		-4.828 		27.586
v -5.147 		-33.543 		41.345
v 25.888 		-3.103 		24.138
v 25.888 		-3.103 		20.69
v 26.138 		-3.103 		20.48
v -5.147 		-33.543 		44.793
v 25.276 		-3.103 		24.138
v -8.595 		-33.543 		48.241
v 25.276 		-3.103 		20.69
v -8.595 		-33.543 		41.345
v -8.595 		-33.543 		44.793
v 25.888 		-8.192 		20.69
v 25.276 		-4.828 		24.138
v -1.698 		-33.543 		37.897
v 25.276 		-4.828 		20.69
v -5.147 		-33.543 		37.897
v -10.931 		37.414 		41.345
v -11.793 		37.414 		41.345
v -1.698 		-33.543 		34.448
v -8.595 		-33.543 		24.138
v -5.147 		-33.543 		34.448
v -8.595 		-33.543 		20.69
v -8.595 		-33.543 		37.897
v -12.043 		-38.716 		24.138
v -11.181 		-38.716 		24.138
v -8.595 		-33.543 		34.448
v -1.448 		37.414 		37.897
v -2.31 		37.414 		37.897
v -8.595 		-38.716 		24.138
v -9.457 		-38.716 		24.138
v -8.595 		-37.853 		24.138
v -4.034 		37.414 		37.897
v -8.595 		-36.991 		24.138
v 24.164 		-16.302 		3.448
v 24.164 		-12.853 		3.448
v 23.302 		-16.302 		3.448
v -4.897 		37.414 		37.897
v 15.543 		-33.543 		27.586
v 8.647 		-33.543 		27.586
v 12.095 		-33.543 		27.586
v -12.043 		-40.44 		24.138
v -1.448 		37.414 		34.448
v -2.31 		37.414 		34.448
v 23.302 		-12.853 		3.448
v -9.457 		-39.578 		24.138
v -11.181 		-39.578 		24.138
v -4.034 		37.414 		34.448
v 25.026 		-18.888 		27.586
v 25.026 		-17.164 		27.586
v 24.164 		-19.75 		27.586
v 23.302 		-19.75 		27.586
v 23.302 		-19.75 		26.724
v 24.164 		-18.888 		27.586
v -4.897 		37.414 		34.448
v -8.595 		-38.716 		20.69
v -8.595 		-37.853 		20.69
v 24.164 		-17.164 		27.586
v -11.181 		-38.716 		20.69
v -9.457 		-38.716 		20.69
v -8.345 		37.414 		37.897
v -9.207 		37.414 		37.897
v -12.043 		-38.716 		20.69
v 23.302 		-19.75 		25
v -11.793 		37.414 		37.897
v -8.595 		-36.991 		20.69
v -10.931 		37.414 		37.897
v 25.026 		-24.06 		27.586
v 24.164 		-23.198 		27.586
v 24.164 		-24.06 		27.586
v 23.302 		-23.198 		26.724
v 23.302 		-23.198 		27.586
v -12.043 		-40.44 		20.69
v -11.181 		-39.578 		20.69
v -9.457 		-39.578 		20.69
v 23.302 		-23.198 		25
v -8.345 		37.414 		34.448
v -9.207 		37.414 		34.448
v 25.026 		-18.888 		24.138
v 25.026 		-17.164 		24.138
v -10.931 		37.414 		34.448
v -11.793 		37.414 		34.448
v 25.026 		-18.888 		20.69
v 25.026 		-17.164 		20.69
v -8.595 		-33.543 		17.241
v 24.164 		-19.75 		24.138
v 23.302 		-19.75 		24.138
v 24.164 		-18.888 		24.138
v -8.595 		-37.853 		19.828
v 24.164 		-17.164 		24.138
v 25.888 		-3.103 		17.241
v 25.276 		-3.103 		17.241
v 24.164 		-19.75 		20.69
v 23.302 		-19.75 		20.69
v 25.888 		-8.192 		17.241
v 24.164 		-18.888 		20.69
v 25.276 		-4.828 		17.241
v 24.164 		-17.164 		20.69
v 25.888 		-12.288 		27.586
v 25.888 		-12.288 		24.138
v 25.026 		-24.06 		24.138
v 25.026 		-24.06 		20.69
v 24.164 		-23.198 		24.138
v 24.164 		-24.06 		24.138
v 23.302 		-23.198 		24.138
v 25.888 		-16.384 		17.241
v 26.138 		-3.103 		12.288
v 25.888 		-3.103 		13.793
v 25.276 		-3.103 		13.793
v 24.164 		-23.198 		20.69
v 23.302 		-23.198 		20.69
v 24.164 		-24.06 		20.69
v 25.026 		-18.888 		17.241
v 25.888 		-8.192 		13.793
v 25.276 		-4.828 		13.793
v 25.026 		-17.164 		17.241
v 25.888 		-3.103 		10.345
v 23.302 		-19.75 		19.828
v 25.276 		-3.103 		10.345
v 24.164 		-19.75 		17.241
v 23.302 		-19.75 		18.103
v 23.302 		-19.75 		17.241
v 24.164 		-18.888 		17.241
v 24.164 		-17.164 		17.241
v 25.276 		-4.828 		10.345
v 25.888 		-12.288 		13.793
v 25.026 		-24.06 		17.241
v 23.302 		-23.198 		19.828
v 24.164 		-23.198 		17.241
v 23.302 		-23.198 		17.241
v 23.302 		-23.198 		18.103
v 25.888 		-3.103 		6.897
v 25.276 		-3.103 		6.897
v 24.164 		-24.06 		17.241
v 25.026 		-25.784 		27.586
v 24.164 		-26.647 		27.586
v 23.302 		-26.647 		27.586
v 23.302 		-26.647 		26.724
v 25.888 		-8.192 		6.897
v 25.276 		-4.828 		6.897
v 24.164 		-25.784 		27.586
v 25.276 		-3.103 		3.448
v 25.888 		-3.103 		3.448
v 23.302 		-26.647 		25
v 25.026 		-32.681 		27.586
v 25.276 		-4.828 		3.448
v 25.888 		-8.192 		3.448
v 25.026 		-30.957 		27.586
v 25.888 		-16.384 		6.897
v 24.164 		-32.681 		27.586
v 24.164 		-30.095 		27.586
v 24.164 		-30.957 		27.586
v 23.302 		-30.095 		26.724
v 23.302 		-30.095 		27.586
v 25.888 		-16.384 		3.448
v 25.888 		-20.48 		27.586
v 25.888 		-20.48 		20.69
v 25.888 		-20.48 		24.138
v 23.302 		-30.095 		25
v 25.026 		-25.784 		24.138
v 25.026 		-25.784 		20.69
v 24.164 		-26.647 		24.138
v 23.302 		-26.647 		24.138
v 24.164 		-25.784 		24.138
v 25.888 		-28.672 		20.69
v 24.164 		-26.647 		20.69
v 23.302 		-26.647 		20.69
v 24.164 		-25.784 		20.69
v -16.966 		22.759 		34.448
v 25.026 		-32.681 		24.138
v 25.026 		-30.957 		24.138
v -16.966 		21.897 		34.448
v 25.888 		-20.48 		13.793
v 25.026 		-32.681 		20.69
v 25.026 		-30.957 		20.69
v 24.164 		-32.681 		24.138
v -16.103 		18.448 		34.448
v -16.103 		18.448 		35.31
v 24.164 		-30.095 		24.138
v 24.164 		-30.957 		24.138
v 23.302 		-30.095 		24.138
v -17.828 		17.586 		34.448
v -16.966 		18.448 		34.448
v -16.966 		17.586 		34.448
v 19.241 		37.414 		27.586
v 18.379 		37.414 		27.586
v 16.655 		37.414 		27.586
v 25.888 		-20.48 		6.897
v 25.888 		-20.48 		3.448
v -17.216 		-30.095 		58.586
v -17.216 		-30.957 		58.586
v 19.241 		37.414 		24.138
v 18.379 		37.414 		24.138
v -17.216 		-32.681 		58.586
v 16.655 		37.414 		24.138
v 18.379 		37.414 		20.69
v 16.655 		37.414 		20.69
v -17.216 		-25.784 		55.138
v -17.216 		-26.647 		55.138
v 19.241 		37.414 		20.69
v 18.379 		37.414 		17.241
v 16.655 		37.414 		17.241
v 19.241 		37.414 		17.241
v -8.595 		-36.991 		19.828
v 15.793 		37.414 		27.586
v -16.103 		15 		57.724
v -16.103 		15 		58.586
v 12.345 		37.414 		27.586
v -8.595 		-38.716 		17.241
v -8.595 		-37.853 		17.241
v -8.595 		-37.853 		18.103
v -9.457 		-38.716 		17.241
v -8.595 		-36.991 		18.103
v -8.595 		-36.991 		17.241
v 11.483 		37.414 		27.586
v 8.897 		37.414 		27.586
v 9.759 		37.414 		27.586
v -11.181 		-38.716 		17.241
v -12.043 		-38.716 		17.241
v -9.457 		-39.578 		17.241
v -11.181 		-39.578 		17.241
v 15.793 		37.414 		24.138
v 12.345 		37.414 		24.138
v -12.043 		-40.44 		17.241
v 15.793 		37.414 		20.69
v 12.345 		37.414 		20.69
v -1.698 		-33.543 		13.793
v -1.698 		-38.716 		13.793
v -1.698 		-37.853 		12.931
v -1.698 		-37.853 		13.793
v -2.56 		-38.716 		13.793
v -1.698 		-36.991 		13.793
v -1.698 		-36.991 		12.931
v 11.483 		37.414 		24.138
v 9.759 		37.414 		24.138
v 8.897 		37.414 		24.138
v -2.56 		-39.578 		13.793
v 8.897 		37.414 		20.69
v 11.483 		37.414 		20.69
v -2.56 		-40.44 		13.793
v 9.759 		37.414 		20.69
v -5.147 		-33.543 		13.793
v -5.147 		-38.716 		13.793
v -5.147 		-37.853 		13.793
v -5.147 		-37.853 		12.931
v -4.284 		-38.716 		13.793
v -4.284 		-39.578 		13.793
v 15.793 		37.414 		17.241
v -5.147 		-36.991 		12.931
v 12.345 		37.414 		17.241
v -5.147 		-36.991 		13.793
v -8.192 		-40.44 		13.793
v -1.698 		-33.543 		10.345
v 8.897 		37.414 		17.241
v -1.698 		-38.716 		10.345
v -1.698 		-37.853 		10.345
v 11.483 		37.414 		17.241
v -1.698 		-37.853 		11.207
v 9.759 		37.414 		17.241
v -2.56 		-38.716 		10.345
v -1.698 		-36.991 		10.345
v -1.698 		-36.991 		11.207
v 5.448 		37.414 		27.586
v 4.586 		37.414 		27.586
v -2.56 		-39.578 		10.345
v 2 		37.414 		27.586
v 2.862 		37.414 		27.586
v -5.147 		-33.543 		10.345
v -5.147 		-38.716 		10.345
v -5.147 		-37.853 		10.345
v -5.147 		-37.853 		11.207
v -4.284 		-38.716 		10.345
v -4.284 		-39.578 		10.345
v -5.147 		-36.991 		10.345
v -5.147 		-36.991 		11.207
v -8.595 		-33.543 		13.793
v -8.595 		-38.716 		13.793
v -8.595 		-37.853 		12.931
v -8.595 		-37.853 		13.793
v -9.457 		-38.716 		13.793
v -17.216 		-30.095 		55.138
v -17.828 		15.862 		58.586
v -17.216 		-30.957 		55.138
v -17.216 		-32.681 		55.138
v 15.793 		32.241 		58.586
v -17.216 		-26.647 		51.69
v 12.345 		32.241 		58.586
v -17.216 		-25.784 		51.69
v 8.897 		32.241 		58.586
v 15.793 		32.241 		55.138
v 12.345 		32.241 		55.138
v 8.897 		32.241 		55.138
v -17.216 		-30.095 		51.69
v -17.216 		-30.957 		51.69
v 15.793 		32.241 		51.69
v -17.216 		-32.681 		51.69
v 12.345 		32.241 		51.69
v -16.966 		15 		58.586
v -16.966 		15.862 		58.586
v 8.897 		32.241 		51.69
v 5.448 		32.241 		58.586
v -16.103 		11.552 		58.586
v -16.103 		11.552 		57.724
v 2 		32.241 		58.586
v 5.448 		32.241 		55.138
v -17.216 		-19.75 		48.241
v -17.216 		-17.164 		48.241
v 2 		32.241 		55.138
v -18.69 		8.192 		58.586
v -17.216 		-18.888 		48.241
v -17.828 		10.69 		58.586
v -17.828 		8.966 		58.586
v 5.448 		32.241 		51.69
v -16.966 		11.552 		58.586
v 2 		32.241 		51.69
v -16.966 		10.69 		58.586
v -16.966 		8.966 		58.586
v -17.216 		-23.198 		48.241
v 15.793 		32.241 		48.241
v 12.345 		32.241 		48.241
v -17.216 		-24.06 		48.241
v 8.897 		32.241 		48.241
v -16.103 		15 		55.138
v -16.103 		15 		56
v 15.793 		32.241 		41.345
v 12.345 		32.241 		41.345
v 12.345 		32.241 		44.793
v 15.793 		32.241 		44.793
v -17.828 		15.862 		55.138
v -17.216 		-17.164 		44.793
v 8.897 		32.241 		44.793
v -16.966 		15.862 		55.138
v -16.966 		15 		55.138
v 8.897 		32.241 		41.345
v -17.216 		-19.75 		44.793
v -17.216 		-18.888 		44.793
v 5.448 		32.241 		48.241
v -18.69 		12.288 		55.138
v 2 		32.241 		48.241
v -16.103 		11.552 		55.138
v 5.448 		32.241 		44.793
v -16.103 		11.552 		56
v -17.216 		-17.164 		41.345
v 5.448 		32.241 		41.345
v 2 		32.241 		41.345
v -17.216 		-19.75 		41.345
v 2 		32.241 		44.793
v -17.216 		-18.888 		41.345
v -17.828 		8.966 		55.138
v -17.828 		10.69 		55.138
v -16.966 		11.552 		55.138
v 12.345 		32.241 		37.897
v -16.966 		10.69 		55.138
v 15.793 		32.241 		37.897
v -16.966 		8.966 		55.138
v 8.897 		32.241 		37.897
v -18.69 		8.192 		55.138
v 12.345 		32.241 		34.448
v 15.793 		32.241 		34.448
v -17.216 		-23.198 		41.345
v -17.216 		-23.198 		44.793
v -17.216 		-24.06 		41.345
v -17.216 		-24.06 		44.793
v 8.897 		32.241 		34.448
v 5.448 		32.241 		37.897
v -17.216 		-26.647 		48.241
v 24.164 		-30.095 		20.69
v 23.302 		-30.095 		20.69
v -17.216 		-25.784 		48.241
v 24.164 		-32.681 		20.69
v 24.164 		-30.957 		20.69
v -17.216 		-30.095 		48.241
v 25.026 		-25.784 		17.241
v -17.216 		-30.957 		48.241
v -17.216 		-32.681 		48.241
v 23.302 		-26.647 		19.828
v 24.164 		-26.647 		17.241
v 23.302 		-26.647 		18.103
v 23.302 		-26.647 		17.241
v 24.164 		-25.784 		17.241
v 25.026 		-32.681 		17.241
v 25.026 		-30.957 		17.241
v -17.216 		-26.647 		41.345
v -17.216 		-26.647 		44.793
v -17.216 		-25.784 		44.793
v -17.216 		-25.784 		41.345
v 23.302 		-30.095 		19.828
v 24.164 		-30.095 		17.241
v 23.302 		-30.095 		17.241
v 23.302 		-30.095 		18.103
v 24.164 		-32.681 		17.241
v 24.164 		-30.957 		17.241
v -17.216 		-30.957 		44.793
v -17.216 		-32.681 		44.793
v -17.216 		-30.095 		44.793
v 2 		32.241 		37.897
v 5.448 		32.241 		34.448
v 2 		32.241 		34.448
v -16.103 		15 		50.828
v -16.103 		15 		51.69
v -17.216 		-30.957 		41.345
v -17.216 		-30.095 		41.345
v -17.216 		-32.681 		41.345
v -1.448 		32.241 		58.586
v -18.69 		12.288 		51.69
v -4.897 		32.241 		58.586
v -17.828 		15.862 		51.69
v -16.966 		15 		51.69
v -1.448 		32.241 		55.138
v -16.966 		15.862 		51.69
v -4.897 		32.241 		55.138
v -17.216 		-17.164 		37.897
v -1.448 		32.241 		51.69
v -17.216 		-19.75 		37.897
v -17.216 		-18.888 		37.897
v -16.103 		11.552 		51.69
v -4.897 		32.241 		51.69
v -16.103 		11.552 		50.828
v -8.345 		32.241 		58.586
v -11.793 		32.241 		62.034
v -8.345 		32.241 		55.138
v -8.345 		32.241 		51.69
v -17.828 		10.69 		51.69
v -17.828 		8.966 		51.69
v -17.216 		-23.198 		37.897
v -16.966 		11.552 		51.69
v -17.216 		-24.06 		37.897
v -1.448 		32.241 		48.241
v -16.966 		10.69 		51.69
v -16.966 		8.966 		51.69
v -4.897 		32.241 		48.241
v -1.448 		32.241 		41.345
v -1.448 		32.241 		44.793
v -17.216 		-17.164 		34.448
v -4.897 		32.241 		41.345
v -4.897 		32.241 		44.793
v -17.216 		-18.888 		34.448
v -17.216 		-19.75 		34.448
v -8.345 		32.241 		48.241
v -8.345 		32.241 		41.345
v -8.345 		32.241 		44.793
v -16.103 		8.103 		57.724
v -16.103 		8.103 		58.586
v -16.103 		4.655 		58.586
v -1.448 		32.241 		37.897
v -17.216 		-23.198 		34.448
v -17.216 		-24.06 		34.448
v -4.897 		32.241 		37.897
v -1.448 		32.241 		34.448
v -4.897 		32.241 		34.448
v -8.345 		32.241 		37.897
v -17.216 		-26.647 		37.897
v -17.216 		-25.784 		37.897
v -8.345 		32.241 		34.448
v 25.888 		-28.672 		3.448
v 5.448 		37.414 		24.138
v 4.586 		37.414 		24.138
v 25.888 		-33.543 		27.586
v 15.793 		32.241 		27.586
v 12.345 		32.241 		27.586
v 25.888 		-33.543 		20.69
v 8.897 		32.241 		27.586
v 25.888 		-33.543 		24.138
v 5.448 		37.414 		20.69
v 4.586 		37.414 		20.69
v 15.793 		32.241 		24.138
v 12.345 		32.241 		24.138
v 15.793 		32.241 		20.69
v 12.345 		32.241 		20.69
v -8.595 		-36.991 		13.793
v -8.595 		-36.991 		12.931
v -16.103 		4.655 		57.724
v 8.897 		32.241 		24.138
v 8.897 		32.241 		20.69
v 2.862 		37.414 		24.138
v 2 		37.414 		24.138
v 25.888 		-33.543 		17.241
v 15.793 		32.241 		17.241
v 12.345 		32.241 		17.241
v 25.888 		-33.543 		10.345
v 8.897 		32.241 		17.241
v 2 		37.414 		20.69
v 25.888 		-33.543 		13.793
v 2.862 		37.414 		20.69
v 5.448 		32.241 		27.586
v 2 		32.241 		27.586
v 25.888 		-33.543 		6.897
v 5.448 		32.241 		24.138
v 5.448 		32.241 		20.69
v 25.888 		-33.543 		3.448
v 2 		32.241 		24.138
v 5.448 		37.414 		17.241
v 2 		32.241 		20.69
v 4.586 		37.414 		17.241
v -16.966 		8.103 		58.586
v -16.966 		4.655 		58.586
v 5.448 		32.241 		17.241
v -16.103 		8.103 		55.138
v -16.103 		8.103 		56
v -16.103 		4.655 		55.138
v -16.103 		4.655 		56
v -16.966 		8.103 		55.138
v -16.966 		4.655 		55.138
v -16.103 		8.103 		50.828
v -16.103 		8.103 		51.69
v -16.103 		4.655 		51.69
v -16.103 		4.655 		50.828
v -16.966 		8.103 		51.69
v 2 		32.241 		17.241
v -16.966 		4.655 		51.69
v 25.026 		-18.888 		13.793
v 25.026 		-17.164 		13.793
v 24.164 		-19.75 		13.793
v 23.302 		-19.75 		13.793
v 23.302 		-19.75 		12.931
v -16.103 		15 		48.241
v 24.164 		-18.888 		13.793
v -16.103 		15 		49.103
v 24.164 		-17.164 		13.793
v -17.828 		15.862 		48.241
v -16.966 		15 		48.241
v 25.026 		-24.06 		13.793
v -16.966 		15.862 		48.241
v 24.164 		-23.198 		13.793
v 23.302 		-23.198 		12.931
v -8.595 		-33.543 		10.345
v 23.302 		-23.198 		13.793
v 24.164 		-24.06 		13.793
v -1.698 		-33.543 		6.897
v -5.147 		-33.543 		6.897
v 25.026 		-18.888 		10.345
v 25.026 		-17.164 		10.345
v -1.698 		-33.543 		3.448
v 24.164 		-17.164 		10.345
v -5.147 		-33.543 		3.448
v 24.164 		-19.75 		10.345
v -8.595 		-33.543 		6.897
v 23.302 		-19.75 		11.207
v 23.302 		-19.75 		10.345
v 24.164 		-18.888 		10.345
v -8.595 		-33.543 		3.448
v 18.991 		-40.44 		62.034
v 18.991 		-40.44 		58.586
v 25.026 		-24.06 		10.345
v 16.405 		-39.578 		58.586
v 18.129 		-39.578 		58.586
v 24.164 		-23.198 		10.345
v 16.405 		-38.716 		58.586
v 23.302 		-23.198 		10.345
v 23.302 		-23.198 		11.207
v 24.164 		-24.06 		10.345
v 18.991 		-38.716 		58.586
v 18.129 		-38.716 		58.586
v 25.026 		-25.784 		13.793
v -11.181 		-38.716 		13.793
v -12.043 		-38.716 		13.793
v 24.164 		-26.647 		13.793
v 23.302 		-26.647 		13.793
v 23.302 		-26.647 		12.931
v 24.164 		-25.784 		13.793
v -11.181 		-39.578 		13.793
v -9.457 		-39.578 		13.793
v 25.026 		-32.681 		13.793
v 25.026 		-30.957 		13.793
v -12.043 		-40.44 		13.793
v 24.164 		-32.681 		13.793
v 24.164 		-30.095 		13.793
v 23.302 		-30.095 		12.931
v 23.302 		-30.095 		13.793
v 24.164 		-30.957 		13.793
v 25.026 		-25.784 		10.345
v -8.595 		-38.716 		10.345
v -8.595 		-37.853 		10.345
v -8.595 		-37.853 		11.207
v -9.457 		-38.716 		10.345
v 23.302 		-26.647 		10.345
v 24.164 		-26.647 		10.345
v 23.302 		-26.647 		11.207
v 24.164 		-25.784 		10.345
v 25.026 		-32.681 		10.345
v -8.595 		-36.991 		10.345
v -8.595 		-36.991 		11.207
v 25.026 		-30.957 		10.345
v 24.164 		-32.681 		10.345
v -12.043 		-38.716 		10.345
v -11.181 		-38.716 		10.345
v 24.164 		-30.095 		10.345
v 23.302 		-30.095 		10.345
v 23.302 		-30.095 		11.207
v 25.276 		38.276 		62.034
v 24.164 		-30.957 		10.345
v -12.043 		-40.44 		10.345
v -11.181 		-39.578 		10.345
v 25.026 		-18.888 		6.897
v 25.026 		-17.164 		6.897
v -9.457 		-40.44 		10.345
v 24.164 		-19.75 		6.897
v -9.457 		-39.578 		10.345
v 24.164 		-18.888 		6.897
v 23.302 		-19.75 		6.897
v 24.164 		-17.164 		6.897
v 23.302 		-19.75 		6.034
v 23.302 		-19.75 		4.31
v -2.56 		-39.578 		6.897
v -1.698 		-38.716 		6.897
v -2.56 		-38.716 		6.897
v -1.698 		-36.991 		6.897
v -1.698 		-37.853 		6.897
v 12.345 		32.241 		13.793
v 15.793 		32.241 		13.793
v 8.897 		32.241 		13.793
v -1.698 		-37.853 		4.31
v -1.698 		-37.853 		6.034
v 15.793 		32.241 		10.345
v 12.345 		32.241 		10.345
v -1.698 		-36.991 		6.034
v -1.698 		-36.991 		4.31
v 8.897 		32.241 		10.345
v 5.448 		32.241 		13.793
v 2 		32.241 		13.793
v 5.448 		32.241 		10.345
v 2 		32.241 		10.345
v -4.284 		-39.578 		6.897
v 12.345 		32.241 		6.897
v -4.284 		-38.716 		6.897
v -5.147 		-38.716 		6.897
v 15.793 		32.241 		6.897
v -5.147 		-37.853 		6.897
v 8.897 		32.241 		6.897
v -5.147 		-36.991 		6.897
v 12.345 		32.241 		3.448
v 15.793 		32.241 		3.448
v -8.192 		-40.44 		6.897
v 8.897 		32.241 		3.448
v 5.448 		32.241 		6.897
v 2 		32.241 		6.897
v 5.448 		32.241 		3.448
v -5.147 		-37.853 		6.034
v -5.147 		-37.853 		4.31
v 2 		32.241 		3.448
v -5.147 		-36.991 		4.31
v -5.147 		-36.991 		6.034
v -1.448 		32.241 		27.586
v -4.897 		32.241 		27.586
v -1.448 		32.241 		24.138
v 18.991 		-40.44 		55.138
v -1.448 		32.241 		20.69
v -2.56 		-39.578 		3.448
v 18.129 		-39.578 		55.138
v 16.405 		-39.578 		55.138
v 25.026 		-24.06 		6.897
v -1.698 		-38.716 		3.448
v -2.56 		-38.716 		3.448
v 16.405 		-38.716 		55.138
v -1.698 		-37.853 		3.448
v 24.164 		-23.198 		6.897
v 24.164 		-24.06 		6.897
v 23.302 		-23.198 		6.897
v 18.129 		-38.716 		55.138
v 18.991 		-38.716 		55.138
v -1.698 		-36.991 		3.448
v 18.991 		-40.44 		51.69
v 23.302 		-23.198 		4.31
v 16.405 		-39.578 		51.69
v 23.302 		-23.198 		6.034
v 18.129 		-39.578 		51.69
v 25.026 		-18.888 		3.448
v 16.405 		-38.716 		51.69
v 25.026 		-17.164 		3.448
v 18.129 		-38.716 		51.69
v -4.284 		-39.578 		3.448
v -4.284 		-38.716 		3.448
v 18.991 		-38.716 		51.69
v -5.147 		-38.716 		3.448
v 24.164 		-19.75 		3.448
v 24.164 		-18.888 		3.448
v -5.147 		-37.853 		3.448
v 23.302 		-19.75 		3.448
v 12.288 		-40.44 		58.586
v -5.147 		-36.991 		3.448
v 24.164 		-17.164 		3.448
v 15.543 		-38.716 		58.586
v 15.543 		-37.853 		58.586
v 15.543 		-37.853 		57.724
v -8.192 		-40.44 		3.448
v 15.543 		-36.991 		57.724
v 15.543 		-36.991 		58.586
v 24.164 		-23.198 		3.448
v 24.164 		-24.06 		3.448
v 23.302 		-23.198 		3.448
v 25.026 		-24.06 		3.448
v 2 		37.414 		17.241
v 2.862 		37.414 		17.241
v 25.026 		-25.784 		6.897
v 24.164 		-25.784 		6.897
v 24.164 		-26.647 		6.897
v 23.302 		-26.647 		6.897
v 18.379 		37.414 		13.793
v 19.241 		37.414 		13.793
v 12.095 		-38.716 		58.586
v 16.655 		37.414 		13.793
v 11.233 		-38.716 		58.586
v 23.302 		-26.647 		6.034
v 23.302 		-26.647 		4.31
v 12.095 		-37.853 		58.586
v 12.095 		-37.853 		57.724
v 25.026 		-32.681 		6.897
v 25.026 		-30.957 		6.897
v 12.095 		-36.991 		58.586
v 12.095 		-36.991 		57.724
v 19.241 		37.414 		10.345
v 18.379 		37.414 		10.345
v 24.164 		-32.681 		6.897
v 24.164 		-30.957 		6.897
v 16.655 		37.414 		10.345
v 24.164 		-30.095 		6.897
v 23.302 		-30.095 		6.897
v 18.379 		37.414 		6.897
v 16.655 		37.414 		6.897
v 19.241 		37.414 		6.897
v 23.302 		-30.095 		4.31
v 23.302 		-30.095 		6.034
v 24.164 		-25.784 		3.448
v 25.026 		-25.784 		3.448
v 24.164 		-26.647 		3.448
v 23.302 		-26.647 		3.448
v 19.241 		37.414 		3.448
v 25.026 		-32.681 		3.448
v 18.379 		37.414 		3.448
v -4.897 		32.241 		24.138
v 16.655 		37.414 		3.448
v -4.897 		32.241 		20.69
v -1.448 		32.241 		17.241
v -4.897 		32.241 		17.241
v 15.793 		37.414 		13.793
v -8.345 		32.241 		27.586
v 25.276 		38.276 		0
v 12.345 		37.414 		13.793
v 25.026 		-37.853 		62.034
v -8.345 		32.241 		24.138
v 25.026 		-4.828 		58.586
v 25.026 		-5.095 		58.586
v -8.345 		32.241 		20.69
v 25.026 		-4.828 		55.138
v 25.026 		-5.095 		55.138
v 25.026 		-4.828 		51.69
v -8.345 		32.241 		17.241
v -1.448 		32.241 		13.793
v 25.026 		-5.095 		51.69
v 25.026 		-11.991 		58.586
v 25.026 		-10.267 		58.586
v 11.483 		37.414 		13.793
v -4.897 		32.241 		13.793
v 8.897 		37.414 		13.793
v 25.026 		-10.267 		55.138
v 25.026 		-11.991 		55.138
v -1.448 		32.241 		10.345
v 9.759 		37.414 		13.793
v -4.897 		32.241 		10.345
v 25.026 		-11.991 		51.69
v 25.026 		-10.267 		51.69
v -8.345 		32.241 		13.793
v 25.026 		-4.828 		48.241
v 25.026 		-5.095 		48.241
v 25.026 		-5.095 		41.345
v -8.345 		32.241 		10.345
v 25.026 		-4.828 		41.345
v 25.026 		-5.095 		44.793
v 15.793 		37.414 		10.345
v -1.448 		32.241 		6.897
v 25.026 		-4.828 		44.793
v 12.345 		37.414 		10.345
v -4.897 		32.241 		6.897
v 25.026 		-10.267 		48.241
v 25.026 		-11.991 		48.241
v -1.448 		32.241 		3.448
v 25.026 		-11.991 		41.345
v -4.897 		32.241 		3.448
v 25.026 		-10.267 		41.345
v 25.026 		-11.991 		44.793
v -8.345 		32.241 		6.897
v 25.026 		-10.267 		44.793
v -8.345 		32.241 		3.448
v -11.793 		32.241 		0
v -11.181 		-38.716 		6.897
v -9.457 		-38.716 		6.897
v -12.043 		-38.716 		6.897
v 25.026 		-4.828 		37.897
v 25.026 		-5.095 		37.897
v 25.026 		-4.828 		34.448
v 25.026 		-5.095 		34.448
v -8.595 		-38.716 		6.897
v 25.026 		-11.991 		37.897
v 25.026 		-10.267 		37.897
v -8.595 		-37.853 		6.897
v -8.595 		-36.991 		6.897
v 25.026 		-10.267 		34.448
v 25.026 		-11.991 		34.448
v 25.026 		-18.888 		58.586
v 25.026 		-17.164 		58.586
v 25.026 		-24.06 		58.586
v 25.026 		-17.164 		55.138
v 25.026 		-18.888 		55.138
v 25.026 		-24.06 		55.138
v -11.181 		-39.578 		6.897
v -9.457 		-39.578 		6.897
v 25.026 		-18.888 		51.69
v 25.026 		-17.164 		51.69
v 25.026 		-24.06 		51.69
v 25.026 		-25.784 		58.586
v -12.043 		-40.44 		6.897
v 25.026 		-32.681 		58.586
v 25.026 		-30.957 		58.586
v 15.793 		35.69 		58.586
v 15.793 		35.69 		57.724
v 12.345 		35.69 		57.724
v 12.345 		35.69 		58.586
v -8.595 		-37.853 		4.31
v -8.595 		-37.853 		6.034
v -8.595 		-36.991 		4.31
v -8.595 		-36.991 		6.034
v 8.897 		35.69 		58.586
v 8.897 		35.69 		57.724
v 15.793 		35.69 		55.138
v 15.793 		35.69 		56
v 12.345 		35.69 		55.138
v 12.345 		35.69 		56
v 25.026 		-25.784 		55.138
v 25.026 		-30.957 		55.138
v 25.026 		-32.681 		55.138
v 25.026 		-25.784 		51.69
v 8.897 		35.69 		55.138
v 8.897 		35.69 		56
v 25.026 		-32.681 		51.69
v 25.026 		-30.957 		51.69
v -11.181 		-38.716 		3.448
v 25.026 		-17.164 		48.241
v 25.026 		-18.888 		48.241
v -18.69 		12.288 		48.241
v 11.483 		37.414 		10.345
v 15.793 		35.69 		51.69
v 15.793 		35.69 		50.828
v 12.345 		35.69 		50.828
v 12.345 		35.69 		51.69
v 8.897 		37.414 		10.345
v 9.759 		37.414 		10.345
v 5.448 		37.414 		13.793
v 4.586 		37.414 		13.793
v 25.026 		-24.06 		48.241
v 25.026 		-18.888 		41.345
v 8.897 		35.69 		51.69
v 8.897 		35.69 		50.828
v 5.448 		35.69 		57.724
v 5.448 		35.69 		58.586
v 2 		35.69 		58.586
v 2 		35.69 		57.724
v 5.448 		35.69 		55.138
v 5.448 		35.69 		56
v 2 		35.69 		55.138
v 2 		35.69 		56
v 5.448 		35.69 		50.828
v 5.448 		35.69 		51.69
v 2 		35.69 		51.69
v 2 		35.69 		50.828
v 15.793 		35.69 		48.241
v 12.345 		35.69 		48.241
v 15.793 		35.69 		49.103
v 12.345 		35.69 		49.103
v 8.897 		35.69 		48.241
v 8.897 		35.69 		49.103
v 12.345 		35.69 		44.793
v 15.793 		35.69 		44.793
v 15.793 		35.69 		43.931
v 12.345 		35.69 		43.931
v 15.793 		35.69 		41.345
v 12.345 		35.69 		41.345
v 15.793 		35.69 		42.207
v 12.345 		35.69 		42.207
v 8.897 		35.69 		44.793
v 8.897 		35.69 		41.345
v 8.897 		35.69 		43.931
v 8.897 		35.69 		42.207
v 5.448 		35.69 		48.241
v 5.448 		35.69 		49.103
v 2 		35.69 		48.241
v 2 		35.69 		49.103
v 5.448 		35.69 		44.793
v 5.448 		35.69 		41.345
v 5.448 		35.69 		42.207
v 5.448 		35.69 		43.931
v 2 		35.69 		41.345
v 2 		35.69 		44.793
v 2 		35.69 		43.931
v 2 		35.69 		42.207
v -9.457 		-38.716 		3.448
v 25.026 		-17.164 		41.345
v -12.043 		-38.716 		3.448
v 25.026 		-18.888 		44.793
v -8.595 		-38.716 		3.448
v 25.026 		-17.164 		44.793
v -17.216 		-30.095 		37.897
v -17.216 		-30.957 		37.897
v 25.026 		-24.06 		41.345
v -8.595 		-37.853 		3.448
v -8.595 		-36.991 		3.448
v 25.026 		-24.06 		44.793
v -17.216 		-32.681 		37.897
v 25.026 		-25.784 		48.241
v 25.026 		-30.957 		48.241
v 25.026 		-32.681 		48.241
v -9.457 		-39.578 		3.448
v -11.181 		-39.578 		3.448
v 25.026 		-25.784 		41.345
v 25.026 		-25.784 		44.793
v -12.043 		-40.44 		3.448
v -17.216 		-25.784 		34.448
v -17.216 		-26.647 		34.448
v 25.026 		-32.681 		41.345
v 25.026 		-30.957 		41.345
v 25.026 		-32.681 		44.793
v 25.026 		-30.957 		44.793
v -17.216 		-30.095 		34.448
v -17.216 		-30.957 		34.448
v 18.991 		-41.302 		62.034
v -17.216 		-32.681 		34.448
v -17.216 		-33.543 		58.586
v -17.216 		-33.543 		55.138
v 2 		37.414 		13.793
v 2.862 		37.414 		13.793
v -17.216 		-33.543 		51.69
v -17.216 		-33.543 		48.241
v 5.448 		37.414 		10.345
v -17.216 		-33.543 		41.345
v 4.586 		37.414 		10.345
v -17.216 		-33.543 		44.793
v -17.216 		-33.543 		37.897
v 2 		37.414 		10.345
v 2.862 		37.414 		10.345
v -17.216 		-33.543 		34.448
v -18.078 		-39.578 		62.034
v -18.078 		-37.853 		0
v 12.345 		37.414 		6.897
v 15.793 		37.414 		6.897
v -16.103 		11.552 		48.241
v -16.103 		11.552 		49.103
v -18.69 		8.192 		48.241
v -17.828 		8.966 		48.241
v -17.828 		10.69 		48.241
v -16.966 		11.552 		48.241
v 11.483 		37.414 		6.897
v 9.759 		37.414 		6.897
v -16.966 		10.69 		48.241
v -16.966 		8.966 		48.241
v 8.897 		37.414 		6.897
v -16.103 		15 		41.345
v -16.103 		15 		42.207
v -16.103 		15 		43.931
v -16.103 		15 		44.793
v 12.345 		37.414 		3.448
v 15.793 		37.414 		3.448
v 11.483 		37.414 		3.448
v -16.966 		15 		44.793
v 9.759 		37.414 		3.448
v -18.078 		-39.578 		0
v 8.647 		-38.716 		58.586
v 8.647 		-37.853 		58.586
v 8.647 		-37.853 		57.724
v 8.897 		37.414 		3.448
v 25.026 		-30.957 		3.448
v 9.509 		-38.716 		58.586
v -16.966 		15.862 		44.793
v -17.828 		15.862 		44.793
v 24.164 		-32.681 		3.448
v 24.164 		-30.957 		3.448
v 24.164 		-30.095 		3.448
v 5.448 		37.414 		6.897
v 4.586 		37.414 		6.897
v 23.302 		-30.095 		3.448
v -18.69 		12.288 		41.345
v 24.164 		-33.543 		27.586
v -16.966 		15 		41.345
v -16.966 		15.862 		41.345
v 2 		37.414 		6.897
v 2.862 		37.414 		6.897
v -17.828 		15.862 		41.345
v 24.164 		-33.543 		24.138
v -16.103 		11.552 		41.345
v 24.164 		-33.543 		20.69
v -16.103 		11.552 		44.793
v -16.103 		11.552 		43.931
v -16.103 		11.552 		42.207
v 24.164 		-33.543 		17.241
v 24.164 		-33.543 		13.793
v 24.164 		-33.543 		10.345
v 5.448 		37.414 		3.448
v 4.586 		37.414 		3.448
v -16.966 		11.552 		44.793
v -16.966 		10.69 		44.793
v 24.164 		-33.543 		6.897
v -17.828 		10.69 		44.793
v 2.862 		37.414 		3.448
v 2 		37.414 		3.448
v -16.966 		8.966 		44.793
v -17.828 		8.966 		44.793
v 24.164 		-33.543 		3.448
v -18.69 		11.552 		44.793
v 23.552 		28.793 		26.724
v -1.448 		37.414 		27.586
v -2.31 		37.414 		27.586
v 23.552 		28.793 		25
v -4.034 		37.414 		27.586
v 23.552 		25.345 		26.724
v -16.966 		11.552 		41.345
v -16.966 		10.69 		41.345
v 23.552 		25.345 		25
v 23.552 		28.793 		19.828
v -4.897 		37.414 		27.586
v 23.552 		28.793 		18.103
v 8.647 		-36.991 		57.724
v 8.647 		-36.991 		58.586
v 23.552 		25.345 		19.828
v -17.828 		-3.103 		27.586
v -1.448 		37.414 		24.138
v -17.828 		-3.371 		27.586
v -18.078 		-3.371 		27.586
v -2.31 		37.414 		24.138
v -18.078 		-5.095 		27.586
v -4.034 		37.414 		24.138
v -17.828 		-3.103 		24.138
v 8.192 		-40.44 		58.586
v -17.828 		-3.371 		24.138
v -18.078 		-3.371 		24.138
v 9.509 		-39.578 		58.586
v 11.233 		-39.578 		58.586
v -1.448 		37.414 		20.69
v -17.828 		-3.103 		20.69
v -2.31 		37.414 		20.69
v -17.828 		-3.371 		20.69
v -18.078 		-3.371 		20.69
v -4.034 		37.414 		20.69
v -18.078 		-5.095 		24.138
v -18.078 		-5.095 		20.69
v 15.543 		-38.716 		55.138
v 15.543 		-37.853 		55.138
v 15.543 		-37.853 		56
v -17.828 		-3.103 		17.241
v -17.828 		-3.371 		17.241
v -18.078 		-3.371 		17.241
v -4.897 		37.414 		20.69
v 15.543 		-36.991 		55.138
v 15.543 		-36.991 		56
v -18.078 		-5.095 		17.241
v -4.897 		37.414 		24.138
v -18.078 		-10.267 		27.586
v -18.078 		-11.991 		27.586
v -1.448 		37.414 		17.241
v -18.078 		-10.267 		24.138
v -2.31 		37.414 		17.241
v -18.078 		-11.991 		24.138
v -4.034 		37.414 		17.241
v -17.828 		10.69 		41.345
v 18.991 		-40.44 		48.241
v -18.078 		-10.267 		20.69
v 18.991 		-38.716 		48.241
v -18.078 		-11.991 		20.69
v 18.991 		-40.44 		44.793
v 18.991 		-38.716 		44.793
v -16.966 		8.966 		41.345
v -17.828 		8.966 		41.345
v 18.991 		-40.44 		41.345
v 18.991 		-38.716 		41.345
v -16.103 		4.655 		48.241
v -16.103 		8.103 		48.241
v -16.103 		8.103 		49.103
v 18.991 		-38.716 		37.897
v -18.078 		-10.267 		17.241
v -16.103 		4.655 		49.103
v 18.991 		-40.44 		37.897
v -18.078 		-11.991 		17.241
v -17.828 		-3.103 		13.793
v -16.966 		8.103 		48.241
v 18.991 		-40.44 		34.448
v -17.828 		-3.371 		13.793
v -18.078 		-3.371 		13.793
v 18.991 		-38.716 		34.448
v -16.966 		4.655 		48.241
v -18.078 		-5.095 		13.793
v 18.991 		-40.44 		27.586
v -17.828 		-3.103 		10.345
v -17.828 		-3.371 		10.345
v -18.078 		-3.371 		10.345
v -16.103 		8.103 		43.931
v -16.103 		8.103 		44.793
v 18.991 		-38.716 		27.586
v -16.103 		4.655 		44.793
v -16.103 		4.655 		43.931
v 18.991 		-40.44 		24.138
v -18.078 		-5.095 		10.345
v 18.991 		-38.716 		24.138
v -18.078 		-10.267 		13.793
v 18.991 		-40.44 		20.69
v -18.078 		-11.991 		13.793
v 18.991 		-38.716 		20.69
v -16.103 		4.655 		41.345
v -16.103 		8.103 		41.345
v -16.103 		8.103 		42.207
v 18.991 		-40.44 		17.241
v -16.103 		4.655 		42.207
v 18.991 		-38.716 		17.241
v -18.078 		-10.267 		10.345
v -16.966 		8.103 		44.793
v -16.966 		4.655 		44.793
v -18.078 		-11.991 		10.345
v -17.828 		-3.103 		6.897
v -17.828 		-3.371 		6.897
v -18.078 		-3.371 		6.897
v -18.69 		4.388 		41.345
v -18.078 		-5.095 		6.897
v -16.966 		4.655 		41.345
v -16.966 		8.103 		41.345
v -17.828 		-3.103 		3.448
v -17.828 		-3.371 		3.448
v -18.078 		-3.371 		3.448
v 18.991 		-41.302 		0
v 18.991 		0.94 		62.034
v -18.078 		-5.095 		3.448
v -18.078 		-10.267 		6.897
v -18.078 		-11.991 		6.897
v 18.991 		-5.957 		58.586
v -18.078 		-10.267 		3.448
v 18.991 		-5.957 		55.138
v -18.078 		-11.991 		3.448
v -18.078 		-17.164 		27.586
v 18.991 		-5.957 		51.69
v -18.078 		-18.888 		27.586
v 18.991 		-9.405 		58.586
v -18.078 		-24.06 		27.586
v 18.991 		-16.302 		58.586
v -18.078 		-17.164 		24.138
v 18.991 		-12.853 		58.586
v -18.078 		-18.888 		24.138
v 18.991 		-9.405 		55.138
v -18.078 		-17.164 		20.69
v 23.552 		25.345 		18.103
v 18.991 		-16.302 		55.138
v 18.991 		-12.853 		55.138
v 23.552 		21.897 		26.724
v 23.552 		21.897 		25
v 18.991 		-9.405 		51.69
v 23.552 		18.448 		26.724
v 18.991 		-16.302 		51.69
v 18.991 		-12.853 		51.69
v 23.552 		18.448 		25
v 23.552 		21.897 		19.828
v 18.991 		-5.957 		48.241
v 23.552 		21.897 		18.103
v 23.552 		18.448 		19.828
v 23.552 		18.448 		18.103
v 18.991 		-5.957 		41.345
v 18.991 		-5.957 		44.793
v 23.552 		28.793 		12.931
v 18.991 		-9.405 		48.241
v 23.552 		25.345 		12.931
v 18.991 		-16.302 		48.241
v 18.991 		-12.853 		48.241
v 23.552 		28.793 		11.207
v 23.552 		25.345 		11.207
v 18.991 		-9.405 		41.345
v 18.991 		-9.405 		44.793
v 23.552 		21.897 		12.931
v 23.552 		18.448 		12.931
v 18.991 		-16.302 		41.345
v 18.991 		-12.853 		41.345
v 18.991 		-16.302 		44.793
v 23.552 		21.897 		11.207
v 18.991 		-12.853 		44.793
v 23.552 		18.448 		11.207
v 23.552 		28.793 		4.31
v 23.552 		28.793 		6.034
v 18.991 		-5.957 		37.897
v 23.552 		25.345 		6.034
v 23.552 		25.345 		4.31
v 18.991 		-5.957 		34.448
v 23.552 		21.897 		4.31
v 23.552 		21.897 		6.034
v 23.552 		18.448 		6.034
v 23.552 		18.448 		4.31
v 18.991 		-9.405 		37.897
v 23.552 		15 		26.724
v 18.991 		-12.853 		37.897
v 18.991 		-16.302 		37.897
v 23.552 		15 		25
v 23.552 		11.552 		26.724
v 18.991 		-9.405 		34.448
v 23.552 		11.552 		25
v 23.552 		15 		19.828
v 18.991 		-16.302 		34.448
v 18.991 		-12.853 		34.448
v 23.552 		15 		18.103
v 23.552 		11.552 		19.828
v 23.552 		11.552 		18.103
v 18.991 		-19.75 		58.586
v 23.552 		8.103 		26.724
v 18.991 		-23.198 		58.586
v 23.552 		4.655 		26.724
v 18.991 		-19.75 		55.138
v 23.552 		4.655 		25
v 23.552 		8.103 		25
v 18.991 		-23.198 		55.138
v 23.552 		4.655 		19.828
v 18.991 		-19.75 		51.69
v 23.552 		8.103 		19.828
v 18.991 		-23.198 		51.69
v 23.552 		8.103 		18.103
v 18.991 		-26.647 		58.586
v 23.552 		4.655 		18.103
v 18.991 		-30.095 		58.586
v 23.552 		15 		12.931
v 18.991 		-26.647 		55.138
v 23.552 		11.552 		12.931
v 23.552 		15 		11.207
v 23.552 		11.552 		11.207
v -4.897 		37.414 		17.241
v 23.552 		8.103 		12.931
v 23.552 		4.655 		12.931
v -16.103 		15 		37.897
v -8.345 		37.414 		27.586
v 23.552 		8.103 		11.207
v -9.207 		37.414 		27.586
v -16.103 		15 		37.034
v 23.552 		4.655 		11.207
v 23.552 		15 		4.31
v 23.552 		15 		6.034
v -17.828 		15.862 		37.897
v -16.966 		15 		37.897
v -16.966 		15.862 		37.897
v 23.552 		11.552 		6.034
v 23.552 		11.552 		4.31
v -18.69 		12.288 		37.897
v 23.552 		8.103 		4.31
v 23.552 		8.103 		6.034
v -16.103 		11.552 		37.897
v -16.103 		11.552 		37.034
v 23.552 		4.655 		4.31
v 23.552 		4.655 		6.034
v 23.552 		28.793 		27.586
v -17.828 		10.69 		37.897
v -17.828 		8.966 		37.897
v -16.966 		11.552 		37.897
v -16.966 		10.69 		37.897
v -16.966 		8.966 		37.897
v 12.095 		-37.853 		56
v 12.095 		-36.991 		56
v -16.103 		15 		34.448
v -16.103 		15 		35.31
v 8.647 		-37.853 		56
v -17.828 		15.862 		34.448
v -16.966 		15.862 		34.448
v -16.966 		15 		34.448
v 8.647 		-36.991 		56
v -18.69 		12.288 		34.448
v -16.103 		11.552 		34.448
v -16.103 		11.552 		35.31
v 12.095 		-38.716 		55.138
v 11.233 		-38.716 		55.138
v 12.095 		-37.853 		55.138
v -17.828 		8.966 		34.448
v -17.828 		10.69 		34.448
v -16.966 		11.552 		34.448
v -16.966 		10.69 		34.448
v 12.095 		-36.991 		55.138
v -16.966 		8.966 		34.448
v 8.647 		-37.853 		55.138
v 8.647 		-38.716 		55.138
v 9.509 		-38.716 		55.138
v -16.103 		8.103 		37.897
v -16.103 		4.655 		37.897
v -16.103 		8.103 		37.034
v 8.647 		-36.991 		55.138
v -16.103 		4.655 		37.034
v -16.966 		8.103 		37.897
v 8.192 		-40.44 		55.138
v -16.966 		4.655 		37.897
v 11.233 		-39.578 		55.138
v 9.509 		-39.578 		55.138
v -16.103 		4.655 		34.448
v -16.103 		8.103 		34.448
v -16.103 		8.103 		35.31
v 15.543 		-40.44 		51.69
v -16.103 		4.655 		35.31
v 15.543 		-38.716 		51.69
v 15.543 		-37.853 		51.69
v 15.543 		-37.853 		50.828
v 15.543 		-36.991 		50.828
v 15.543 		-36.991 		51.69
v 12.095 		-38.716 		51.69
v 12.095 		-37.853 		51.69
v 11.233 		-38.716 		51.69
v 12.095 		-36.991 		51.69
v 8.647 		-38.716 		51.69
v 8.647 		-37.853 		51.69
v 9.509 		-38.716 		51.69
v 8.647 		-36.991 		51.69
v 8.192 		-40.44 		51.69
v 9.509 		-39.578 		51.69
v 11.233 		-39.578 		51.69
v 12.095 		-37.853 		50.828
v 12.095 		-36.991 		50.828
v 8.647 		-37.853 		50.828
v 8.647 		-36.991 		50.828
v 4.336 		-39.578 		58.586
v 5.198 		-38.716 		58.586
v 4.336 		-38.716 		58.586
v 5.198 		-37.853 		58.586
v 5.198 		-37.853 		57.724
v 5.198 		-36.991 		58.586
v 5.198 		-36.991 		57.724
v -11.793 		37.414 		27.586
v -10.931 		37.414 		27.586
v 12.345 		35.69 		37.034
v 12.345 		35.69 		37.897
v 15.793 		35.69 		37.034
v 15.793 		35.69 		37.897
v 25.026 		2.069 		58.586
v 25.026 		1.802 		58.586
v -8.345 		37.414 		24.138
v -9.207 		37.414 		24.138
v 25.026 		2.069 		55.138
v 8.897 		35.69 		37.897
v 8.897 		35.69 		37.034
v 25.026 		1.802 		55.138
v -10.931 		37.414 		24.138
v -11.793 		37.414 		24.138
v 25.026 		2.069 		51.69
v 25.026 		1.802 		51.69
v 12.345 		35.69 		34.448
v 12.345 		35.69 		35.31
v -8.345 		37.414 		20.69
v 15.793 		35.69 		35.31
v 15.793 		35.69 		34.448
v -9.207 		37.414 		20.69
v -10.931 		37.414 		20.69
v -11.793 		37.414 		20.69
v 8.897 		35.69 		34.448
v 8.897 		35.69 		35.31
v 5.448 		35.69 		37.897
v 5.448 		35.69 		37.034
v -8.345 		37.414 		17.241
v -9.207 		37.414 		17.241
v -10.931 		37.414 		17.241
v 25.026 		2.069 		48.241
v -11.793 		37.414 		17.241
v 25.026 		1.802 		48.241
v 2 		35.69 		37.897
v 2 		35.69 		37.034
v 25.026 		2.069 		44.793
v 25.026 		1.802 		44.793
v 5.448 		35.69 		34.448
v -1.448 		37.414 		13.793
v -2.31 		37.414 		13.793
v 5.448 		35.69 		35.31
v -4.034 		37.414 		13.793
v -16.966 		8.103 		34.448
v -16.966 		4.655 		34.448
v 2 		35.69 		34.448
v 2 		35.69 		35.31
v -4.897 		37.414 		13.793
v -16.103 		28.793 		25
v -16.103 		28.793 		26.724
v -16.103 		28.793 		27.586
v -1.448 		37.414 		10.345
v -1.448 		35.69 		57.724
v -1.448 		35.69 		58.586
v -2.31 		37.414 		10.345
v -4.034 		37.414 		10.345
v -4.897 		35.69 		58.586
v -4.897 		35.69 		57.724
v -18.69 		32.241 		27.586
v -17.828 		31.379 		27.586
v -4.897 		37.414 		10.345
v -16.966 		31.379 		27.586
v -16.966 		32.241 		27.586
v -1.448 		35.69 		55.138
v -1.448 		35.69 		56
v -9.207 		37.414 		13.793
v -8.345 		37.414 		13.793
v -17.828 		29.655 		27.586
v -4.897 		35.69 		55.138
v -4.897 		35.69 		56
v -11.793 		37.414 		13.793
v -10.931 		37.414 		13.793
v -16.966 		28.793 		27.586
v -16.966 		29.655 		27.586
v 18.991 		-30.095 		55.138
v 18.991 		-26.647 		51.69
v 23.552 		25.345 		27.586
v 18.991 		-30.095 		51.69
v 23.552 		28.793 		24.138
v 23.552 		28.793 		20.69
v 18.991 		-19.75 		48.241
v 23.552 		25.345 		24.138
v 23.552 		25.345 		20.69
v 18.991 		-23.198 		48.241
v 23.552 		28.793 		17.241
v -16.103 		25.345 		27.586
v -16.103 		25.345 		26.724
v -16.103 		25.345 		25
v 23.552 		25.345 		17.241
v 23.552 		21.897 		27.586
v -9.207 		37.414 		10.345
v -8.345 		37.414 		10.345
v 23.552 		18.448 		27.586
v -18.69 		25.345 		27.586
v 23.552 		21.897 		24.138
v -16.966 		25.345 		27.586
v 23.552 		21.897 		20.69
v -10.931 		37.414 		10.345
v -11.793 		37.414 		10.345
v 23.552 		18.448 		24.138
v 23.552 		18.448 		20.69
v -16.103 		28.793 		24.138
v 23.552 		21.897 		17.241
v -1.448 		37.414 		6.897
v -2.31 		37.414 		6.897
v 23.552 		18.448 		17.241
v -16.103 		28.793 		20.69
v 23.552 		28.793 		13.793
v 23.552 		25.345 		13.793
v -4.034 		37.414 		6.897
v -18.69 		32.241 		24.138
v 23.552 		28.793 		10.345
v -17.828 		31.379 		24.138
v 23.552 		25.345 		10.345
v 23.552 		21.897 		13.793
v -16.966 		32.241 		24.138
v -16.966 		31.379 		24.138
v 23.552 		18.448 		13.793
v 23.552 		21.897 		10.345
v 23.552 		18.448 		10.345
v -4.897 		37.414 		6.897
v 23.552 		28.793 		6.897
v -17.828 		29.655 		24.138
v -16.966 		29.655 		24.138
v -16.966 		28.793 		24.138
v 23.552 		25.345 		6.897
v -1.448 		37.414 		3.448
v -2.31 		37.414 		3.448
v 23.552 		28.793 		3.448
v -4.034 		37.414 		3.448
v 23.552 		25.345 		3.448
v 23.552 		21.897 		6.897
v -18.69 		32.241 		20.69
v -17.828 		31.379 		20.69
v 23.552 		18.448 		6.897
v -16.966 		31.379 		20.69
v -4.897 		37.414 		3.448
v -16.966 		32.241 		20.69
v 23.552 		21.897 		3.448
v 23.552 		18.448 		3.448
v -8.345 		37.414 		6.897
v -9.207 		37.414 		6.897
v 23.552 		15 		27.586
v -17.828 		29.655 		20.69
v 18.991 		-19.75 		44.793
v 23.552 		11.552 		27.586
v 25.026 		2.069 		41.345
v 25.026 		1.802 		41.345
v 18.991 		-19.75 		41.345
v 23.552 		15 		24.138
v 23.552 		15 		20.69
v 18.991 		-23.198 		44.793
v 18.991 		-23.198 		41.345
v 23.552 		11.552 		24.138
v 23.552 		11.552 		20.69
v 18.991 		-26.647 		48.241
v 23.552 		15 		17.241
v 18.991 		-30.095 		48.241
v 23.552 		11.552 		17.241
v 18.991 		-26.647 		41.345
v 23.552 		8.103 		27.586
v 18.991 		-26.647 		44.793
v 23.552 		4.655 		27.586
v 18.991 		-30.095 		41.345
v 23.552 		4.655 		24.138
v 23.552 		8.103 		24.138
v 18.991 		-30.095 		44.793
v 23.552 		8.103 		20.69
v 23.552 		4.655 		20.69
v 18.991 		-19.75 		37.897
v 23.552 		8.103 		17.241
v 25.026 		2.069 		37.897
v 23.552 		4.655 		17.241
v 23.552 		15 		13.793
v -18.078 		-18.888 		20.69
v 25.026 		1.802 		37.897
v 18.991 		-23.198 		37.897
v 23.552 		11.552 		13.793
v 23.552 		15 		10.345
v 23.552 		11.552 		10.345
v 25.026 		2.069 		34.448
v 23.552 		8.103 		13.793
v 25.026 		1.802 		34.448
v 23.552 		4.655 		13.793
v -11.793 		37.414 		6.897
v -10.931 		37.414 		6.897
v 23.552 		8.103 		10.345
v 23.552 		4.655 		10.345
v 23.552 		15 		6.897
v 23.552 		11.552 		6.897
v 23.552 		15 		3.448
v 23.552 		11.552 		3.448
v -8.345 		37.414 		3.448
v -9.207 		37.414 		3.448
v 23.552 		8.103 		6.897
v 23.552 		4.655 		6.897
v -10.931 		37.414 		3.448
v -11.793 		37.414 		3.448
v 23.552 		4.655 		3.448
v 23.552 		8.103 		3.448
v 18.991 		-19.75 		34.448
v 18.991 		-23.198 		34.448
v 24.414 		28.793 		27.586
v 24.414 		29.655 		27.586
v 18.991 		-26.647 		37.897
v 24.414 		32.241 		27.586
v 24.414 		31.379 		27.586
v 18.991 		-30.095 		37.897
v 18.991 		-26.647 		34.448
v 18.991 		-30.095 		34.448
v 24.414 		25.345 		27.586
v 18.991 		0.94 		0
v 18.991 		-5.957 		27.586
v 18.991 		-5.957 		24.138
v 18.991 		-5.957 		20.69
v 18.991 		-5.957 		17.241
v 24.414 		28.793 		24.138
v 24.414 		29.655 		24.138
v 18.991 		-9.405 		27.586
v 24.414 		31.379 		24.138
v 24.414 		32.241 		24.138
v 18.991 		-16.302 		27.586
v 18.991 		-12.853 		27.586
v 24.414 		28.793 		20.69
v 18.991 		-9.405 		24.138
v 24.414 		29.655 		20.69
v 18.991 		-9.405 		20.69
v 24.414 		31.379 		20.69
v 24.414 		32.241 		20.69
v 18.991 		-16.302 		24.138
v 18.991 		-12.853 		24.138
v 18.991 		-16.302 		20.69
v 18.991 		-12.853 		20.69
v 18.991 		-9.405 		17.241
v 24.414 		25.345 		24.138
v 18.991 		-16.302 		17.241
v 18.991 		-12.853 		17.241
v 18.991 		-5.957 		13.793
v 2.612 		-39.578 		58.586
v 1.75 		-38.716 		58.586
v 1.75 		-37.853 		58.586
v 1.75 		-37.853 		57.724
v 18.991 		-5.957 		10.345
v 2.612 		-38.716 		58.586
v 18.991 		-9.405 		13.793
v 1.75 		-36.991 		57.724
v 1.75 		-36.991 		58.586
v 18.991 		-16.302 		13.793
v 18.991 		-12.853 		13.793
v 18.991 		-9.405 		10.345
v 18.991 		-16.302 		10.345
v 18.991 		-12.853 		10.345
v 5.198 		-37.853 		56
v 5.198 		-36.991 		56
v 18.991 		-5.957 		6.897
v 18.991 		-5.957 		3.448
v 4.336 		-39.578 		55.138
v 5.198 		-38.716 		55.138
v 4.336 		-38.716 		55.138
v 5.198 		-37.853 		55.138
v 18.991 		-9.405 		6.897
v 5.198 		-36.991 		55.138
v 18.991 		-12.853 		6.897
v 18.991 		-16.302 		6.897
v 18.991 		-9.405 		3.448
v 18.991 		-16.302 		3.448
v 18.991 		-12.853 		3.448
v 1.75 		-37.853 		56
v 18.991 		-19.75 		27.586
v 18.991 		-23.198 		27.586
v 1.75 		-36.991 		56
v 18.991 		-19.75 		24.138
v 18.991 		-19.75 		20.69
v 2.612 		-39.578 		55.138
v 18.991 		-23.198 		24.138
v 1.75 		-37.853 		55.138
v 1.75 		-38.716 		55.138
v 18.991 		-23.198 		20.69
v 2.612 		-38.716 		55.138
v 18.991 		-19.75 		17.241
v 1.75 		-36.991 		55.138
v 18.991 		-23.198 		17.241
v 0 		-40.44 		55.138
v 18.991 		-26.647 		27.586
v 18.991 		-30.095 		27.586
v 18.991 		-26.647 		24.138
v 4.336 		-39.578 		51.69
v 18.991 		-26.647 		20.69
v 5.198 		-37.853 		51.69
v 5.198 		-38.716 		51.69
v 5.198 		-37.853 		50.828
v 4.336 		-38.716 		51.69
v 18.991 		-30.095 		24.138
v 18.991 		-30.095 		20.69
v 5.198 		-36.991 		51.69
v 5.198 		-36.991 		50.828
v -18.078 		-24.06 		24.138
v -18.078 		-24.06 		20.69
v -18.078 		-17.164 		17.241
v -18.078 		-18.888 		17.241
v -16.966 		28.793 		20.69
v 2.612 		-39.578 		51.69
v -16.966 		29.655 		20.69
v 1.75 		-38.716 		51.69
v 1.75 		-37.853 		51.69
v 1.75 		-37.853 		50.828
v -18.078 		-24.06 		17.241
v -18.69 		28.672 		20.69
v 2.612 		-38.716 		51.69
v -18.078 		-25.784 		27.586
v -16.103 		25.345 		24.138
v 1.75 		-36.991 		50.828
v -18.078 		-30.957 		27.586
v 1.75 		-36.991 		51.69
v -18.078 		-32.681 		27.586
v -16.103 		25.345 		20.69
v -18.078 		-25.784 		24.138
v 0 		-40.44 		51.69
v -16.966 		25.345 		24.138
v -18.078 		-25.784 		20.69
v -18.69 		25.345 		24.138
v -16.966 		25.345 		20.69
v -18.078 		-30.957 		24.138
v 18.129 		-39.578 		48.241
v 16.405 		-39.578 		48.241
v -18.078 		-32.681 		24.138
v 16.405 		-38.716 		48.241
v 18.129 		-38.716 		48.241
v -18.078 		-30.957 		20.69
v -18.078 		-32.681 		20.69
v 25.026 		-4.828 		27.586
v 25.026 		-4.828 		24.138
v 16.405 		-39.578 		44.793
v 16.405 		-38.716 		44.793
v 25.026 		-4.828 		20.69
v 18.129 		-39.578 		44.793
v 18.129 		-38.716 		44.793
v 25.026 		-4.828 		17.241
v -18.078 		-25.784 		17.241
v -18.078 		-30.957 		17.241
v -18.078 		-32.681 		17.241
v 16.405 		-39.578 		41.345
v 16.405 		-38.716 		41.345
v -18.078 		-17.164 		13.793
v 25.026 		-4.828 		13.793
v -18.078 		-18.888 		13.793
v 25.026 		-4.828 		10.345
v 18.129 		-38.716 		41.345
v 18.129 		-39.578 		41.345
v -18.078 		-24.06 		13.793
v -18.078 		-17.164 		10.345
v -18.078 		-18.888 		10.345
v 25.026 		-4.828 		6.897
v 16.405 		-38.716 		37.897
v 25.026 		-4.828 		3.448
v -18.078 		-24.06 		10.345
v 18.129 		-38.716 		37.897
v -18.078 		-25.784 		13.793
v 16.405 		-39.578 		37.897
v 18.129 		-39.578 		37.897
v -18.078 		-30.957 		13.793
v -18.078 		-32.681 		13.793
v -18.078 		-25.784 		10.345
v -18.078 		-30.957 		10.345
v -18.078 		-32.681 		10.345
v -18.078 		-17.164 		6.897
v 16.405 		-39.578 		34.448
v 18.129 		-39.578 		34.448
v -18.078 		-18.888 		6.897
v 16.405 		-38.716 		34.448
v -16.103 		28.793 		17.241
v -16.103 		28.793 		18.103
v -16.103 		28.793 		19.828
v 18.129 		-38.716 		34.448
v -18.078 		-24.06 		6.897
v -18.078 		-17.164 		3.448
v -18.078 		-18.888 		3.448
v -1.448 		35.69 		50.828
v -1.448 		35.69 		51.69
v -17.828 		31.379 		17.241
v -17.828 		29.655 		17.241
v -16.966 		28.793 		17.241
v -16.966 		31.379 		17.241
v -18.078 		-24.06 		3.448
v -16.966 		29.655 		17.241
v -16.966 		32.241 		17.241
v -18.078 		-25.784 		6.897
v -18.69 		32.241 		17.241
v -4.897 		35.69 		51.69
v -4.897 		35.69 		50.828
v -18.078 		-30.957 		6.897
v -18.078 		-32.681 		6.897
v -18.078 		-25.784 		3.448
v -8.345 		35.69 		57.724
v -8.345 		35.69 		58.586
v -18.078 		-30.957 		3.448
v -16.103 		25.345 		17.241
v -18.078 		-32.681 		3.448
v -16.103 		25.345 		19.828
v -16.103 		25.345 		18.103
v -8.345 		35.69 		55.138
v -8.345 		35.69 		56
v -16.966 		25.345 		17.241
v -8.345 		35.69 		50.828
v -8.345 		35.69 		51.69
v -16.103 		21.897 		25
v -16.103 		21.897 		26.724
v -16.103 		21.897 		27.586
v -1.448 		35.69 		48.241
v -1.448 		35.69 		49.103
v -18.69 		20.48 		27.586
v -17.828 		24.483 		27.586
v -17.828 		22.759 		27.586
v -16.966 		24.483 		27.586
v -16.966 		21.897 		27.586
v -16.966 		22.759 		27.586
v -4.897 		35.69 		48.241
v -4.897 		35.69 		49.103
v -16.103 		18.448 		27.586
v -16.103 		18.448 		26.724
v -16.103 		18.448 		25
v -1.448 		35.69 		41.345
v -1.448 		35.69 		42.207
v -1.448 		35.69 		43.931
v -17.216 		-5.957 		27.586
v -1.448 		35.69 		44.793
v -17.216 		-5.095 		27.586
v -17.828 		17.586 		27.586
v -16.966 		18.448 		27.586
v -16.966 		17.586 		27.586
v -16.103 		21.897 		24.138
v -17.216 		-5.095 		24.138
v -17.216 		-5.957 		24.138
v -4.897 		35.69 		41.345
v -16.103 		21.897 		20.69
v -4.897 		35.69 		44.793
v -4.897 		35.69 		43.931
v -4.897 		35.69 		42.207
v -17.828 		24.483 		24.138
v -17.828 		22.759 		24.138
v -16.966 		24.483 		24.138
v -17.216 		-5.957 		20.69
v -16.966 		22.759 		24.138
v -16.966 		21.897 		24.138
v -17.216 		-5.095 		20.69
v -17.828 		24.483 		20.69
v -8.345 		35.69 		48.241
v -17.828 		22.759 		20.69
v -16.966 		21.897 		20.69
v -8.345 		35.69 		49.103
v -16.966 		24.483 		20.69
v -16.966 		22.759 		20.69
v -18.69 		20.48 		20.69
v -8.345 		35.69 		41.345
v -8.345 		35.69 		42.207
v -8.345 		35.69 		43.931
v -8.345 		35.69 		44.793
v -1.448 		35.69 		37.897
v -1.448 		35.69 		37.034
v -18.078 		3.526 		58.586
v -17.828 		3.526 		58.586
v -17.828 		3.526 		55.138
v -18.078 		3.526 		55.138
v 24.414 		25.345 		20.69
v -18.078 		3.526 		51.69
v -17.828 		3.526 		51.69
v -17.828 		3.526 		48.241
v -18.078 		3.526 		48.241
v -18.078 		3.526 		44.793
v -17.828 		3.526 		44.793
v -17.828 		3.526 		41.345
v -18.078 		3.526 		41.345
v -18.078 		3.526 		37.897
v -17.828 		3.526 		37.897
v -18.078 		3.526 		34.448
v -17.828 		3.526 		34.448
v -18.078 		3.526 		27.586
v -17.828 		3.526 		27.586
v -17.828 		3.526 		24.138
v -18.078 		3.526 		24.138
v -18.078 		3.526 		20.69
v -17.828 		3.526 		20.69
v -17.828 		3.526 		17.241
v -18.078 		3.526 		17.241
v -18.078 		3.526 		13.793
v -17.828 		3.526 		13.793
v -17.828 		3.526 		10.345
v -18.078 		3.526 		10.345
v -18.078 		3.526 		6.897
v -17.828 		3.526 		6.897
v 24.414 		31.379 		17.241
v -18.078 		3.526 		3.448
v -17.828 		3.526 		3.448
v 24.414 		32.241 		17.241
v -19.802 		0.94 		62.034
v -19.802 		-2.509 		62.034
v 24.414 		28.793 		17.241
v 24.414 		29.655 		17.241
v -19.802 		-33.543 		62.034
v -19.802 		-36.991 		62.034
v 24.414 		25.345 		17.241
v -19.802 		0.94 		0
v -4.897 		35.69 		37.897
v -4.897 		35.69 		37.034
v -19.802 		-2.509 		0
v -1.448 		35.69 		34.448
v -1.448 		35.69 		35.31
v -19.802 		-33.543 		0
v -19.802 		-36.991 		0
v -18.94 		-37.853 		62.034
v -18.94 		-36.991 		62.034
v -18.94 		-36.991 		0
v -18.94 		-37.853 		0
v -18.078 		-37.853 		62.034
v -4.897 		35.69 		34.448
v -4.897 		35.69 		35.31
v -8.345 		35.69 		37.897
v -8.345 		35.69 		37.034
v -8.345 		35.69 		34.448
v -8.345 		35.69 		35.31
v -19.552 		0.94 		0
v -19.552 		1.207 		0
v -18.94 		1.207 		0
v -18.94 		1.802 		0
v -18.69 		1.802 		0
v -18.94 		-2.509 		0
v 15.793 		35.69 		27.586
v 15.793 		35.69 		26.724
v 12.345 		35.69 		26.724
v 12.345 		35.69 		27.586
v -18.94 		-33.543 		0
v 15.793 		35.69 		25
v -19.552 		1.207 		62.034
v -19.552 		0.94 		62.034
v 12.345 		35.69 		25
v 8.897 		35.69 		27.586
v 8.897 		35.69 		26.724
v -18.94 		1.207 		62.034
v 8.897 		35.69 		25
v 15.793 		35.69 		24.138
v -18.94 		1.802 		62.034
v 12.345 		35.69 		24.138
v 15.793 		35.69 		20.69
v 12.345 		35.69 		20.69
v 8.897 		35.69 		24.138
v 8.897 		35.69 		20.69
v 15.793 		35.69 		19.828
v 12.345 		35.69 		19.828
v 15.793 		35.69 		17.241
v 12.345 		35.69 		17.241
v 15.793 		35.69 		18.103
v 12.345 		35.69 		18.103
v 18.991 		-26.647 		17.241
v 18.991 		-30.095 		17.241
v -16.103 		18.448 		24.138
v 18.991 		-19.75 		13.793
v 18.991 		-23.198 		13.793
v 8.897 		35.69 		17.241
v 8.897 		35.69 		19.828
v 8.897 		35.69 		18.103
v 18.991 		-19.75 		10.345
v 18.991 		-23.198 		10.345
v 18.991 		-26.647 		13.793
v 18.991 		-30.095 		13.793
v 5.448 		35.69 		25
v 5.448 		35.69 		26.724
v 5.448 		35.69 		27.586
v 18.991 		-26.647 		10.345
v 18.991 		-30.095 		10.345
v 18.991 		-19.75 		6.897
v 18.991 		-23.198 		6.897
v 2 		35.69 		27.586
v 2 		35.69 		26.724
v 2 		35.69 		25
v 18.991 		-19.75 		3.448
v 18.991 		-23.198 		3.448
v 5.448 		35.69 		24.138
v 18.991 		-26.647 		6.897
v 18.991 		-30.095 		6.897
v 5.448 		35.69 		20.69
v 18.991 		-26.647 		3.448
v 18.991 		-30.095 		3.448
v 2 		35.69 		24.138
v 24.414 		21.897 		27.586
v 22.44 		-41.302 		0
v 22.44 		-41.302 		62.034
v 24.414 		22.759 		27.586
v 23.302 		-40.44 		0
v 22.44 		-40.44 		0
v -17.216 		-5.957 		17.241
v 24.414 		24.483 		27.586
v -17.216 		-5.095 		17.241
v 22.44 		-40.44 		62.034
v 23.302 		-40.44 		62.034
v 19.241 		0.94 		0
v -16.103 		18.448 		20.69
v -17.828 		17.586 		24.138
v -16.966 		18.448 		24.138
v -17.216 		-9.405 		27.586
v -16.966 		17.586 		24.138
v -17.216 		-10.267 		27.586
v -17.216 		-11.991 		27.586
v 15.543 		-40.44 		48.241
v 15.543 		-38.716 		48.241
v 15.543 		-37.853 		49.103
v 15.543 		-37.853 		48.241
v 19.241 		0.94 		62.034
v 22.44 		-5.957 		57.724
v 22.44 		-5.957 		58.586
v 23.302 		-5.957 		57.724
v 15.543 		-36.991 		48.241
v 15.543 		-36.991 		49.103
v -17.216 		-12.853 		27.586
v 22.44 		-5.957 		55.138
v 22.44 		-5.957 		56
v -17.216 		-16.302 		27.586
v 23.302 		-5.957 		56
v -17.828 		17.586 		20.69
v 22.44 		-5.957 		50.828
v 22.44 		-5.957 		51.69
v -16.966 		18.448 		20.69
v 12.095 		-38.716 		48.241
v 12.095 		-37.853 		48.241
v 12.095 		-37.853 		49.103
v 23.302 		-5.957 		50.828
v -16.966 		17.586 		20.69
v 11.233 		-38.716 		48.241
v 12.095 		-36.991 		48.241
v 12.095 		-36.991 		49.103
v -18.94 		-2.509 		58.586
v -18.94 		-2.509 		62.034
v -18.69 		-3.103 		58.586
v -18.69 		-2.509 		58.586
v 8.647 		-38.716 		48.241
v 8.647 		-37.853 		48.241
v 8.647 		-37.853 		49.103
v -18.94 		-8.192 		58.586
v 9.509 		-38.716 		48.241
v -18.94 		-2.509 		55.138
v -18.69 		-2.509 		55.138
v -18.69 		-3.103 		55.138
v -16.103 		21.897 		17.241
v -16.103 		21.897 		18.103
v -16.103 		21.897 		19.828
v 24.414 		18.448 		27.586
v 24.414 		17.586 		27.586
v -18.94 		-8.192 		55.138
v -17.828 		24.483 		17.241
v -18.94 		-2.509 		51.69
v -17.828 		22.759 		17.241
v -18.69 		-3.103 		51.69
v -16.966 		21.897 		17.241
v -18.69 		-2.509 		51.69
v -16.966 		24.483 		17.241
v -16.966 		22.759 		17.241
v -18.69 		20.48 		17.241
v -18.94 		-8.192 		51.69
v -16.103 		18.448 		17.241
v 24.414 		21.897 		24.138
v -16.103 		18.448 		19.828
v -16.103 		18.448 		18.103
v 24.414 		22.759 		24.138
v -18.94 		-12.288 		55.138
v 24.414 		24.483 		24.138
v -17.828 		17.586 		17.241
v -16.966 		18.448 		17.241
v 24.414 		21.897 		20.69
v 22.44 		-9.405 		58.586
v 22.44 		-9.405 		57.724
v -16.966 		17.586 		17.241
v 24.414 		22.759 		20.69
v 24.414 		24.483 		20.69
v 23.302 		-9.405 		57.724
v 22.44 		-12.853 		57.724
v 22.44 		-12.853 		58.586
v -16.103 		28.793 		13.793
v -16.103 		28.793 		12.931
v 23.302 		-12.853 		57.724
v 24.414 		18.448 		24.138
v 22.44 		-16.302 		58.586
v 24.414 		17.586 		24.138
v 22.44 		-16.302 		57.724
v 23.302 		-16.302 		57.724
v -16.966 		31.379 		13.793
v -16.966 		32.241 		13.793
v -17.828 		31.379 		13.793
v 24.414 		18.448 		20.69
v 24.414 		17.586 		20.69
v -18.69 		32.241 		13.793
v 22.44 		-9.405 		55.138
v 22.44 		-9.405 		56
v -16.966 		28.793 		13.793
v 23.302 		-9.405 		56
v -16.966 		29.655 		13.793
v -17.828 		29.655 		13.793
v 22.44 		-16.302 		56
v 22.44 		-12.853 		56
v 23.302 		-16.302 		56
v 24.414 		21.897 		17.241
v 23.302 		-12.853 		56
v 24.414 		22.759 		17.241
v 22.44 		-16.302 		55.138
v 24.414 		24.483 		17.241
v 22.44 		-12.853 		55.138
v -18.69 		-2.509 		48.241
v -18.69 		-3.103 		48.241
v -18.94 		-2.509 		48.241
v 24.414 		18.448 		17.241
v 24.414 		17.586 		17.241
v -18.94 		-8.192 		48.241
v -18.94 		-2.509 		41.345
v -18.69 		-2.509 		41.345
v -18.69 		-3.103 		41.345
v -18.69 		-3.103 		44.793
v -18.69 		-2.509 		44.793
v 8.647 		-36.991 		48.241
v 8.647 		-36.991 		49.103
v 8.192 		-40.44 		48.241
v -18.94 		-2.509 		44.793
v 11.233 		-39.578 		48.241
v 9.509 		-39.578 		48.241
v 12.288 		-40.44 		44.793
v 15.543 		-38.716 		44.793
v 15.543 		-37.853 		44.793
v -18.94 		-16.384 		48.241
v 15.543 		-37.853 		43.931
v 15.543 		-36.991 		43.931
v 15.543 		-36.991 		44.793
v -18.94 		-12.288 		44.793
v -18.94 		-9.405 		41.345
v -18.94 		-12.288 		41.345
v 15.543 		-38.716 		41.345
v 15.543 		-37.853 		41.345
v 15.543 		-37.853 		42.207
v 15.543 		-36.991 		41.345
v -18.69 		-3.103 		37.897
v 15.543 		-36.991 		42.207
v -18.69 		-2.509 		37.897
v -18.94 		-2.509 		37.897
v -18.94 		-8.192 		37.897
v -18.69 		-2.509 		34.448
v -18.69 		-3.103 		34.448
v -17.216 		-9.405 		24.138
v -18.94 		-2.509 		34.448
v 12.095 		-38.716 		44.793
v 11.233 		-38.716 		44.793
v -17.216 		-10.267 		24.138
v 12.095 		-37.853 		44.793
v 12.095 		-37.853 		43.931
v -17.216 		-11.991 		24.138
v 12.095 		-36.991 		44.793
v 12.095 		-36.991 		43.931
v -18.94 		-8.192 		34.448
v -18.94 		-12.288 		37.897
v -17.216 		-9.405 		20.69
v -17.216 		-10.267 		20.69
v -17.216 		-11.991 		20.69
v 8.647 		-38.716 		44.793
v 8.647 		-37.853 		44.793
v 8.647 		-37.853 		43.931
v 9.509 		-38.716 		44.793
v 8.647 		-36.991 		43.931
v 8.647 		-36.991 		44.793
v 22.44 		-9.405 		51.69
v 22.44 		-9.405 		50.828
v 23.302 		-9.405 		50.828
v -17.216 		-12.853 		24.138
v 22.44 		-16.302 		51.69
v -17.216 		-16.302 		24.138
v 22.44 		-12.853 		51.69
v 9.509 		-39.578 		44.793
v 11.233 		-39.578 		44.793
v 22.44 		-16.302 		50.828
v 22.44 		-12.853 		50.828
v -17.216 		-12.853 		20.69
v 23.302 		-16.302 		50.828
v -17.216 		-16.302 		20.69
v 23.302 		-12.853 		50.828
v 12.095 		-38.716 		41.345
v 11.233 		-38.716 		41.345
v 12.095 		-37.853 		41.345
v 12.095 		-37.853 		42.207
v 12.095 		-36.991 		42.207
v 12.095 		-36.991 		41.345
v 22.44 		-5.957 		48.241
v 22.44 		-5.957 		49.103
v -17.216 		-9.405 		17.241
v -17.216 		-10.267 		17.241
v 23.302 		-5.957 		49.103
v -17.216 		-11.991 		17.241
v 22.44 		-5.957 		43.931
v 22.44 		-5.957 		44.793
v 23.302 		-5.957 		43.931
v 8.647 		-37.853 		41.345
v 8.647 		-38.716 		41.345
v 8.647 		-37.853 		42.207
v 9.509 		-38.716 		41.345
v 22.44 		-5.957 		41.345
v 8.647 		-36.991 		41.345
v 8.647 		-36.991 		42.207
v 22.44 		-5.957 		42.207
v -17.216 		-12.853 		17.241
v -17.216 		-16.302 		17.241
v 9.509 		-39.578 		41.345
v 11.233 		-40.44 		41.345
v -17.216 		-5.957 		13.793
v -17.216 		-5.095 		13.793
v 11.233 		-39.578 		41.345
v 5.198 		-38.716 		48.241
v 5.198 		-37.853 		48.241
v 5.198 		-37.853 		49.103
v 4.336 		-38.716 		48.241
v 5.198 		-36.991 		49.103
v 5.198 		-36.991 		48.241
v 4.336 		-39.578 		48.241
v 1.75 		-37.853 		48.241
v 1.75 		-38.716 		48.241
v 1.75 		-37.853 		49.103
v 2.612 		-38.716 		48.241
v 1.75 		-36.991 		48.241
v 1.75 		-36.991 		49.103
v 2.612 		-39.578 		48.241
v 0 		-40.44 		48.241
v 5.198 		-38.716 		44.793
v 5.198 		-37.853 		43.931
v 5.198 		-37.853 		44.793
v 4.336 		-38.716 		44.793
v 5.198 		-36.991 		44.793
v 5.198 		-36.991 		43.931
v -16.966 		25.345 		13.793
v -16.103 		25.345 		13.793
v -16.103 		25.345 		12.931
v 4.336 		-39.578 		44.793
v -18.69 		24.576 		13.793
v 4.336 		-40.44 		44.793
v -16.103 		28.793 		10.345
v -16.103 		28.793 		11.207
v 5.198 		-38.716 		41.345
v 5.198 		-37.853 		41.345
v 5.198 		-37.853 		42.207
v 4.336 		-38.716 		41.345
v -18.69 		32.241 		10.345
v -16.966 		32.241 		10.345
v -16.966 		31.379 		10.345
v -17.828 		31.379 		10.345
v 5.198 		-36.991 		42.207
v 5.198 		-36.991 		41.345
v -17.216 		-5.957 		10.345
v 2 		35.69 		20.69
v -17.216 		-5.095 		10.345
v -16.966 		28.793 		10.345
v -16.966 		29.655 		10.345
v 5.448 		35.69 		17.241
v -17.216 		-9.405 		13.793
v 5.448 		35.69 		18.103
v 5.448 		35.69 		19.828
v -17.216 		-10.267 		13.793
v -17.216 		-11.991 		13.793
v -17.828 		29.655 		10.345
v 2 		35.69 		17.241
v 2 		35.69 		19.828
v 2 		35.69 		18.103
v -17.216 		-12.853 		13.793
v -17.216 		-16.302 		13.793
v 12.345 		35.69 		13.793
v 15.793 		35.69 		13.793
v 15.793 		35.69 		12.931
v 12.345 		35.69 		12.931
v -17.216 		-9.405 		10.345
v -17.216 		-10.267 		10.345
v -18.69 		25.345 		10.345
v 8.897 		35.69 		13.793
v -17.216 		-11.991 		10.345
v -16.966 		25.345 		10.345
v -16.103 		25.345 		10.345
v 24.414 		29.655 		13.793
v 25.026 		2.069 		27.586
v 24.414 		31.379 		13.793
v 24.414 		32.241 		13.793
v 24.414 		28.793 		13.793
v 25.026 		1.802 		27.586
v -17.216 		-12.853 		10.345
v -17.216 		-16.302 		10.345
v 25.026 		2.069 		24.138
v 24.414 		25.345 		13.793
v 25.026 		1.802 		24.138
v 23.302 		-5.957 		42.207
v 25.026 		2.069 		20.69
v 25.026 		1.802 		20.69
v -17.216 		-5.095 		6.897
v -17.216 		-5.957 		6.897
v 22.44 		-9.405 		48.241
v 25.026 		2.069 		17.241
v 22.44 		-9.405 		49.103
v 24.414 		31.379 		10.345
v 24.414 		32.241 		10.345
v -17.216 		-5.095 		3.448
v 25.026 		1.802 		17.241
v 23.302 		-9.405 		49.103
v -17.216 		-5.957 		3.448
v 22.44 		-12.853 		48.241
v 24.414 		29.655 		10.345
v 24.414 		28.793 		10.345
v 22.44 		-12.853 		49.103
v 23.302 		-12.853 		49.103
v 24.414 		25.345 		10.345
v -17.216 		-10.267 		6.897
v 22.44 		-16.302 		48.241
v 22.44 		-16.302 		49.103
v 8.897 		35.69 		12.931
v 23.302 		-16.302 		49.103
v 15.793 		35.69 		10.345
v 12.345 		35.69 		10.345
v 15.793 		35.69 		11.207
v 12.345 		35.69 		11.207
v 25.026 		2.069 		13.793
v -18.94 		-20.48 		58.586
v 25.026 		1.802 		13.793
v 25.026 		2.069 		10.345
v 25.026 		1.802 		10.345
v 8.897 		35.69 		10.345
v 8.897 		35.69 		11.207
v -18.94 		-20.48 		51.69
v -16.103 		25.345 		11.207
v 5.448 		35.69 		13.793
v 5.448 		35.69 		12.931
v 22.44 		-9.405 		44.793
v 22.44 		-9.405 		43.931
v 23.302 		-9.405 		43.931
v -16.103 		21.897 		13.793
v 2 		35.69 		13.793
v 2 		35.69 		12.931
v -16.103 		21.897 		12.931
v 22.44 		-9.405 		41.345
v 22.44 		-9.405 		42.207
v -16.966 		24.483 		13.793
v 23.302 		-9.405 		42.207
v -17.828 		24.483 		13.793
v -16.966 		21.897 		13.793
v -16.966 		22.759 		13.793
v -17.828 		22.759 		13.793
v -18.69 		21.897 		13.793
v 22.44 		-12.853 		43.931
v 22.44 		-12.853 		44.793
v 24.414 		21.897 		13.793
v 24.414 		22.759 		13.793
v 23.302 		-12.853 		43.931
v 24.414 		24.483 		13.793
v -16.103 		18.448 		13.793
v -16.103 		18.448 		12.931
v 22.44 		-16.302 		44.793
v 22.44 		-16.302 		43.931
v 23.302 		-16.302 		43.931
v -16.966 		18.448 		13.793
v 24.414 		18.448 		13.793
v -16.966 		17.586 		13.793
v 24.414 		17.586 		13.793
v -17.828 		17.586 		13.793
v -18.94 		-28.672 		55.138
v -16.103 		21.897 		10.345
v 24.414 		21.897 		10.345
v -18.94 		-28.672 		51.69
v -16.103 		21.897 		11.207
v 24.414 		22.759 		10.345
v -18.94 		-20.48 		48.241
v 24.414 		24.483 		10.345
v -16.966 		24.483 		10.345
v -17.828 		24.483 		10.345
v -18.69 		20.48 		10.345
v -18.94 		-20.48 		44.793
v -16.966 		21.897 		10.345
v 5.448 		35.69 		10.345
v -16.966 		22.759 		10.345
v 5.448 		35.69 		11.207
v -17.828 		22.759 		10.345
v -18.94 		-20.48 		41.345
v 2 		35.69 		10.345
v 2 		35.69 		11.207
v -16.103 		18.448 		10.345
v -16.103 		18.448 		11.207
v 24.414 		18.448 		10.345
v 24.414 		17.586 		10.345
v -16.966 		18.448 		10.345
v -16.966 		17.586 		10.345
v -17.828 		17.586 		10.345
v 24.414 		28.793 		6.897
v 24.414 		29.655 		6.897
v -16.103 		28.793 		4.31
v -16.103 		28.793 		6.034
v -16.103 		28.793 		6.897
v 24.414 		32.241 		6.897
v 24.414 		31.379 		6.897
v -17.828 		31.379 		6.897
v -18.94 		-30.957 		41.345
v -16.966 		31.379 		6.897
v -16.966 		32.241 		6.897
v -18.69 		32.241 		6.897
v -18.94 		-20.48 		37.897
v -17.216 		-11.991 		6.897
v 24.414 		25.345 		6.897
v -17.216 		-9.405 		6.897
v -17.828 		29.655 		6.897
v -16.966 		29.655 		6.897
v -18.94 		-20.48 		34.448
v -16.966 		28.793 		6.897
v -18.69 		28.672 		6.897
v 22.44 		-12.853 		41.345
v 22.44 		-12.853 		42.207
v 23.302 		-12.853 		42.207
v 24.414 		28.793 		3.448
v 24.414 		29.655 		3.448
v -18.94 		-28.672 		37.897
v 24.414 		31.379 		3.448
v 24.414 		32.241 		3.448
v -17.216 		-12.853 		6.897
v -17.216 		-16.302 		6.897
v -18.94 		-28.672 		34.448
v -16.103 		25.345 		6.897
v -16.103 		25.345 		6.034
v -16.103 		25.345 		4.31
v 24.414 		25.345 		3.448
v -17.216 		-10.267 		3.448
v -18.94 		-33.543 		62.034
v -18.94 		-33.543 		58.586
v -17.216 		-11.991 		3.448
v -17.216 		-9.405 		3.448
v 12.345 		35.69 		6.897
v -16.966 		25.345 		6.897
v 15.793 		35.69 		6.897
v -18.94 		-33.543 		55.138
v -18.94 		-33.543 		51.69
v 15.793 		35.69 		4.31
v -17.216 		-12.853 		3.448
v 15.793 		35.69 		6.034
v -16.103 		28.793 		3.448
v 22.44 		-16.302 		41.345
v 22.44 		-16.302 		42.207
v -17.828 		31.379 		3.448
v -16.966 		31.379 		3.448
v 23.302 		-16.302 		42.207
v -16.966 		32.241 		3.448
v 24.414 		21.897 		6.897
v 24.414 		22.759 		6.897
v -18.69 		32.241 		3.448
v 24.414 		24.483 		6.897
v -17.828 		29.655 		3.448
v 22.44 		-5.957 		37.034
v 22.44 		-5.957 		37.897
v -16.966 		29.655 		3.448
v -16.966 		28.793 		3.448
v 23.302 		-5.957 		37.034
v -18.94 		-33.543 		48.241
v 24.414 		18.448 		6.897
v 24.414 		17.586 		6.897
v -16.966 		25.345 		3.448
v -18.94 		-33.543 		41.345
v -16.103 		25.345 		3.448
v -18.94 		-33.543 		44.793
v -18.69 		24.576 		3.448
v -16.103 		21.897 		6.897
v -18.94 		-33.543 		37.897
v -16.103 		21.897 		4.31
v -16.103 		21.897 		6.034
v 24.414 		21.897 		3.448
v 24.414 		22.759 		3.448
v -18.94 		-33.543 		34.448
v 24.414 		24.483 		3.448
v -18.94 		-2.509 		27.586
v 24.414 		18.448 		3.448
v -18.69 		-3.103 		27.586
v 24.414 		17.586 		3.448
v -18.69 		-2.509 		27.586
v 22.44 		-5.957 		34.448
v 22.44 		-5.957 		35.31
v 23.302 		-5.957 		35.31
v 24.414 		15 		27.586
v 24.414 		15.862 		27.586
v 22.44 		-9.405 		37.897
v 22.44 		-9.405 		37.034
v 23.302 		-9.405 		37.034
v 22.44 		-12.853 		37.034
v 22.44 		-12.853 		37.897
v 23.302 		-12.853 		37.034
v 25.026 		2.069 		6.897
v 12.345 		35.69 		4.31
v 12.345 		35.69 		6.034
v 22.44 		-16.302 		37.897
v 22.44 		-16.302 		37.034
v 25.026 		1.802 		6.897
v 23.302 		-16.302 		37.034
v 25.026 		2.069 		3.448
v 25.026 		1.802 		3.448
v 8.897 		35.69 		6.897
v 8.897 		35.69 		6.034
v 8.897 		35.69 		4.31
v 12.345 		35.69 		3.448
v 15.793 		35.69 		3.448
v 8.897 		35.69 		3.448
v 5.448 		35.69 		6.897
v 5.448 		35.69 		4.31
v 5.448 		35.69 		6.034
v 2 		35.69 		6.897
v 2 		35.69 		6.034
v 2 		35.69 		4.31
v 5.448 		35.69 		3.448
v 2 		35.69 		3.448
v -1.448 		35.69 		25
v -1.448 		35.69 		26.724
v -1.448 		35.69 		27.586
v -4.897 		35.69 		27.586
v -4.897 		35.69 		26.724
v -4.897 		35.69 		25
v 25.026 		-39.578 		62.034
v -1.448 		35.69 		24.138
v -1.448 		35.69 		20.69
v -4.897 		35.69 		24.138
v -4.897 		35.69 		20.69
v -17.216 		-16.302 		3.448
v -1.448 		35.69 		17.241
v -1.448 		35.69 		18.103
v -1.448 		35.69 		19.828
v -17.216 		-17.164 		27.586
v -17.216 		-19.75 		27.586
v -17.216 		-18.888 		27.586
v -4.897 		35.69 		17.241
v -4.897 		35.69 		19.828
v -4.897 		35.69 		18.103
v -17.216 		-23.198 		27.586
v -17.216 		-24.06 		27.586
v -17.216 		-17.164 		24.138
v -17.216 		-18.888 		24.138
v -17.216 		-19.75 		24.138
v -17.216 		-19.75 		20.69
v -17.216 		-17.164 		20.69
v -17.216 		-18.888 		20.69
v -8.345 		35.69 		25
v -8.345 		35.69 		26.724
v -8.345 		35.69 		27.586
v -17.216 		-23.198 		24.138
v -17.216 		-24.06 		24.138
v -8.345 		35.69 		24.138
v -17.216 		-23.198 		20.69
v -8.345 		35.69 		20.69
v -17.216 		-24.06 		20.69
v -8.345 		35.69 		17.241
v -8.345 		35.69 		18.103
v -8.345 		35.69 		19.828
v -17.216 		-19.75 		17.241
v -17.216 		-17.164 		17.241
v -17.216 		-18.888 		17.241
v -1.448 		35.69 		12.931
v -1.448 		35.69 		13.793
v -17.216 		-23.198 		17.241
v -4.897 		35.69 		13.793
v -17.216 		-24.06 		17.241
v -4.897 		35.69 		12.931
v -1.448 		35.69 		10.345
v -1.448 		35.69 		11.207
v -17.216 		-26.647 		27.586
v -17.216 		-25.784 		27.586
v -4.897 		35.69 		10.345
v -4.897 		35.69 		11.207
v -17.216 		-30.095 		27.586
v -17.216 		-30.957 		27.586
v 22.44 		-9.405 		34.448
v 22.44 		-9.405 		35.31
v -8.345 		35.69 		12.931
v -8.345 		35.69 		13.793
v -17.216 		-32.681 		27.586
v 23.302 		-9.405 		35.31
v 22.44 		-16.302 		35.31
v -8.345 		35.69 		10.345
v 22.44 		-12.853 		35.31
v -8.345 		35.69 		11.207
v 23.302 		-16.302 		35.31
v -17.216 		-25.784 		24.138
v 23.302 		-12.853 		35.31
v -17.216 		-26.647 		24.138
v 22.44 		-16.302 		34.448
v -1.448 		35.69 		6.897
v 22.44 		-12.853 		34.448
v -1.448 		35.69 		4.31
v -1.448 		35.69 		6.034
v -17.216 		-26.647 		20.69
v -17.216 		-25.784 		20.69
v 22.44 		-19.75 		57.724
v 22.44 		-19.75 		58.586
v -4.897 		35.69 		6.897
v 23.302 		-19.75 		57.724
v -4.897 		35.69 		6.034
v -4.897 		35.69 		4.31
v -17.216 		-30.095 		24.138
v -17.216 		-30.957 		24.138
v -18.94 		-8.192 		27.586
v -17.216 		-32.681 		24.138
v -18.94 		-2.509 		24.138
v -18.69 		-2.509 		24.138
v -18.69 		-3.103 		24.138
v -17.216 		-30.095 		20.69
v -17.216 		-30.957 		20.69
v -17.216 		-32.681 		20.69
v -18.94 		-2.509 		20.69
v -18.69 		-3.103 		20.69
v -18.69 		-2.509 		20.69
v -18.94 		-8.192 		24.138
v -17.216 		-26.647 		17.241
v -17.216 		-25.784 		17.241
v -18.94 		-8.192 		20.69
v -18.69 		-2.509 		17.241
v -18.69 		-3.103 		17.241
v -18.94 		-2.509 		17.241
v -17.216 		-30.095 		17.241
v -17.216 		-30.957 		17.241
v -17.216 		-32.681 		17.241
v -18.94 		-8.192 		17.241
v -18.94 		-16.384 		27.586
v -18.94 		-12.288 		24.138
v -17.216 		-17.164 		13.793
v -18.94 		-12.288 		20.69
v -17.216 		-19.75 		13.793
v -17.216 		-18.888 		13.793
v -17.216 		-23.198 		13.793
v -18.69 		-3.103 		13.793
v -18.69 		-2.509 		13.793
v -17.216 		-24.06 		13.793
v -18.94 		-2.509 		13.793
v -17.216 		-17.164 		10.345
v -18.94 		-8.192 		13.793
v -18.94 		-2.509 		10.345
v -17.216 		-19.75 		10.345
v -18.69 		-2.509 		10.345
v -18.69 		-3.103 		10.345
v -17.216 		-18.888 		10.345
v 24.414 		8.966 		27.586
v 24.414 		11.552 		27.586
v 24.414 		10.69 		27.586
v -17.216 		-23.198 		10.345
v -17.216 		-24.06 		10.345
v -18.94 		-12.288 		13.793
v -17.216 		-26.647 		13.793
v -17.216 		-25.784 		13.793
v -18.94 		-9.405 		10.345
v 24.414 		15 		24.138
v 24.414 		15.862 		24.138
v -17.216 		-30.957 		13.793
v -17.216 		-32.681 		13.793
v -17.216 		-30.095 		13.793
v 24.414 		15 		20.69
v 24.414 		15.862 		20.69
v -18.69 		-3.103 		6.897
v -18.69 		-2.509 		6.897
v -18.94 		-2.509 		6.897
v -18.94 		-8.192 		6.897
v -18.69 		-2.509 		3.448
v -18.69 		-3.103 		3.448
v -18.94 		-2.509 		3.448
v 24.414 		8.966 		24.138
v 24.414 		11.552 		24.138
v 24.414 		10.69 		24.138
v -18.94 		-8.192 		3.448
v 24.414 		11.552 		20.69
v 24.414 		8.966 		20.69
v -18.94 		-16.384 		6.897
v 24.414 		10.69 		20.69
v -17.216 		-26.647 		10.345
v -18.94 		-20.48 		24.138
v 24.414 		15 		17.241
v -17.216 		-25.784 		10.345
v 24.414 		15.862 		17.241
v -17.216 		-30.957 		10.345
v -17.216 		-30.095 		10.345
v -18.94 		-20.48 		17.241
v 4.096 		-40.44 		41.345
v -17.216 		-32.681 		10.345
v 4.336 		-39.578 		41.345
v -18.94 		-28.672 		27.586
v -18.94 		-28.672 		24.138
v -17.216 		-17.164 		6.897
v 1.75 		-38.716 		44.793
v 1.75 		-37.853 		44.793
v 1.75 		-37.853 		43.931
v -18.94 		-28.672 		20.69
v 2.612 		-38.716 		44.793
v -17.216 		-19.75 		6.897
v -17.216 		-18.888 		6.897
v 2.612 		-39.578 		44.793
v 1.75 		-36.991 		43.931
v 1.75 		-36.991 		44.793
v 22.44 		-23.198 		58.586
v 22.44 		-23.198 		57.724
v -17.828 		24.483 		6.897
v 0 		-40.44 		44.793
v -17.828 		22.759 		6.897
v -17.216 		-23.198 		6.897
v -17.216 		-24.06 		6.897
v -16.966 		24.483 		6.897
v 23.302 		-23.198 		57.724
v -16.966 		22.759 		6.897
v -16.966 		21.897 		6.897
v 22.44 		-19.75 		55.138
v 22.44 		-19.75 		56
v 1.75 		-38.716 		41.345
v 1.75 		-37.853 		42.207
v 1.75 		-37.853 		41.345
v -18.69 		20.48 		6.897
v 23.302 		-19.75 		56
v 2.612 		-38.716 		41.345
v -17.216 		-17.164 		3.448
v -17.216 		-18.888 		3.448
v -17.216 		-19.75 		3.448
v 22.44 		-23.198 		55.138
v 22.44 		-23.198 		56
v -16.103 		18.448 		6.897
v 23.302 		-23.198 		56
v -16.103 		18.448 		6.034
v -16.103 		18.448 		4.31
v 22.44 		-19.75 		50.828
v 22.44 		-19.75 		51.69
v -17.216 		-23.198 		3.448
v -17.216 		-24.06 		3.448
v 23.302 		-19.75 		50.828
v -17.828 		17.586 		6.897
v 22.44 		-23.198 		51.69
v 22.44 		-23.198 		50.828
v 24.414 		11.552 		17.241
v 24.414 		8.966 		17.241
v 23.302 		-23.198 		50.828
v 24.414 		10.69 		17.241
v -1.448 		35.69 		3.448
v -17.216 		-26.647 		6.897
v -17.216 		-25.784 		6.897
v 22.44 		-26.647 		57.724
v 22.44 		-26.647 		58.586
v 23.302 		-26.647 		57.724
v -18.94 		-28.672 		17.241
v 24.414 		8.103 		27.586
v 22.44 		-30.095 		58.586
v 22.44 		-30.095 		57.724
v -17.216 		-30.095 		6.897
v -17.216 		-30.957 		6.897
v -18.94 		-20.48 		13.793
v 23.302 		-30.095 		57.724
v 24.414 		4.655 		27.586
v -17.216 		-32.681 		6.897
v 22.44 		-26.647 		55.138
v 22.44 		-26.647 		56
v 23.302 		-26.647 		56
v -4.897 		35.69 		3.448
v -17.216 		-25.784 		3.448
v -17.216 		-26.647 		3.448
v 22.44 		-30.095 		55.138
v 22.44 		-30.095 		56
v -8.345 		35.69 		6.897
v 23.302 		-30.095 		56
v 24.414 		3.793 		27.586
v -18.94 		-20.48 		10.345
v 22.44 		-26.647 		50.828
v 22.44 		-26.647 		51.69
v 1.75 		-36.991 		41.345
v -17.216 		-30.095 		3.448
v -17.216 		-30.957 		3.448
v 23.302 		-26.647 		50.828
v 1.75 		-36.991 		42.207
v -17.216 		-32.681 		3.448
v 22.44 		-30.095 		51.69
v 22.44 		-30.095 		50.828
v 0 		-40.44 		41.345
v 23.302 		-30.095 		50.828
v 2.612 		-39.578 		41.345
v -17.216 		-33.543 		27.586
v 22.44 		-19.75 		48.241
v 22.44 		-19.75 		49.103
v -18.94 		-28.672 		10.345
v -17.216 		-33.543 		24.138
v 23.302 		-19.75 		49.103
v 15.543 		-38.716 		37.897
v -17.216 		-33.543 		20.69
v 15.543 		-37.853 		37.897
v 22.44 		-23.198 		48.241
v 15.543 		-37.853 		37.034
v 22.44 		-23.198 		49.103
v 15.543 		-36.991 		37.034
v 15.543 		-36.991 		37.897
v 23.302 		-23.198 		49.103
v -17.216 		-33.543 		17.241
v 12.288 		-40.44 		37.897
v -18.94 		-20.48 		3.448
v -18.94 		-28.672 		6.897
v 12.095 		-38.716 		37.897
v 11.233 		-38.716 		37.897
v -18.94 		-28.672 		3.448
v 12.095 		-37.853 		37.897
v 12.095 		-37.853 		37.034
v 12.095 		-36.991 		37.897
v 12.095 		-36.991 		37.034
v -18.94 		-33.543 		27.586
v -18.94 		-33.543 		24.138
v -18.94 		-33.543 		20.69
v 8.647 		-38.716 		37.897
v -18.94 		-33.543 		17.241
v 9.509 		-38.716 		37.897
v 8.647 		-37.853 		37.897
v 8.647 		-37.853 		37.034
v -18.94 		-33.543 		10.345
v 8.647 		-36.991 		37.034
v 8.647 		-36.991 		37.897
v -18.94 		-33.543 		13.793
v -18.94 		-33.543 		6.897
v -18.94 		-33.543 		3.448
v 9.509 		-39.578 		37.897
v 11.233 		-39.578 		37.897
v -16.103 		39.138 		62.034
v -15.241 		39.138 		62.034
v 15.543 		-38.716 		34.448
v -15.241 		39.138 		0
v -16.103 		39.138 		0
v 15.543 		-37.853 		34.448
v 15.543 		-37.853 		35.31
v 15.543 		-36.991 		34.448
v 15.543 		-36.991 		35.31
v -15.241 		40 		62.034
v -16.966 		18.448 		6.897
v -16.966 		17.586 		6.897
v -16.103 		21.897 		3.448
v 12.095 		-37.853 		35.31
v -17.828 		24.483 		3.448
v -17.828 		22.759 		3.448
v -16.966 		24.483 		3.448
v 12.095 		-36.991 		35.31
v -16.966 		22.759 		3.448
v -16.966 		21.897 		3.448
v -18.69 		20.48 		3.448
v 8.647 		-37.853 		35.31
v -17.828 		17.586 		3.448
v -16.966 		18.448 		3.448
v -16.966 		17.586 		3.448
v 8.647 		-36.991 		35.31
v -16.103 		18.448 		3.448
v -16.103 		15 		25
v -16.103 		15 		26.724
v -16.103 		15 		27.586
v 12.095 		-38.716 		34.448
v 11.233 		-38.716 		34.448
v 12.095 		-37.853 		34.448
v -8.345 		35.69 		4.31
v -8.345 		35.69 		6.034
v 12.095 		-36.991 		34.448
v -18.69 		12.288 		27.586
v -17.828 		15.862 		27.586
v -16.966 		15 		27.586
v -16.966 		15.862 		27.586
v 8.647 		-38.716 		34.448
v 9.509 		-38.716 		34.448
v -8.345 		35.69 		3.448
v 8.647 		-37.853 		34.448
v -17.216 		-33.543 		10.345
v 22.44 		-19.75 		43.931
v 22.44 		-19.75 		44.793
v -17.216 		-33.543 		13.793
v -15.241 		40 		0
v 23.302 		-19.75 		43.931
v 22.69 		39.138 		0
v -17.216 		-33.543 		6.897
v 22.44 		-19.75 		41.345
v -16.103 		11.552 		27.586
v -16.103 		11.552 		26.724
v -16.103 		11.552 		25
v 22.44 		-19.75 		42.207
v -17.216 		-33.543 		3.448
v 23.302 		-19.75 		42.207
v -18.69 		1.802 		62.034
v -18.69 		1.802 		58.586
v -18.078 		1.802 		58.586
v 24.414 		4.655 		24.138
v -18.69 		1.802 		55.138
v -18.078 		1.802 		55.138
v -17.828 		10.69 		27.586
v -17.828 		8.966 		27.586
v -18.69 		1.802 		51.69
v 24.414 		8.103 		24.138
v -18.078 		1.802 		51.69
v -16.966 		11.552 		27.586
v -18.69 		1.802 		48.241
v -16.966 		10.69 		27.586
v -18.078 		1.802 		48.241
v -18.078 		1.802 		44.793
v -18.69 		1.802 		44.793
v -16.966 		8.966 		27.586
v 24.414 		4.655 		20.69
v -18.69 		1.802 		41.345
v -18.078 		1.802 		41.345
v 24.414 		8.103 		20.69
v -18.078 		1.802 		37.897
v -18.69 		1.802 		37.897
v 22.69 		40 		0
v -18.078 		1.802 		34.448
v -18.69 		1.802 		34.448
v -18.69 		1.802 		27.586
v -18.078 		1.802 		27.586
v 24.414 		3.793 		24.138
v -18.69 		1.802 		24.138
v -18.078 		1.802 		24.138
v -18.69 		1.802 		20.69
v 8.647 		-36.991 		34.448
v -18.078 		1.802 		20.69
v -18.69 		1.802 		17.241
v -18.078 		1.802 		17.241
v -18.69 		1.802 		13.793
v -18.078 		1.802 		13.793
v 22.69 		39.138 		62.034
v 22.69 		40 		62.034
v -18.69 		1.802 		10.345
v -18.078 		1.802 		10.345
v 9.509 		-39.578 		34.448
v 11.233 		-39.578 		34.448
v -18.69 		1.802 		6.897
v -18.078 		1.802 		6.897
v 8.192 		-40.44 		34.448
v -18.078 		1.802 		3.448
v -18.69 		1.802 		3.448
v 24.414 		3.793 		20.69
v 19.241 		40 		62.034
v -11.793 		40 		62.034
v -16.103 		15 		24.138
v -17.828 		3.793 		58.586
v -16.966 		3.793 		58.586
v -17.828 		3.793 		55.138
v 24.414 		8.103 		17.241
v 22.44 		-23.198 		44.793
v 22.44 		-23.198 		43.931
v -16.966 		3.793 		55.138
v 23.302 		-23.198 		43.931
v 24.414 		4.655 		17.241
v -18.69 		4.096 		51.69
v 4.336 		-39.578 		37.897
v 22.44 		-23.198 		41.345
v 5.198 		-38.716 		37.897
v 4.336 		-38.716 		37.897
v 22.44 		-23.198 		42.207
v 5.198 		-37.853 		37.897
v 5.198 		-37.853 		37.034
v -17.828 		3.793 		51.69
v 23.302 		-23.198 		42.207
v -16.966 		3.793 		51.69
v 5.198 		-36.991 		37.897
v 5.198 		-36.991 		37.034
v 19.241 		39.138 		58.586
v 19.241 		39.138 		62.034
v 22.44 		-26.647 		48.241
v 22.44 		-26.647 		49.103
v 19.241 		39.138 		55.138
v -17.828 		3.793 		48.241
v 23.302 		-26.647 		49.103
v -16.966 		3.793 		48.241
v 19.241 		39.138 		51.69
v 16.384 		39.138 		51.69
v 22.44 		-30.095 		48.241
v 22.44 		-30.095 		49.103
v -18.69 		4.096 		44.793
v 23.302 		-30.095 		49.103
v 12.288 		39.138 		58.586
v 2.612 		-39.578 		37.897
v 8.192 		39.138 		58.586
v 22.44 		-26.647 		43.931
v 22.44 		-26.647 		44.793
v 1.75 		-38.716 		37.897
v 12.288 		39.138 		55.138
v 2.612 		-38.716 		37.897
v -17.828 		3.793 		44.793
v -16.966 		3.793 		44.793
v 1.75 		-36.991 		37.034
v 1.75 		-36.991 		37.897
v -16.103 		15 		20.69
v 1.75 		-37.853 		37.034
v -17.828 		15.862 		24.138
v -16.966 		15.862 		24.138
v -16.966 		15 		24.138
v 1.75 		-37.853 		37.897
v -17.828 		3.793 		41.345
v -16.966 		3.793 		41.345
v -18.69 		12.288 		24.138
v 23.302 		-26.647 		43.931
v -18.69 		12.288 		20.69
v -18.69 		4.096 		37.897
v -17.828 		15.862 		20.69
v 22.44 		-26.647 		41.345
v -16.966 		15 		20.69
v 22.44 		-26.647 		42.207
v -16.966 		15.862 		20.69
v -17.828 		3.793 		37.897
v 4.336 		-39.578 		34.448
v -16.966 		3.793 		37.897
v 23.302 		-26.647 		42.207
v -16.103 		11.552 		24.138
v 24.414 		3.793 		17.241
v 22.44 		-30.095 		44.793
v -18.69 		4.096 		34.448
v 22.44 		-30.095 		43.931
v -16.103 		11.552 		20.69
v -17.828 		8.966 		24.138
v 24.414 		15 		13.793
v -17.828 		10.69 		24.138
v 24.414 		15.862 		13.793
v -16.966 		11.552 		24.138
v -17.828 		3.793 		34.448
v -16.966 		3.793 		34.448
v 22.44 		-30.095 		41.345
v -16.966 		10.69 		24.138
v 22.44 		-30.095 		42.207
v -16.966 		8.966 		24.138
v -18.69 		8.192 		24.138
v 24.414 		8.966 		13.793
v 22.44 		-19.75 		37.034
v 24.414 		11.552 		13.793
v 22.44 		-19.75 		37.897
v 24.414 		10.69 		13.793
v -17.828 		10.69 		20.69
v -17.828 		8.966 		20.69
v -16.966 		11.552 		20.69
v -16.966 		10.69 		20.69
v -16.966 		8.966 		20.69
v 22.44 		-23.198 		37.897
v 22.44 		-23.198 		37.034
v 24.414 		15 		10.345
v 24.414 		15.862 		10.345
v -18.69 		4.096 		27.586
v -17.828 		3.793 		27.586
v 22.44 		-19.75 		34.448
v -16.966 		3.793 		27.586
v 24.414 		8.966 		10.345
v 23.302 		-39.578 		62.034
v 24.414 		11.552 		10.345
v 23.302 		-5.957 		58.586
v 24.414 		10.69 		10.345
v 23.302 		-5.957 		55.138
v 23.302 		-5.957 		51.69
v 23.302 		-9.405 		58.586
v -17.828 		3.793 		24.138
v 24.414 		8.103 		13.793
v 23.302 		-12.853 		58.586
v -16.966 		3.793 		24.138
v 23.302 		-16.302 		58.586
v 24.414 		4.655 		13.793
v 23.302 		-9.405 		55.138
v -17.828 		3.793 		20.69
v 23.302 		-16.302 		55.138
v -16.966 		3.793 		20.69
v 23.302 		-12.853 		55.138
v 24.414 		3.793 		13.793
v 23.302 		-9.405 		51.69
v 23.302 		-12.853 		51.69
v 23.302 		-16.302 		51.69
v 24.414 		8.103 		10.345
v 23.302 		-5.957 		48.241
v -17.828 		3.793 		17.241
v 23.302 		-5.957 		44.793
v 24.414 		4.655 		10.345
v -16.966 		3.793 		17.241
v 23.302 		-5.957 		41.345
v 23.302 		-9.405 		48.241
v 24.414 		3.793 		10.345
v 23.302 		-12.853 		48.241
v 23.302 		-16.302 		48.241
v -17.828 		3.793 		13.793
v -16.966 		3.793 		13.793
v 23.302 		-9.405 		44.793
v 24.414 		15 		6.897
v 24.414 		15.862 		6.897
v 23.302 		-9.405 		41.345
v 23.302 		-12.853 		44.793
v 23.302 		-16.302 		44.793
v 23.302 		-12.853 		41.345
v -18.69 		3.793 		10.345
v 23.302 		-16.302 		41.345
v -17.828 		3.793 		10.345
v -16.966 		3.793 		10.345
v 23.302 		-5.957 		37.897
v 23.302 		-5.957 		34.448
v 23.302 		-9.405 		37.897
v 24.414 		8.966 		6.897
v 24.414 		10.69 		6.897
v 23.302 		-12.853 		37.897
v 23.302 		-16.302 		37.897
v 24.414 		11.552 		6.897
v -17.828 		3.793 		6.897
v 23.302 		-9.405 		34.448
v -16.966 		3.793 		6.897
v 23.302 		-16.302 		34.448
v 23.302 		-12.853 		34.448
v 23.302 		-19.75 		58.586
v 23.302 		-23.198 		58.586
v 23.302 		-19.75 		55.138
v 24.414 		15 		3.448
v 24.414 		15.862 		3.448
v 23.302 		-23.198 		55.138
v 23.302 		-19.75 		51.69
v -17.828 		3.793 		3.448
v 23.302 		-23.198 		51.69
v -16.966 		3.793 		3.448
v 23.302 		-26.647 		58.586
v 23.302 		-30.095 		58.586
v 23.302 		-26.647 		55.138
v 24.414 		8.966 		3.448
v 23.302 		-30.095 		55.138
v 23.302 		-26.647 		51.69
v 23.302 		-30.095 		51.69
v 22.44 		-19.75 		35.31
v 22.44 		-23.198 		34.448
v 22.44 		-23.198 		35.31
v 22.44 		-26.647 		37.034
v -16.103 		15 		17.241
v 22.44 		-26.647 		37.897
v 5.198 		-38.716 		34.448
v -16.103 		15 		18.103
v -16.103 		15 		19.828
v 4.336 		-38.716 		34.448
v 5.198 		-37.853 		34.448
v 5.198 		-37.853 		35.31
v 22.44 		-30.095 		37.034
v 22.44 		-30.095 		37.897
v 24.414 		10.69 		3.448
v 24.414 		11.552 		3.448
v -17.828 		15.862 		17.241
v 5.198 		-36.991 		35.31
v 5.198 		-36.991 		34.448
v -16.966 		15 		17.241
v -16.966 		15.862 		17.241
v 22.44 		-26.647 		34.448
v 22.44 		-26.647 		35.31
v -18.69 		12.288 		17.241
v -16.103 		11.552 		17.241
v 22.44 		-30.095 		35.31
v 22.44 		-30.095 		34.448
v -16.103 		11.552 		19.828
v -16.103 		11.552 		18.103
v 22.44 		-5.957 		26.724
v 22.44 		-5.957 		27.586
v -18.69 		8.192 		17.241
v -17.828 		8.966 		17.241
v -17.828 		10.69 		17.241
v -16.966 		11.552 		17.241
v -16.966 		10.69 		17.241
v 22.44 		-5.957 		25
v -16.966 		8.966 		17.241
v -16.103 		8.103 		26.724
v -16.103 		8.103 		27.586
v -16.103 		4.655 		27.586
v -16.103 		4.655 		26.724
v 22.44 		-5.957 		24.138
v 22.44 		-5.957 		20.69
v -16.103 		8.103 		25
v -16.103 		4.655 		25
v 22.44 		-5.957 		19.828
v -16.966 		8.103 		27.586
v -16.966 		4.655 		27.586
v 22.44 		-5.957 		17.241
v 22.44 		-5.957 		18.103
v -16.103 		8.103 		24.138
v -16.103 		4.655 		24.138
v -16.103 		8.103 		20.69
v 22.44 		-9.405 		27.586
v 22.44 		-9.405 		26.724
v -16.103 		4.655 		20.69
v -16.966 		8.103 		24.138
v -16.966 		4.655 		24.138
v 22.44 		-9.405 		25
v -18.69 		4.655 		20.69
v -16.966 		8.103 		20.69
v 22.44 		-12.853 		26.724
v 22.44 		-12.853 		27.586
v -16.966 		4.655 		20.69
v 22.44 		-16.302 		27.586
v 22.44 		-16.302 		26.724
v -16.103 		8.103 		19.828
v -16.103 		4.655 		19.828
v 22.44 		-16.302 		25
v -16.103 		4.655 		17.241
v -16.103 		8.103 		17.241
v 22.44 		-12.853 		25
v -16.103 		8.103 		18.103
v -16.103 		4.655 		18.103
v -16.966 		8.103 		17.241
v 22.44 		-9.405 		24.138
v -16.966 		4.655 		17.241
v 22.44 		-9.405 		20.69
v -16.966 		15 		13.793
v -16.103 		15 		12.931
v -16.103 		15 		13.793
v -16.966 		15.862 		13.793
v 22.44 		-16.302 		24.138
v -17.828 		15.862 		13.793
v 22.44 		-12.853 		24.138
v 22.44 		-16.302 		20.69
v 22.44 		-12.853 		20.69
v -16.103 		11.552 		13.793
v -16.103 		11.552 		12.931
v -16.966 		11.552 		13.793
v -16.966 		10.69 		13.793
v -17.828 		10.69 		13.793
v 22.44 		-9.405 		19.828
v -16.966 		8.966 		13.793
v -17.828 		8.966 		13.793
v 22.44 		-9.405 		17.241
v -18.69 		8.966 		13.793
v 22.44 		-9.405 		18.103
v -16.103 		15 		10.345
v -16.103 		15 		11.207
v 22.44 		-16.302 		19.828
v -18.69 		12.288 		10.345
v 22.44 		-12.853 		19.828
v -16.966 		15 		10.345
v -16.966 		15.862 		10.345
v -17.828 		15.862 		10.345
v 22.44 		-12.853 		17.241
v 22.44 		-12.853 		18.103
v -16.103 		11.552 		10.345
v -16.103 		11.552 		11.207
v 22.44 		-16.302 		17.241
v 22.44 		-16.302 		18.103
v -16.966 		11.552 		10.345
v -16.966 		10.69 		10.345
v -17.828 		10.69 		10.345
v 22.44 		-5.957 		12.931
v 22.44 		-5.957 		13.793
v -16.966 		8.966 		10.345
v -17.828 		8.966 		10.345
v 22.44 		-5.957 		10.345
v -16.103 		8.103 		12.931
v -16.103 		8.103 		13.793
v 22.44 		-5.957 		11.207
v -16.103 		4.655 		13.793
v -16.103 		4.655 		12.931
v 22.44 		-9.405 		13.793
v 22.44 		-9.405 		12.931
v -16.966 		8.103 		13.793
v -16.966 		4.655 		13.793
v 22.44 		-12.853 		12.931
v 22.44 		-12.853 		13.793
v -16.103 		4.655 		10.345
v -16.103 		8.103 		10.345
v -16.103 		8.103 		11.207
v 23.302 		-19.75 		48.241
v 8.192 		39.138 		55.138
v 23.302 		-23.198 		48.241
v 23.302 		-19.75 		44.793
v 23.302 		-19.75 		41.345
v 8.192 		39.138 		51.69
v 23.302 		-23.198 		44.793
v 23.302 		-23.198 		41.345
v 23.302 		-26.647 		48.241
v 1.75 		-37.853 		35.31
v 23.302 		-30.095 		48.241
v 1.75 		-36.991 		35.31
v 23.302 		-26.647 		44.793
v 0 		39.138 		55.138
v 23.302 		-26.647 		41.345
v 2.612 		-39.578 		34.448
v 1.75 		-38.716 		34.448
v 2.612 		-38.716 		34.448
v 19.241 		39.138 		48.241
v 1.75 		-37.853 		34.448
v 1.75 		-36.991 		34.448
v 19.241 		39.138 		44.793
v 0 		-40.44 		34.448
v -1.698 		-38.716 		58.586
v -2.56 		-38.716 		58.586
v -1.698 		-37.853 		58.586
v -1.698 		-37.853 		57.724
v -1.698 		-36.991 		58.586
v -1.698 		-36.991 		57.724
v -4.096 		-40.44 		58.586
v -2.56 		-39.578 		58.586
v 24.414 		8.103 		6.897
v 24.414 		4.655 		6.897
v 24.414 		3.793 		6.897
v 24.414 		8.103 		3.448
v 24.414 		4.655 		3.448
v 24.414 		3.793 		3.448
v -11.793 		39.138 		62.034
v -5.147 		-38.716 		58.586
v -5.147 		-37.853 		58.586
v -5.147 		-37.853 		57.724
v -4.284 		-38.716 		58.586
v 22.44 		-16.302 		13.793
v 22.44 		-16.302 		12.931
v -5.147 		-36.991 		57.724
v -5.147 		-36.991 		58.586
v 19.241 		39.138 		41.345
v 19.241 		39.138 		37.897
v -4.284 		-39.578 		58.586
v 19.241 		39.138 		34.448
v 22.44 		-9.405 		10.345
v 22.44 		-9.405 		11.207
v 8.192 		39.138 		48.241
v 22.44 		-12.853 		10.345
v 22.44 		-12.853 		11.207
v 22.69 		28.793 		57.724
v 22.69 		28.793 		58.586
v 12.288 		39.138 		44.793
v 22.44 		-16.302 		10.345
v 12.288 		39.138 		41.345
v 22.69 		25.345 		58.586
v 22.69 		25.345 		57.724
v 22.44 		-16.302 		11.207
v 8.192 		39.138 		44.793
v 22.69 		28.793 		56
v 9.759 		39.138 		41.345
v 22.69 		28.793 		55.138
v 22.69 		25.345 		55.138
v 22.69 		25.345 		56
v -12.043 		-40.44 		62.034
v 22.69 		28.793 		50.828
v 22.69 		28.793 		51.69
v 22.69 		25.345 		51.69
v 22.69 		25.345 		50.828
v 22.44 		-5.957 		6.897
v 22.69 		21.897 		57.724
v 22.69 		21.897 		58.586
v 12.288 		39.138 		37.897
v -2.56 		-39.578 		55.138
v 22.44 		-5.957 		4.31
v 22.44 		-5.957 		6.034
v -1.698 		-38.716 		55.138
v 8.192 		39.138 		37.897
v -2.56 		-38.716 		55.138
v 22.69 		18.448 		58.586
v 22.69 		18.448 		57.724
v -1.698 		-37.853 		55.138
v -1.698 		-37.853 		56
v -1.698 		-36.991 		56
v -1.698 		-36.991 		55.138
v 22.69 		21.897 		55.138
v 22.69 		21.897 		56
v 22.44 		-5.957 		3.448
v 22.69 		18.448 		55.138
v 22.69 		18.448 		56
v 22.44 		-9.405 		6.897
v 22.44 		-9.405 		6.034
v 22.44 		-9.405 		4.31
v 22.69 		21.897 		50.828
v 22.69 		21.897 		51.69
v -4.284 		-39.578 		55.138
v -5.147 		-37.853 		55.138
v -5.147 		-38.716 		55.138
v -5.147 		-37.853 		56
v 22.69 		18.448 		51.69
v 22.69 		18.448 		50.828
v -4.284 		-38.716 		55.138
v -16.103 		4.655 		11.207
v 22.44 		-16.302 		6.897
v 22.44 		-12.853 		6.897
v -5.147 		-36.991 		55.138
v -5.147 		-36.991 		56
v 22.69 		28.793 		48.241
v 22.69 		28.793 		49.103
v 22.44 		-12.853 		4.31
v 22.44 		-12.853 		6.034
v -16.966 		4.655 		10.345
v -16.966 		8.103 		10.345
v 22.69 		25.345 		48.241
v -8.192 		-40.44 		55.138
v 22.69 		25.345 		49.103
v -16.103 		15 		6.897
v 22.69 		28.793 		43.931
v 22.69 		28.793 		44.793
v -16.103 		15 		4.31
v -16.103 		15 		6.034
v 22.44 		-16.302 		6.034
v 22.44 		-16.302 		4.31
v -2.56 		-39.578 		51.69
v -1.698 		-37.853 		51.69
v -1.698 		-38.716 		51.69
v 22.69 		28.793 		41.345
v -2.56 		-38.716 		51.69
v 22.69 		28.793 		42.207
v -17.828 		15.862 		6.897
v -16.966 		15 		6.897
v -16.966 		15.862 		6.897
v -1.698 		-36.991 		51.69
v 22.69 		25.345 		44.793
v 22.69 		25.345 		43.931
v 22.44 		-9.405 		3.448
v 22.69 		25.345 		41.345
v 22.44 		-16.302 		3.448
v 22.69 		25.345 		42.207
v -16.103 		11.552 		6.897
v 22.44 		-12.853 		3.448
v -16.103 		11.552 		6.034
v -16.103 		11.552 		4.31
v -1.698 		-37.853 		50.828
v 22.44 		-19.75 		26.724
v 22.44 		-19.75 		27.586
v 22.69 		21.897 		48.241
v 22.69 		21.897 		49.103
v -17.828 		10.69 		6.897
v -17.828 		8.966 		6.897
v -1.698 		-36.991 		50.828
v -16.966 		11.552 		6.897
v -16.966 		10.69 		6.897
v 22.69 		18.448 		48.241
v 22.69 		18.448 		49.103
v 22.44 		-19.75 		25
v 22.69 		21.897 		43.931
v 22.69 		21.897 		44.793
v -5.147 		-38.716 		51.69
v -5.147 		-37.853 		51.69
v 22.44 		-23.198 		27.586
v 22.44 		-23.198 		26.724
v -4.284 		-39.578 		51.69
v -4.284 		-38.716 		51.69
v -5.147 		-36.991 		51.69
v 22.44 		-23.198 		25
v -16.966 		8.966 		6.897
v -18.69 		8.192 		6.897
v 22.44 		-19.75 		24.138
v -5.147 		-37.853 		50.828
v -17.828 		15.862 		3.448
v 24.164 		-5.957 		58.586
v 24.164 		-5.095 		58.586
v -16.966 		15.862 		3.448
v -16.966 		15 		3.448
v -16.103 		15 		3.448
v -18.69 		12.288 		3.448
v 22.44 		-19.75 		20.69
v 24.164 		-5.957 		55.138
v 24.164 		-5.095 		55.138
v -16.103 		11.552 		3.448
v -17.828 		8.966 		3.448
v -17.828 		10.69 		3.448
v -16.966 		11.552 		3.448
v -16.966 		10.69 		3.448
v 22.44 		-23.198 		24.138
v 24.164 		-5.957 		51.69
v -16.966 		8.966 		3.448
v 24.164 		-5.095 		51.69
v 22.44 		-23.198 		20.69
v -18.69 		8.192 		3.448
v -16.103 		8.103 		6.897
v -16.103 		4.655 		6.897
v -5.147 		-36.991 		50.828
v 24.164 		-11.991 		58.586
v 24.164 		-9.405 		58.586
v 24.164 		-10.267 		58.586
v -16.103 		8.103 		4.31
v -16.103 		8.103 		6.034
v 22.44 		-19.75 		19.828
v -16.103 		4.655 		6.034
v -16.103 		4.655 		4.31
v 24.164 		-12.853 		58.586
v 22.44 		-19.75 		17.241
v 22.44 		-19.75 		18.103
v 24.164 		-16.302 		58.586
v -16.966 		8.103 		6.897
v -16.966 		4.655 		6.897
v 22.44 		-23.198 		19.828
v 24.164 		-11.991 		55.138
v -16.103 		4.655 		3.448
v -16.103 		8.103 		3.448
v 24.164 		-9.405 		55.138
v 24.164 		-10.267 		55.138
v -8.595 		-38.716 		58.586
v -9.457 		-38.716 		58.586
v -16.966 		8.103 		3.448
v -8.595 		-37.853 		58.586
v -8.595 		-37.853 		57.724
v -16.966 		4.655 		3.448
v -8.595 		-36.991 		58.586
v -8.595 		-36.991 		57.724
v 24.164 		-16.302 		55.138
v 24.164 		-12.853 		55.138
v -11.181 		-38.716 		58.586
v -12.043 		-38.716 		58.586
v -12.043 		-40.44 		58.586
v -11.181 		-39.578 		58.586
v -9.457 		-39.578 		58.586
v 24.164 		-9.405 		51.69
v 24.164 		-11.991 		51.69
v 24.164 		-10.267 		51.69
v 24.164 		-16.302 		51.69
v 24.164 		-12.853 		51.69
v -8.595 		-37.853 		56
v -8.595 		-36.991 		56
v 24.164 		-5.957 		48.241
v 24.164 		-5.095 		48.241
v -12.043 		-38.716 		55.138
v -11.181 		-38.716 		55.138
v -8.595 		-38.716 		55.138
v -9.457 		-38.716 		55.138
v 24.164 		-5.095 		44.793
v -8.595 		-37.853 		55.138
v 24.164 		-5.957 		44.793
v -8.595 		-36.991 		55.138
v 24.164 		-5.095 		41.345
v -12.043 		-40.44 		55.138
v -9.457 		-39.578 		55.138
v -11.181 		-39.578 		55.138
v -8.595 		-38.716 		51.69
v -8.595 		-37.853 		51.69
v -11.181 		-38.716 		51.69
v -9.457 		-38.716 		51.69
v -12.043 		-38.716 		51.69
v -8.595 		-36.991 		51.69
v -12.043 		-40.44 		51.69
v -11.181 		-39.578 		51.69
v -9.457 		-39.578 		51.69
v 22.69 		21.897 		41.345
v 22.69 		21.897 		42.207
v 22.69 		18.448 		44.793
v 22.69 		18.448 		43.931
v -8.595 		-37.853 		50.828
v 22.69 		18.448 		41.345
v 22.69 		18.448 		42.207
v 22.69 		28.793 		37.034
v 22.69 		28.793 		37.897
v -8.595 		-36.991 		50.828
v 22.69 		25.345 		37.897
v 22.69 		25.345 		37.034
v -1.698 		-38.716 		48.241
v -1.698 		-37.853 		48.241
v -1.698 		-37.853 		49.103
v -2.56 		-38.716 		48.241
v -1.698 		-36.991 		49.103
v -1.698 		-36.991 		48.241
v -2.56 		-39.578 		48.241
v 22.44 		-23.198 		17.241
v -5.147 		-37.853 		48.241
v -5.147 		-38.716 		48.241
v 22.44 		-23.198 		18.103
v -5.147 		-37.853 		49.103
v -4.284 		-39.578 		48.241
v -4.284 		-38.716 		48.241
v -5.147 		-36.991 		48.241
v -5.147 		-36.991 		49.103
v 22.44 		-26.647 		26.724
v 22.44 		-26.647 		27.586
v -5.147 		-40.44 		48.241
v 22.69 		28.793 		35.31
v 22.44 		-26.647 		25
v 22.69 		28.793 		34.448
v -1.698 		-38.716 		44.793
v 22.44 		-30.095 		27.586
v 22.44 		-30.095 		26.724
v -1.698 		-37.853 		43.931
v -1.698 		-37.853 		44.793
v -2.56 		-38.716 		44.793
v -1.698 		-36.991 		44.793
v -1.698 		-36.991 		43.931
v 22.69 		25.345 		34.448
v 22.69 		25.345 		35.31
v 22.44 		-30.095 		25
v 22.69 		21.897 		37.034
v 22.69 		21.897 		37.897
v -2.56 		-39.578 		44.793
v 22.44 		-26.647 		24.138
v 24.164 		-5.957 		41.345
v 22.69 		18.448 		37.897
v 22.69 		18.448 		37.034
v 22.44 		-26.647 		20.69
v -1.698 		-38.716 		41.345
v -1.698 		-37.853 		41.345
v -1.698 		-37.853 		42.207
v -2.56 		-38.716 		41.345
v 22.69 		21.897 		34.448
v 22.69 		21.897 		35.31
v 22.44 		-30.095 		24.138
v 24.164 		-9.405 		48.241
v 24.164 		-11.991 		48.241
v 22.69 		18.448 		34.448
v -1.698 		-36.991 		41.345
v 22.69 		18.448 		35.31
v 24.164 		-10.267 		48.241
v -1.698 		-36.991 		42.207
v 22.44 		-30.095 		20.69
v 22.69 		15 		57.724
v 22.69 		15 		58.586
v 24.164 		-12.853 		48.241
v -2.56 		-39.578 		41.345
v 22.44 		-26.647 		19.828
v 22.69 		11.552 		58.586
v 22.69 		11.552 		57.724
v 24.164 		-16.302 		48.241
v 22.44 		-26.647 		17.241
v 22.44 		-26.647 		18.103
v 22.69 		15 		55.138
v 22.69 		15 		56
v -5.147 		-38.716 		44.793
v -5.147 		-37.853 		44.793
v -5.147 		-37.853 		43.931
v -4.284 		-38.716 		44.793
v -4.284 		-39.578 		44.793
v 22.69 		11.552 		55.138
v 22.69 		11.552 		56
v 22.44 		-30.095 		19.828
v -5.147 		-36.991 		43.931
v -5.147 		-36.991 		44.793
v 24.164 		-11.991 		44.793
v 22.69 		15 		50.828
v 22.69 		15 		51.69
v 22.44 		-30.095 		17.241
v 24.164 		-9.405 		44.793
v 24.164 		-10.267 		44.793
v 22.44 		-30.095 		18.103
v 22.69 		11.552 		51.69
v 22.69 		11.552 		50.828
v 24.164 		-11.991 		41.345
v 22.44 		-19.75 		12.931
v 22.44 		-19.75 		13.793
v -5.147 		-38.716 		41.345
v 22.69 		8.103 		57.724
v -5.147 		-37.853 		41.345
v 22.69 		8.103 		58.586
v 24.164 		-9.405 		41.345
v 24.164 		-10.267 		41.345
v -5.147 		-37.853 		42.207
v -4.284 		-38.716 		41.345
v 22.44 		-23.198 		13.793
v 22.44 		-23.198 		12.931
v -4.284 		-39.578 		41.345
v 22.69 		4.655 		58.586
v 22.69 		4.655 		57.724
v 24.164 		-12.853 		44.793
v 22.44 		-19.75 		10.345
v 22.69 		4.655 		56
v 22.44 		-19.75 		11.207
v 22.69 		8.103 		56
v -5.147 		-36.991 		41.345
v -5.147 		-36.991 		42.207
v 24.164 		-16.302 		44.793
v 22.69 		4.655 		55.138
v 22.69 		8.103 		55.138
v 22.44 		-23.198 		10.345
v 24.164 		-12.853 		41.345
v 22.44 		-23.198 		11.207
v 22.69 		4.655 		51.69
v -8.595 		-38.716 		48.241
v -8.595 		-37.853 		48.241
v -8.595 		-37.853 		49.103
v 22.69 		8.103 		51.69
v -9.457 		-38.716 		48.241
v 24.164 		-16.302 		41.345
v -8.595 		-36.991 		49.103
v -8.595 		-36.991 		48.241
v 22.69 		4.655 		50.828
v 22.69 		8.103 		50.828
v 24.164 		-5.957 		37.897
v 24.164 		-5.095 		37.897
v 22.69 		15 		48.241
v 22.69 		15 		49.103
v -11.181 		-38.716 		48.241
v -12.043 		-38.716 		48.241
v 24.164 		-5.957 		34.448
v 24.164 		-5.095 		34.448
v 22.69 		11.552 		48.241
v 22.69 		11.552 		49.103
v -9.457 		-39.578 		48.241
v -11.181 		-39.578 		48.241
v -12.043 		-40.44 		48.241
v 22.69 		15 		43.931
v 22.69 		15 		44.793
v 22.44 		-26.647 		12.931
v 22.44 		-26.647 		13.793
v 22.69 		15 		41.345
v 22.69 		15 		42.207
v 22.44 		-30.095 		13.793
v 22.44 		-30.095 		12.931
v 22.69 		11.552 		44.793
v 22.69 		11.552 		43.931
v 22.44 		-26.647 		10.345
v -8.595 		-38.716 		44.793
v 22.44 		-26.647 		11.207
v -8.595 		-37.853 		43.931
v -8.595 		-37.853 		44.793
v 22.69 		11.552 		41.345
v -9.457 		-38.716 		44.793
v 22.69 		11.552 		42.207
v 22.44 		-30.095 		10.345
v -8.595 		-36.991 		44.793
v 22.44 		-30.095 		11.207
v -8.595 		-36.991 		43.931
v 22.44 		-19.75 		6.897
v 22.44 		-19.75 		4.31
v 22.44 		-19.75 		6.034
v -11.181 		-38.716 		44.793
v -12.043 		-38.716 		44.793
v -11.181 		-39.578 		44.793
v -9.457 		-39.578 		44.793
v 22.44 		-23.198 		6.897
v -12.043 		-40.44 		44.793
v 22.44 		-23.198 		6.034
v 22.44 		-23.198 		4.31
v -9.457 		-40.44 		44.793
v -8.595 		-38.716 		41.345
v -8.595 		-37.853 		41.345
v -8.595 		-37.853 		42.207
v -9.457 		-38.716 		41.345
v -8.595 		-36.991 		41.345
v 22.44 		-19.75 		3.448
v -8.595 		-36.991 		42.207
v 22.44 		-23.198 		3.448
v -12.043 		-38.716 		41.345
v -11.181 		-38.716 		41.345
v 22.44 		-26.647 		6.897
v 22.44 		-26.647 		4.31
v 22.44 		-26.647 		6.034
v -12.043 		-40.44 		41.345
v -11.181 		-39.578 		41.345
v -9.457 		-40.44 		41.345
v -9.457 		-39.578 		41.345
v 22.44 		-30.095 		6.897
v 22.44 		-30.095 		4.31
v 22.44 		-30.095 		6.034
v 22.44 		-26.647 		3.448
v 22.44 		-30.095 		3.448
v -1.698 		-38.716 		37.897
v -2.56 		-38.716 		37.897
v -1.698 		-36.991 		37.897
v -1.698 		-36.991 		37.034
v -1.698 		-37.853 		37.034
v -1.698 		-37.853 		37.897
v -2.56 		-39.578 		37.897
v -4.284 		-38.716 		37.897
v -5.147 		-38.716 		37.897
v -5.147 		-37.853 		37.897
v -5.147 		-37.853 		37.034
v -5.147 		-36.991 		37.034
v -5.147 		-36.991 		37.897
v -4.284 		-39.578 		37.897
v -8.192 		-40.44 		37.897
v 22.69 		8.103 		48.241
v 22.69 		8.103 		49.103
v -2.56 		-39.578 		34.448
v 22.69 		4.655 		48.241
v 22.69 		4.655 		49.103
v -1.698 		-38.716 		34.448
v -2.56 		-38.716 		34.448
v -1.698 		-37.853 		34.448
v -1.698 		-37.853 		35.31
v -1.698 		-36.991 		35.31
v -1.698 		-36.991 		34.448
v 22.69 		8.103 		43.931
v 22.69 		8.103 		44.793
v 22.69 		4.655 		44.793
v 22.69 		4.655 		43.931
v 22.69 		8.103 		41.345
v 22.69 		8.103 		42.207
v 22.69 		4.655 		41.345
v 22.69 		4.655 		42.207
v -5.147 		-37.853 		35.31
v 22.69 		15 		37.034
v 22.69 		15 		37.897
v -5.147 		-36.991 		35.31
v -4.284 		-39.578 		34.448
v 22.69 		11.552 		37.897
v 22.69 		11.552 		37.034
v -4.284 		-38.716 		34.448
v -5.147 		-38.716 		34.448
v -5.147 		-37.853 		34.448
v 22.69 		15 		34.448
v 22.69 		15 		35.31
v -5.147 		-36.991 		34.448
v -8.192 		-40.44 		34.448
v 22.69 		11.552 		34.448
v 22.69 		11.552 		35.31
v 22.69 		8.103 		37.034
v 22.69 		8.103 		37.897
v -9.457 		-38.716 		37.897
v 22.69 		4.655 		37.034
v 22.69 		4.655 		37.897
v -8.595 		-38.716 		37.897
v -8.595 		-37.853 		37.034
v -8.595 		-37.853 		37.897
v -8.595 		-36.991 		37.034
v -8.595 		-36.991 		37.897
v 24.164 		-11.991 		37.897
v 24.164 		-9.405 		37.897
v 24.164 		-10.267 		37.897
v 24.164 		-12.853 		37.897
v -11.181 		-38.716 		37.897
v -12.043 		-38.716 		37.897
v -11.181 		-39.578 		37.897
v -9.457 		-39.578 		37.897
v 24.164 		-16.302 		37.897
v -12.043 		-40.44 		37.897
v 24.164 		-11.991 		34.448
v 24.164 		-9.405 		34.448
v 24.164 		-10.267 		34.448
v -8.595 		-37.853 		35.31
v -8.595 		-36.991 		35.31
v 24.164 		-16.302 		34.448
v 24.164 		-12.853 		34.448
v 24.164 		-19.75 		58.586
v 24.164 		-18.888 		58.586
v -11.181 		-38.716 		34.448
v -9.457 		-38.716 		34.448
v 24.164 		-17.164 		58.586
v -12.043 		-38.716 		34.448
v -8.595 		-38.716 		34.448
v -8.595 		-37.853 		34.448
v 24.164 		-23.198 		58.586
v 24.164 		-24.06 		58.586
v -8.595 		-36.991 		34.448
v -9.457 		-39.578 		34.448
v -11.181 		-39.578 		34.448
v 24.164 		-19.75 		55.138
v -12.043 		-40.44 		34.448
v 24.164 		-18.888 		55.138
v 24.164 		-17.164 		55.138
v 24.164 		-23.198 		55.138
v 24.164 		-24.06 		55.138
v 16.405 		-39.578 		27.586
v 18.129 		-39.578 		27.586
v 16.405 		-38.716 		27.586
v 18.129 		-38.716 		27.586
v 24.164 		-19.75 		51.69
v 24.164 		-18.888 		51.69
v 24.164 		-17.164 		51.69
v 18.129 		-39.578 		24.138
v 16.405 		-39.578 		24.138
v 16.405 		-38.716 		24.138
v 18.129 		-38.716 		24.138
v 24.164 		-23.198 		51.69
v 24.164 		-24.06 		51.69
v 16.405 		-39.578 		20.69
v 18.129 		-39.578 		20.69
v 16.405 		-38.716 		20.69
v 18.129 		-38.716 		20.69
v 24.164 		-26.647 		58.586
v 24.164 		-25.784 		58.586
v 18.129 		-39.578 		17.241
v 16.405 		-39.578 		17.241
v 16.405 		-38.716 		17.241
v 18.129 		-38.716 		17.241
v 24.164 		-32.681 		58.586
v 24.164 		-30.095 		58.586
v 24.164 		-30.957 		58.586
v 12.288 		-40.44 		27.586
v 15.543 		-38.716 		27.586
v 24.164 		-26.647 		55.138
v 15.543 		-37.853 		27.586
v 15.543 		-37.853 		26.724
v 24.164 		-25.784 		55.138
v 15.543 		-36.991 		26.724
v 15.543 		-36.991 		27.586
v 24.164 		-32.681 		55.138
v 24.164 		-30.095 		55.138
v 24.164 		-30.957 		55.138
v 15.543 		-37.853 		25
v 15.543 		-36.991 		25
v 24.164 		-26.647 		51.69
v 24.164 		-25.784 		51.69
v 12.095 		-38.716 		27.586
v 11.233 		-38.716 		27.586
v 12.095 		-37.853 		27.586
v 12.095 		-37.853 		26.724
v 24.164 		-30.095 		51.69
v 12.095 		-36.991 		27.586
v 12.095 		-36.991 		26.724
v 24.164 		-32.681 		51.69
v 24.164 		-30.957 		51.69
v 8.647 		-38.716 		27.586
v 8.647 		-37.853 		27.586
v 8.647 		-37.853 		26.724
v 9.509 		-38.716 		27.586
v 24.164 		-19.75 		48.241
v 24.164 		-18.888 		48.241
v 24.164 		-17.164 		48.241
v 8.647 		-36.991 		26.724
v 8.647 		-36.991 		27.586
v 24.164 		-23.198 		48.241
v 24.164 		-24.06 		48.241
v 9.509 		-39.578 		27.586
v 11.233 		-39.578 		27.586
v 12.095 		-37.853 		25
v 24.164 		-19.75 		44.793
v 24.164 		-18.888 		44.793
v 12.095 		-36.991 		25
v 24.164 		-17.164 		44.793
v 24.164 		-19.75 		41.345
v 24.164 		-18.888 		41.345
v 24.164 		-17.164 		41.345
v 24.164 		-23.198 		44.793
v 24.164 		-24.06 		44.793
v 24.164 		-23.198 		41.345
v 24.164 		-24.06 		41.345
v 24.164 		-26.647 		48.241
v 24.164 		-25.784 		48.241
v 24.164 		-30.095 		48.241
v 24.164 		-32.681 		48.241
v 24.164 		-30.957 		48.241
v 24.164 		-26.647 		44.793
v 24.164 		-25.784 		44.793
v 24.164 		-26.647 		41.345
v 24.164 		-25.784 		41.345
# 7560 vertices

g group_0_15277357

usemtl color_15277357
s 0

f 1 	2 	3
f 3 	6921 	1
f 3418 	4669 	1
f 11 	12 	10
f 1 	10 	12
f 1 	12 	2
f 1 	4 	13
f 1 	13 	10
f 15 	14 	16
f 20 	3403 	19
f 30 	21 	19
f 22 	42 	43
f 22 	43 	23
f 19 	21 	20
f 24 	20 	21
f 30 	6590 	21
f 22 	26 	25
f 22 	25 	42
f 19 	27 	30
f 27 	29 	30
f 23 	17 	22
f 30 	29 	31
f 28 	7449 	18
f 33 	22 	3493
f 33 	50 	35
f 35 	36 	33
f 6 	7 	37
f 32 	34 	33
f 36 	22 	33
f 17 	3493 	22
f 22 	36 	26
f 17 	43 	39
f 43 	42 	39
f 38 	46 	41
f 42 	25 	44
f 45 	42 	44
f 17 	23 	43
f 40 	47 	18
f 28 	18 	47
f 50 	3494 	42
f 6 	37 	48
f 50 	42 	45
f 50 	45 	52
f 7456 	47 	40
f 50 	33 	34
f 50 	34 	51
f 50 	52 	53
f 53 	35 	50
f 32 	49 	34
f 51 	34 	49
f 37 	54 	48
f 51 	49 	50
f 46 	61 	41
f 57 	109 	56
f 57 	58 	59
f 57 	59 	109
f 3496 	57 	55
f 60 	41 	61
f 58 	57 	100
f 62 	63 	46
f 62 	46 	38
f 7 	66 	38
f 6 	66 	7
f 65 	66 	6
f 62 	38 	66
f 70 	71 	69
f 68 	69 	71
f 72 	73 	74
f 72 	74 	75
f 76 	77 	78
f 76 	78 	79
f 80 	81 	82
f 80 	82 	83
f 90 	96 	67
f 57 	3496 	96
f 94 	95 	192
f 126 	96 	90
f 101 	97 	98
f 100 	96 	99
f 126 	99 	96
f 195 	196 	98
f 102 	97 	101
f 104 	101 	103
f 57 	96 	100
f 101 	104 	102
f 106 	98 	97
f 106 	97 	107
f 108 	105 	56
f 55 	56 	105
f 98 	106 	202
f 98 	202 	195
f 105 	108 	109
f 109 	108 	56
f 104 	207 	102
f 111 	109 	110
f 209 	112 	103
f 109 	111 	130
f 130 	126 	109
f 106 	107 	202
f 87 	116 	64
f 114 	211 	207
f 114 	207 	104
f 90 	67 	115
f 94 	114 	104
f 103 	95 	104
f 112 	95 	103
f 94 	104 	95
f 192 	95 	209
f 112 	209 	95
f 94 	211 	114
f 113 	64 	116
f 90 	115 	118
f 122 	123 	121
f 120 	121 	123
f 119 	120 	123
f 124 	125 	123
f 119 	123 	125
f 118 	115 	126
f 90 	118 	126
f 126 	115 	109
f 129 	122 	128
f 123 	122 	129
f 127 	128 	122
f 127 	122 	131
f 131 	117 	127
f 127 	117 	132
f 127 	132 	133
f 134 	139 	133
f 135 	139 	134
f 136 	139 	135
f 137 	139 	136
f 138 	139 	137
f 127 	133 	139
f 126 	130 	140
f 123 	223 	124
f 223 	125 	124
f 125 	228 	119
f 229 	120 	119
f 229 	119 	228
f 121 	120 	229
f 128 	237 	129
f 147 	808 	148
f 117 	218 	132
f 269 	133 	132
f 134 	276 	135
f 276 	136 	135
f 137 	282 	138
f 139 	138 	283
f 282 	283 	138
f 152 	153 	154
f 152 	154 	3431
f 2949 	152 	3431
f 283 	127 	139
f 159 	172 	152
f 155 	289 	156
f 152 	173 	153
f 157 	291 	158
f 91 	155 	156
f 91 	156 	89
f 159 	160 	161
f 93 	157 	158
f 93 	158 	92
f 156 	289 	89
f 158 	291 	92
f 163 	3453 	162
f 164 	293 	165
f 166 	296 	167
f 85 	164 	165
f 85 	165 	84
f 88 	166 	167
f 88 	167 	86
f 165 	293 	84
f 167 	296 	86
f 163 	162 	168
f 162 	212 	170
f 161 	172 	159
f 173 	152 	172
f 171 	80 	169
f 173 	175 	176
f 30 	173 	6590
f 177 	174 	83
f 316 	81 	80
f 172 	180 	182
f 181 	182 	180
f 184 	85 	183
f 84 	183 	85
f 173 	172 	182
f 186 	88 	185
f 86 	185 	88
f 189 	91 	188
f 89 	188 	91
f 191 	93 	190
f 92 	190 	93
f 173 	182 	6590
f 192 	193 	94
f 101 	98 	196
f 200 	97 	199
f 102 	199 	97
f 196 	201 	101
f 103 	101 	201
f 204 	208 	197
f 204 	197 	170
f 107 	97 	200
f 107 	200 	205
f 102 	207 	199
f 415 	206 	203
f 103 	201 	209
f 107 	205 	202
f 204 	1206 	182
f 210 	416 	419
f 211 	94 	193
f 212 	214 	215
f 131 	216 	117
f 220 	170 	212
f 217 	218 	117
f 269 	132 	218
f 215 	220 	212
f 237 	221 	123
f 224 	1681 	246
f 221 	223 	123
f 125 	223 	226
f 246 	243 	222
f 226 	228 	125
f 236 	204 	170
f 231 	121 	229
f 236 	1206 	204
f 231 	232 	122
f 231 	122 	121
f 215 	3786 	220
f 236 	170 	220
f 131 	122 	232
f 430 	235 	233
f 128 	238 	237
f 220 	234 	236
f 239 	236 	234
f 123 	129 	237
f 232 	242 	131
f 246 	1206 	236
f 244 	245 	436
f 244 	436 	437
f 240 	432 	245
f 246 	247 	243
f 532 	1163 	246
f 251 	252 	8
f 444 	439 	253
f 116 	87 	259
f 256 	259 	87
f 87 	64 	256
f 3532 	113 	259
f 255 	260 	261
f 451 	447 	258
f 255 	6958 	644
f 265 	267 	268
f 217 	117 	216
f 242 	216 	131
f 265 	644 	270
f 133 	269 	272
f 274 	271 	273
f 270 	273 	271
f 134 	133 	275
f 272 	275 	133
f 270 	644 	278
f 275 	276 	134
f 136 	276 	277
f 280 	281 	278
f 136 	277 	137
f 279 	137 	277
f 279 	282 	137
f 644 	642 	278
f 284 	127 	283
f 238 	128 	127
f 238 	127 	284
f 285 	255 	286
f 285 	286 	287
f 155 	288 	289
f 157 	290 	291
f 265 	295 	298
f 265 	298 	267
f 89 	289 	188
f 270 	271 	265
f 265 	271 	295
f 189 	288 	91
f 155 	91 	288
f 92 	291 	190
f 191 	290 	93
f 157 	93 	290
f 299 	295 	271
f 164 	292 	293
f 166 	294 	296
f 295 	297 	298
f 84 	293 	183
f 184 	292 	85
f 164 	85 	292
f 86 	296 	185
f 186 	294 	88
f 166 	88 	294
f 271 	3974 	300
f 301 	299 	300
f 271 	300 	299
f 278 	304 	280
f 302 	303 	171
f 642 	641 	278
f 171 	169 	302
f 304 	306 	307
f 4005 	3998 	307
f 304 	278 	641
f 305 	174 	308
f 177 	308 	174
f 315 	83 	82
f 169 	174 	305
f 169 	305 	302
f 83 	174 	169
f 83 	169 	80
f 177 	171 	303
f 177 	303 	308
f 314 	315 	316
f 314 	316 	317
f 312 	824 	313
f 317 	171 	314
f 80 	171 	317
f 171 	177 	314
f 83 	314 	177
f 317 	316 	80
f 83 	315 	314
f 75 	82 	81
f 75 	81 	72
f 81 	316 	79
f 305 	186 	185
f 305 	185 	184
f 305 	184 	183
f 305 	183 	302
f 292 	296 	190
f 191 	190 	296
f 294 	191 	296
f 305 	191 	294
f 190 	189 	292
f 293 	292 	189
f 189 	188 	293
f 188 	193 	293
f 275 	272 	308
f 217 	209 	218
f 277 	308 	303
f 237 	238 	302
f 303 	302 	238
f 303 	238 	284
f 303 	284 	283
f 303 	283 	282
f 302 	183 	192
f 308 	211 	289
f 308 	289 	288
f 308 	288 	291
f 308 	291 	290
f 308 	290 	305
f 228 	226 	302
f 196 	195 	272
f 308 	272 	195
f 308 	195 	200
f 308 	200 	199
f 199 	211 	308
f 196 	269 	209
f 201 	196 	209
f 205 	200 	195
f 205 	195 	202
f 207 	211 	199
f 209 	232 	192
f 193 	289 	211
f 216 	209 	217
f 323 	324 	842
f 242 	209 	216
f 231 	192 	232
f 218 	209 	269
f 302 	221 	237
f 221 	302 	223
f 226 	223 	302
f 6973 	6977 	329
f 337 	6984 	340
f 348 	7022 	351
f 7179 	369 	370
f 367 	7174 	370
f 376 	7204 	378
f 7237 	385 	384
f 391 	392 	920
f 7252 	393 	390
f 187 	405 	406
f 7290 	404 	407
f 187 	406 	391
f 413 	203 	409
f 198 	411 	194
f 409 	194 	411
f 194 	409 	203
f 198 	206 	415
f 415 	203 	413
f 213 	210 	419
f 421 	416 	219
f 416 	210 	219
f 5949 	428 	423
f 227 	430 	424
f 227 	424 	225
f 423 	225 	424
f 421 	219 	426
f 230 	426 	219
f 213 	419 	230
f 230 	419 	426
f 425 	7397 	427
f 225 	423 	233
f 227 	235 	430
f 430 	233 	428
f 429 	7407 	433
f 241 	437 	434
f 432 	240 	241
f 432 	241 	434
f 436 	245 	432
f 241 	244 	437
f 249 	250 	440
f 439 	440 	250
f 254 	249 	440
f 250 	253 	439
f 253 	254 	443
f 253 	443 	444
f 443 	254 	440
f 257 	258 	448
f 447 	448 	258
f 449 	7434 	446
f 264 	257 	448
f 263 	264 	450
f 263 	450 	451
f 7431 	178 	452
f 452 	178 	453
f 450 	264 	448
f 454 	457 	266
f 327 	266 	457
f 455 	456 	712
f 329 	331 	458
f 460 	716 	459
f 461 	458 	331
f 463 	335 	333
f 463 	333 	462
f 465 	466 	337
f 338 	337 	466
f 464 	698 	995
f 469 	468 	340
f 995 	467 	464
f 453 	178 	179
f 469 	340 	342
f 471 	347 	344
f 471 	344 	470
f 453 	179 	7434
f 475 	473 	348
f 178 	472 	474
f 178 	474 	179
f 348 	351 	475
f 480 	356 	352
f 480 	352 	477
f 481 	479 	354
f 354 	359 	481
f 485 	484 	361
f 485 	361 	363
f 489 	369 	365
f 489 	365 	486
f 491 	488 	367
f 7515 	487 	643
f 490 	7485 	482
f 367 	370 	491
f 483 	634 	482
f 495 	374 	373
f 495 	373 	492
f 625 	487 	476
f 493 	501 	4755
f 4760 	493 	4755
f 498 	376 	378
f 497 	376 	498
f 383 	380 	503
f 500 	503 	380
f 506 	504 	384
f 506 	384 	385
f 544 	505 	510
f 509 	511 	386
f 387 	386 	511
f 515 	513 	390
f 515 	390 	393
f 508 	507 	493
f 494 	493 	507
f 518 	397 	396
f 518 	396 	516
f 4760 	523 	508
f 499 	1750 	517
f 4760 	508 	493
f 524 	402 	400
f 524 	400 	521
f 510 	502 	520
f 523 	501 	541
f 499 	517 	520
f 502 	499 	520
f 522 	520 	517
f 517 	519 	522
f 514 	1367 	519
f 407 	404 	528
f 556 	554 	525
f 528 	404 	527
f 526 	556 	525
f 520 	525 	510
f 523 	4763 	501
f 529 	530 	410
f 285 	4011 	309
f 501 	2776 	531
f 408 	410 	530
f 533 	532 	309
f 285 	309 	532
f 537 	534 	412
f 537 	412 	414
f 295 	627 	535
f 295 	299 	627
f 542 	420 	417
f 542 	417 	538
f 522 	1367 	526
f 543 	539 	418
f 501 	531 	541
f 544 	540 	505
f 418 	422 	543
f 2776 	541 	531
f 547 	546 	425
f 510 	554 	544
f 547 	425 	427
f 551 	431 	429
f 551 	429 	549
f 569 	548 	552
f 567 	545 	550
f 545 	536 	550
f 544 	560 	552
f 555 	553 	433
f 554 	560 	544
f 550 	4764 	4769
f 550 	4769 	567
f 433 	435 	555
f 558 	441 	438
f 510 	525 	554
f 441 	558 	561
f 562 	578 	560
f 569 	552 	560
f 442 	445 	563
f 445 	564 	563
f 569 	565 	548
f 566 	449 	446
f 566 	568 	449
f 452 	453 	572
f 572 	453 	571
f 574 	2787 	575
f 557 	574 	575
f 557 	575 	559
f 4892 	567 	4769
f 567 	4892 	575
f 4892 	559 	575
f 576 	569 	578
f 569 	560 	578
f 577 	578 	562
f 584 	1367 	583
f 581 	454 	266
f 578 	583 	576
f 1367 	576 	583
f 588 	589 	587
f 590 	4896 	579
f 591 	592 	593
f 599 	457 	581
f 582 	2452 	581
f 4895 	579 	4896
f 454 	581 	457
f 587 	591 	593
f 587 	593 	588
f 590 	606 	4896
f 2453 	586 	585
f 597 	594 	589
f 587 	589 	594
f 594 	597 	598
f 596 	595 	579
f 580 	579 	595
f 594 	598 	601
f 599 	331 	327
f 457 	599 	327
f 4898 	606 	596
f 601 	602 	600
f 591 	600 	602
f 591 	602 	592
f 581 	1056 	599
f 601 	600 	594
f 604 	605 	603
f 609 	610 	611
f 611 	604 	609
f 603 	609 	604
f 614 	615 	613
f 228 	302 	229
f 302 	192 	229
f 229 	192 	231
f 721 	702 	496
f 607 	496 	702
f 616 	617 	618
f 613 	616 	618
f 613 	618 	614
f 496 	607 	7490
f 620 	619 	615
f 613 	615 	619
f 619 	620 	621
f 232 	209 	242
f 301 	3986 	299
f 269 	196 	272
f 627 	628 	535
f 275 	308 	276
f 277 	276 	308
f 630 	627 	299
f 303 	279 	277
f 632 	630 	626
f 299 	626 	630
f 303 	282 	279
f 612 	705 	478
f 4240 	306 	633
f 637 	633 	636
f 304 	636 	633
f 7540 	634 	638
f 289 	193 	188
f 192 	183 	193
f 304 	1078 	636
f 288 	189 	190
f 288 	190 	291
f 7540 	483 	7514
f 290 	191 	305
f 640 	641 	639
f 641 	642 	639
f 293 	193 	183
f 643 	625 	7543
f 292 	184 	185
f 292 	185 	296
f 294 	186 	305
f 7543 	7515 	643
f 75 	76 	315
f 75 	315 	82
f 81 	79 	72
f 76 	79 	316
f 76 	316 	315
f 635 	700 	634
f 4459 	645 	646
f 72 	79 	73
f 78 	73 	79
f 490 	482 	634
f 638 	634 	483
f 75 	74 	77
f 76 	75 	77
f 66 	74 	73
f 71 	62 	73
f 66 	73 	62
f 71 	78 	68
f 78 	77 	68
f 66 	68 	77
f 645 	1054 	1084
f 487 	625 	643
f 582 	581 	690
f 582 	690 	691
f 73 	78 	71
f 77 	74 	66
f 590 	661 	606
f 649 	2987 	651
f 661 	2801 	606
f 4901 	4896 	606
f 654 	655 	718
f 653 	652 	651
f 649 	651 	652
f 661 	590 	656
f 660 	723 	659
f 657 	652 	665
f 662 	663 	725
f 652 	653 	665
f 2799 	661 	656
f 667 	728 	666
f 671 	48 	54
f 61 	669 	60
f 680 	664 	668
f 54 	672 	671
f 668 	4902 	680
f 679 	670 	671
f 658 	668 	664
f 684 	675 	674
f 684 	674 	683
f 4906 	680 	4905
f 680 	4906 	684
f 4906 	675 	684
f 60 	669 	677
f 686 	687 	688
f 329 	690 	266
f 458 	690 	329
f 581 	266 	690
f 582 	691 	2452
f 677 	669 	686
f 689 	686 	669
f 694 	585 	586
f 586 	2453 	694
f 693 	665 	692
f 692 	665 	653
f 585 	694 	695
f 669 	46 	696
f 46 	669 	61
f 48 	1050 	6
f 1055 	1057 	7
f 464 	622 	698
f 647 	1311 	648
f 7 	1416 	37
f 1453 	1573 	37
f 490 	699 	496
f 1476 	1471 	38
f 490 	700 	699
f 701 	699 	700
f 41 	1480 	38
f 1548 	1542 	41
f 701 	7538 	697
f 697 	648 	701
f 648 	1311 	699
f 490 	634 	700
f 41 	1567 	1562
f 37 	1575 	1577
f 1577 	1580 	37
f 961 	631 	963
f 732 	963 	612
f 703 	608 	702
f 608 	607 	702
f 41 	2406 	2402
f 631 	478 	705
f 41 	60 	2410
f 60 	2443 	2437
f 2437 	2430 	60
f 709 	689 	669
f 696 	709 	669
f 451 	258 	263
f 712 	456 	711
f 657 	713 	714
f 711 	456 	716
f 665 	713 	657
f 715 	716 	460
f 456 	459 	716
f 460 	455 	715
f 715 	455 	712
f 718 	655 	717
f 717 	655 	723
f 720 	721 	719
f 1322 	706 	719
f 496 	719 	721
f 722 	723 	660
f 655 	659 	723
f 660 	654 	722
f 722 	654 	718
f 725 	663 	724
f 719 	706 	720
f 708 	720 	706
f 724 	663 	728
f 704 	702 	721
f 727 	728 	667
f 478 	726 	744
f 663 	666 	728
f 667 	662 	727
f 727 	662 	725
f 607 	729 	736
f 608 	729 	607
f 737 	736 	729
f 736 	7492 	607
f 731 	676 	730
f 681 	676 	731
f 744 	732 	478
f 612 	478 	732
f 673 	730 	676
f 673 	678 	733
f 730 	673 	733
f 732 	744 	729
f 678 	681 	733
f 734 	733 	681
f 736 	737 	739
f 740 	685 	738
f 739 	966 	736
f 682 	738 	685
f 735 	7497 	736
f 741 	738 	1358
f 682 	1358 	738
f 743 	726 	970
f 1358 	742 	741
f 726 	743 	744
f 744 	743 	970
f 737 	729 	744
f 1762 	1759 	747
f 750 	749 	754
f 772 	2826 	754
f 1766 	1763 	755
f 754 	753 	750
f 757 	758 	766
f 2815 	2820 	749
f 763 	764 	780
f 761 	4914 	749
f 4909 	749 	4914
f 765 	757 	766
f 768 	769 	770
f 768 	770 	771
f 761 	759 	772
f 767 	772 	759
f 774 	762 	773
f 760 	773 	762
f 775 	776 	777
f 775 	777 	778
f 772 	4914 	761
f 779 	763 	780
f 2828 	783 	785
f 781 	782 	784
f 781 	784 	786
f 783 	4918 	794
f 788 	787 	795
f 788 	795 	796
f 783 	794 	793
f 783 	793 	785
f 797 	798 	799
f 797 	799 	800
f 794 	4919 	4925
f 789 	801 	802
f 789 	802 	790
f 803 	791 	792
f 803 	792 	804
f 807 	808 	809
f 807 	809 	810
f 811 	812 	813
f 811 	813 	814
f 4918 	783 	806
f 821 	815 	816
f 821 	816 	822
f 817 	827 	819
f 818 	2965 	820
f 818 	820 	806
f 818 	806 	805
f 820 	2965 	794
f 823 	824 	825
f 823 	825 	826
f 4925 	806 	820
f 827 	828 	819
f 829 	830 	831
f 829 	831 	832
f 834 	835 	837
f 836 	834 	837
f 838 	842 	841
f 841 	842 	843
f 846 	844 	845
f 846 	845 	847
f 848 	849 	852
f 850 	848 	852
f 833 	840 	851
f 853 	855 	854
f 854 	855 	856
f 839 	873 	858
f 840 	857 	851
f 861 	859 	860
f 861 	860 	862
f 4929 	858 	857
f 863 	865 	864
f 865 	866 	864
f 840 	4927 	857
f 867 	872 	869
f 839 	868 	873
f 872 	874 	869
f 875 	870 	871
f 875 	871 	876
f 877 	880 	878
f 880 	881 	878
f 882 	888 	883
f 888 	889 	883
f 885 	884 	4932
f 890 	886 	887
f 890 	887 	891
f 892 	893 	895
f 894 	892 	895
f 897 	899 	898
f 879 	885 	896
f 899 	900 	898
f 912 	904 	884
f 905 	901 	903
f 905 	903 	906
f 885 	902 	896
f 907 	909 	908
f 4934 	904 	902
f 909 	910 	908
f 904 	4935 	884
f 885 	4933 	902
f 913 	914 	925
f 933 	915 	911
f 916 	904 	912
f 918 	919 	941
f 933 	911 	923
f 924 	913 	925
f 926 	927 	928
f 926 	928 	929
f 930 	931 	936
f 921 	2988 	2990
f 4937 	921 	932
f 936 	931 	935
f 938 	937 	921
f 922 	921 	937
f 4941 	943 	938
f 941 	942 	918
f 920 	917 	934
f 187 	920 	934
f 939 	940 	194
f 198 	194 	940
f 932 	948 	943
f 203 	206 	944
f 203 	944 	945
f 946 	949 	210
f 219 	210 	949
f 4943 	932 	943
f 227 	225 	950
f 227 	950 	951
f 213 	230 	953
f 213 	953 	947
f 233 	235 	954
f 233 	954 	955
f 245 	996 	240
f 240 	996 	958
f 956 	943 	948
f 241 	957 	990
f 629 	960 	965
f 705 	963 	631
f 966 	962 	702
f 703 	702 	962
f 966 	702 	969
f 704 	969 	702
f 962 	729 	703
f 608 	703 	729
f 971 	961 	963
f 705 	612 	963
f 962 	971 	963
f 962 	963 	729
f 732 	729 	963
f 706 	964 	972
f 707 	964 	706
f 706 	972 	708
f 975 	708 	972
f 710 	629 	965
f 965 	974 	964
f 708 	975 	720
f 969 	704 	721
f 967 	968 	966
f 962 	966 	968
f 735 	736 	966
f 967 	966 	739
f 969 	979 	966
f 737 	968 	967
f 737 	967 	739
f 726 	961 	970
f 970 	961 	971
f 970 	971 	744
f 971 	962 	968
f 737 	744 	968
f 971 	968 	744
f 973 	972 	974
f 960 	976 	977
f 965 	960 	977
f 977 	974 	965
f 972 	964 	974
f 979 	978 	735
f 978 	979 	980
f 979 	721 	980
f 720 	980 	721
f 720 	975 	980
f 969 	721 	979
f 972 	978 	980
f 975 	972 	980
f 735 	966 	979
f 988 	989 	981
f 984 	985 	1312
f 986 	984 	987
f 7529 	986 	987
f 991 	995 	987
f 989 	7529 	987
f 983 	985 	984
f 986 	7527 	984
f 982 	983 	7527
f 984 	7527 	983
f 244 	241 	990
f 461 	994 	690
f 991 	987 	984
f 984 	1311 	991
f 461 	690 	458
f 1312 	985 	983
f 249 	254 	999
f 994 	599 	1376
f 467 	991 	647
f 994 	461 	331
f 331 	6970 	327
f 994 	331 	599
f 250 	992 	253
f 989 	995 	981
f 994 	2580 	690
f 691 	690 	2456
f 998 	999 	254
f 989 	987 	995
f 253 	992 	993
f 467 	995 	991
f 257 	264 	1011
f 1002 	333 	1407
f 462 	333 	1002
f 1000 	1003 	982
f 983 	982 	1003
f 1014 	1011 	264
f 1001 	1005 	258
f 263 	258 	1005
f 1008 	1009 	1007
f 1012 	1007 	1339
f 1004 	1002 	1407
f 1334 	1003 	1339
f 1012 	1339 	1003
f 462 	1002 	463
f 3052 	1009 	1008
f 1017 	997 	1016
f 1017 	1016 	3055
f 1020 	1019 	716
f 711 	716 	1019
f 1015 	712 	1013
f 1016 	1009 	3055
f 3052 	1008 	1007
f 715 	712 	1015
f 1012 	1003 	1007
f 1000 	1007 	1003
f 717 	723 	1023
f 723 	1025 	1023
f 718 	1021 	1022
f 722 	718 	1022
f 1028 	1027 	728
f 724 	728 	1027
f 725 	1024 	1026
f 727 	725 	1026
f 730 	1029 	731
f 1030 	731 	1029
f 733 	734 	1031
f 1031 	734 	1032
f 740 	738 	1033
f 1033 	1034 	740
f 741 	742 	1035
f 742 	1036 	1035
f 747 	746 	1037
f 1039 	745 	748
f 1037 	1038 	747
f 1040 	1039 	748
f 1041 	755 	752
f 1044 	1043 	756
f 1041 	1042 	755
f 751 	756 	1043
f 1048 	1046 	1047
f 1045 	1047 	1046
f 1084 	650 	645
f 646 	645 	650
f 693 	713 	665
f 1072 	1054 	644
f 1050 	671 	1051
f 670 	1051 	671
f 4459 	4447 	645
f 670 	679 	1051
f 1126 	1054 	1053
f 1052 	1053 	1054
f 48 	671 	1050
f 1126 	1084 	1054
f 1055 	1056 	1057
f 624 	1058 	623
f 616 	623 	1058
f 616 	1058 	617
f 645 	644 	1054
f 619 	621 	623
f 624 	623 	621
f 1061 	1062 	1059
f 4475 	1054 	1060
f 1063 	1064 	1065
f 1065 	1061 	1063
f 1059 	1063 	1061
f 1067 	1060 	1066
f 1135 	1066 	1060
f 1060 	1070 	1135
f 603 	1071 	1069
f 605 	1071 	603
f 1068 	1069 	1071
f 1070 	1060 	1072
f 1074 	1075 	1073
f 609 	1073 	1075
f 609 	1075 	610
f 640 	4483 	641
f 1073 	1069 	1074
f 1068 	1074 	1069
f 641 	1079 	1078
f 1078 	1079 	1080
f 1078 	304 	641
f 1081 	1083 	1077
f 1082 	1083 	1081
f 1083 	1085 	1077
f 1076 	1077 	1085
f 1076 	1087 	1077
f 1086 	1077 	1087
f 1084 	4517 	650
f 1089 	1082 	1088
f 1081 	1088 	1082
f 1086 	1090 	1088
f 1087 	1090 	1086
f 1090 	1091 	1088
f 1089 	1088 	1091
f 1059 	1095 	1093
f 1062 	1095 	1059
f 1092 	1093 	1095
f 1097 	1098 	1096
f 1063 	1096 	1098
f 1063 	1098 	1064
f 1096 	1093 	1097
f 1092 	1097 	1093
f 1094 	1084 	1099
f 1106 	636 	1078
f 1100 	1105 	1104
f 1101 	1105 	1100
f 1105 	1107 	1104
f 1103 	1104 	1107
f 1108 	1106 	1102
f 1078 	1102 	1106
f 1110 	1101 	1109
f 1100 	1109 	1101
f 1103 	1112 	1104
f 1111 	1104 	1112
f 1084 	1119 	1099
f 1111 	1114 	1109
f 1112 	1114 	1111
f 1114 	1115 	1109
f 1110 	1109 	1115
f 1117 	1118 	1116
f 1084 	1130 	1119
f 1120 	1121 	1122
f 1122 	1117 	1120
f 1116 	1120 	1117
f 1123 	1113 	1119
f 1113 	1099 	1119
f 1053 	4691 	1126
f 1116 	1118 	1125
f 1127 	1125 	1118
f 1124 	1125 	1127
f 1129 	1131 	1128
f 1131 	1121 	1128
f 1120 	1128 	1121
f 1132 	1133 	1126
f 1130 	1126 	1133
f 1128 	1125 	1129
f 1124 	1129 	1125
f 1130 	1084 	1126
f 4709 	4707 	1141
f 1600 	1156 	1070
f 1136 	1137 	1134
f 1140 	1136 	1138
f 1134 	1138 	1136
f 1135 	1139 	1141
f 1140 	1138 	1142
f 1133 	4702 	1130
f 1146 	1130 	1143
f 1146 	1119 	1130
f 1134 	1137 	1145
f 1147 	1145 	1137
f 1144 	1145 	1147
f 1143 	1148 	1146
f 1144 	1150 	1145
f 1149 	1145 	1150
f 1150 	1151 	1149
f 1151 	1142 	1149
f 1138 	1149 	1142
f 1135 	1156 	1152
f 4743 	1139 	1152
f 1135 	1070 	1156
f 1154 	1155 	1153
f 1156 	1157 	1152
f 1158 	1159 	1160
f 1153 	1158 	1160
f 1153 	1160 	1154
f 1163 	532 	1162
f 1161 	1162 	532
f 1165 	1164 	1155
f 1153 	1155 	1164
f 1164 	1165 	1166
f 1167 	1168 	627
f 627 	1168 	4771
f 1170 	1171 	1169
f 1158 	1169 	1171
f 1158 	1171 	1159
f 1164 	1166 	1169
f 1170 	1169 	1166
f 627 	630 	1172
f 1174 	1175 	1173
f 1177 	1172 	1176
f 630 	1176 	1172
f 627 	1172 	1178
f 1179 	1180 	1181
f 1181 	1174 	1179
f 1173 	1179 	1174
f 1178 	1167 	627
f 1183 	1184 	1182
f 1186 	1188 	1189
f 636 	1185 	1187
f 1183 	1182 	1186
f 1183 	1186 	1189
f 1192 	1191 	1184
f 1182 	1184 	1191
f 1191 	1192 	1193
f 4971 	1185 	1190
f 1195 	1196 	1194
f 1186 	1194 	1196
f 1186 	1196 	1188
f 1191 	1193 	1195
f 1191 	1195 	1194
f 1201 	246 	1163
f 1198 	1199 	1197
f 1163 	1200 	1201
f 1202 	1203 	1204
f 1201 	1200 	1205
f 1198 	1197 	1202
f 1198 	1202 	1204
f 6590 	182 	1206
f 1201 	1206 	246
f 1173 	1209 	1208
f 1175 	1209 	1173
f 1207 	1208 	1209
f 1207 	1211 	1208
f 1210 	1208 	1211
f 1211 	1212 	1210
f 1179 	1210 	1212
f 1179 	1212 	1180
f 1178 	1215 	1213
f 1213 	5074 	1178
f 1215 	5081 	1217
f 1217 	1213 	1215
f 1218 	1220 	1216
f 1219 	1220 	1218
f 1220 	1221 	1216
f 1214 	1216 	1221
f 1201 	5081 	1206
f 1215 	1206 	5081
f 1214 	1223 	1216
f 1222 	1216 	1223
f 1172 	1229 	1178
f 1223 	1225 	1222
f 1224 	1222 	1225
f 1224 	1225 	1227
f 1224 	1227 	1228
f 1215 	1178 	1229
f 1228 	1219 	1224
f 1218 	1224 	1219
f 1231 	1229 	1226
f 1172 	1226 	1229
f 1230 	1232 	1233
f 1230 	1233 	1234
f 1215 	1229 	1206
f 1197 	1235 	1234
f 1199 	1235 	1197
f 1230 	1234 	1235
f 1232 	1236 	1233
f 1202 	1233 	1236
f 1202 	1236 	1203
f 1239 	1278 	1229
f 1239 	5100 	1241
f 1239 	1241 	1242
f 1239 	1242 	1190
f 1243 	1237 	1249
f 1240 	1243 	1250
f 1244 	1245 	1240
f 1108 	4676 	1106
f 1246 	1106 	1247
f 1246 	1247 	1248
f 1250 	1243 	1249
f 636 	1106 	1246
f 1250 	1244 	1240
f 636 	1246 	1190
f 1272 	1239 	1190
f 1237 	1238 	1252
f 1251 	1252 	1238
f 1240 	1245 	1238
f 1253 	1238 	1245
f 1251 	1238 	1253
f 1262 	1254 	1119
f 1119 	5119 	4685
f 1237 	1252 	1255
f 1255 	1249 	1237
f 1257 	1259 	1256
f 1254 	1262 	1258
f 1261 	1257 	1260
f 1256 	1260 	1257
f 1261 	1260 	1263
f 1272 	1278 	1239
f 1206 	1229 	1278
f 1256 	1259 	1265
f 1266 	1265 	1259
f 1264 	1265 	1266
f 1248 	5115 	1246
f 1264 	1269 	1265
f 1268 	1265 	1269
f 1246 	1272 	1190
f 1269 	1270 	1268
f 1270 	1263 	1268
f 1260 	1268 	1263
f 1246 	1267 	1272
f 1271 	1272 	1267
f 1273 	1274 	1275
f 1273 	1275 	1276
f 1276 	1277 	1273
f 1275 	1274 	1279
f 1280 	1281 	1282
f 1280 	1282 	1283
f 1273 	1277 	1283
f 1285 	1283 	1277
f 1280 	1283 	1285
f 1281 	1286 	1282
f 1286 	1279 	1282
f 1274 	1282 	1279
f 1287 	1284 	1262
f 1289 	1290 	1288
f 1288 	1290 	1291
f 1298 	1297 	1291
f 1292 	1289 	1288
f 1293 	1294 	1292
f 1292 	1294 	1295
f 1303 	959 	1296
f 1292 	1295 	1289
f 1288 	1291 	1297
f 1296 	4944 	1303
f 1009 	1299 	1007
f 4947 	1296 	1301
f 1007 	1337 	1339
f 952 	2991 	1296
f 4949 	4947 	1301
f 1016 	997 	1302
f 952 	1296 	959
f 1302 	1299 	1016
f 1009 	1016 	1299
f 981 	995 	1305
f 1300 	1304 	1301
f 1306 	1301 	1304
f 622 	1305 	698
f 4948 	4949 	1303
f 1303 	4949 	1306
f 1306 	4949 	1301
f 629 	710 	1307
f 1308 	983 	1334
f 984 	1312 	1311
f 991 	1311 	1313
f 1312 	983 	1308
f 647 	991 	1313
f 1316 	1305 	995
f 1309 	1315 	1314
f 1309 	1314 	1310
f 995 	698 	1316
f 1334 	1343 	1308
f 701 	648 	699
f 1312 	1308 	1311
f 1311 	1308 	699
f 647 	1313 	1311
f 1309 	2997 	1318
f 4956 	1309 	1318
f 1305 	1316 	698
f 4955 	1317 	1315
f 4951 	1309 	4956
f 496 	699 	719
f 4956 	1318 	4955
f 1317 	4955 	1318
f 1318 	1323 	1319
f 1318 	1319 	1317
f 1321 	1359 	707
f 1321 	707 	1322
f 707 	706 	1322
f 1328 	1325 	1329
f 1326 	1329 	1325
f 1320 	1324 	1322
f 1320 	1322 	719
f 4958 	4964 	1328
f 1327 	1307 	710
f 1329 	4958 	1328
f 1340 	1302 	1330
f 1340 	1330 	3231
f 1334 	983 	1003
f 1007 	1299 	1337
f 1336 	1337 	1299
f 1335 	1338 	1332
f 1335 	1332 	1331
f 4964 	1332 	1338
f 997 	1330 	1302
f 3008 	1341 	1342
f 699 	1308 	1343
f 1344 	3009 	1342
f 1336 	3235 	1337
f 1337 	3235 	1343
f 1334 	1339 	1337
f 1334 	1337 	1343
f 1341 	1345 	1344
f 1341 	1344 	1342
f 4968 	1354 	1345
f 699 	1343 	719
f 4968 	1345 	1341
f 3008 	3010 	1341
f 1350 	4966 	1341
f 3011 	1354 	1352
f 1347 	1352 	1354
f 1347 	1354 	1350
f 3011 	1345 	1354
f 1320 	719 	1346
f 1348 	1346 	3245
f 1354 	4970 	1350
f 719 	3245 	1346
f 3245 	3248 	1348
f 1346 	1348 	1351
f 976 	960 	1370
f 1307 	1369 	1357
f 1320 	1346 	1403
f 1322 	1364 	1359
f 1321 	1322 	1359
f 685 	740 	742
f 685 	742 	1360
f 1365 	1324 	1403
f 1320 	1403 	1324
f 1365 	1362 	1324
f 964 	707 	1359
f 1361 	1307 	1327
f 1369 	1307 	1361
f 1361 	1327 	965
f 710 	965 	1327
f 1046 	1048 	1049
f 1359 	1369 	1361
f 1359 	1361 	964
f 965 	964 	1361
f 1362 	1364 	1322
f 1363 	1364 	1362
f 1369 	1359 	1364
f 1049 	1048 	1366
f 1322 	1324 	1362
f 1363 	973 	1364
f 974 	1364 	973
f 1370 	1357 	1369
f 976 	1370 	977
f 1369 	977 	1370
f 974 	977 	1364
f 1369 	1364 	977
f 973 	1363 	1362
f 1365 	1403 	1362
f 973 	1362 	972
f 1357 	1370 	960
f 1018 	351 	335
f 1018 	335 	463
f 463 	1002 	1018
f 1004 	2458 	1002
f 1374 	337 	1384
f 465 	337 	1374
f 1375 	1374 	1384
f 1375 	2461 	1374
f 1372 	1377 	1371
f 1371 	1373 	1372
f 1047 	1377 	1366
f 1379 	1391 	1378
f 1366 	1048 	1047
f 1391 	342 	338
f 466 	1378 	338
f 1391 	338 	1378
f 1398 	1378 	1374
f 466 	1374 	1378
f 1367 	1381 	1368
f 1380 	1368 	1381
f 465 	1374 	466
f 514 	1282 	1367
f 2291 	1390 	1380
f 1380 	1382 	1383
f 1384 	337 	340
f 1384 	340 	468
f 1825 	1828 	1838
f 1375 	1384 	1385
f 1385 	2581 	1375
f 1383 	1387 	1380
f 994 	1376 	1386
f 1846 	1380 	1387
f 1376 	2462 	1386
f 1383 	1825 	1387
f 469 	1391 	468
f 1384 	468 	1391
f 1391 	1399 	1384
f 1382 	1380 	1388
f 994 	1386 	2580
f 1388 	1389 	1828
f 1825 	1388 	1828
f 1056 	2452 	1057
f 2291 	1895 	1390
f 1389 	1380 	1390
f 1388 	1380 	1389
f 1391 	1379 	1392
f 1055 	1398 	1056
f 1391 	469 	342
f 1379 	2582 	1392
f 1393 	1394 	7
f 1057 	1393 	7
f 1395 	344 	1431
f 470 	344 	1395
f 1416 	7 	1394
f 1399 	1394 	1393
f 1431 	1396 	1395
f 470 	1395 	471
f 1395 	1396 	2585
f 1460 	1464 	1399
f 1436 	363 	347
f 1400 	1436 	347
f 1400 	347 	471
f 1399 	2654 	1460
f 1436 	1400 	1401
f 1402 	1394 	1399
f 471 	1395 	1400
f 1405 	1006 	2459
f 978 	1362 	1403
f 972 	1362 	978
f 1405 	1406 	1006
f 1010 	1006 	1406
f 1333 	1404 	1434
f 1437 	1403 	1346
f 1410 	1407 	475
f 473 	475 	1407
f 1348 	1408 	1413
f 1349 	1408 	1348
f 1414 	1413 	1408
f 1407 	333 	348
f 1407 	348 	473
f 1415 	1346 	1351
f 1413 	1415 	1348
f 1351 	1348 	1415
f 1004 	1409 	2590
f 1407 	1409 	1004
f 1434 	1411 	1333
f 1353 	1333 	1411
f 1410 	351 	1018
f 475 	351 	1410
f 1411 	1434 	1408
f 1412 	1413 	1414
f 1417 	37 	1416
f 1422 	37 	1417
f 2594 	1419 	1420
f 1418 	1421 	1426
f 1424 	1420 	1419
f 1424 	1419 	1423
f 1421 	352 	1426
f 477 	352 	1421
f 1421 	480 	477
f 2597 	2612 	1422
f 1423 	2599 	1424
f 1423 	1419 	2594
f 1422 	1417 	1424
f 1417 	1430 	2593
f 2597 	2593 	1425
f 1417 	1416 	1430
f 1426 	1425 	1418
f 479 	481 	1426
f 1426 	352 	354
f 479 	1426 	354
f 2605 	2606 	1416
f 1428 	359 	356
f 480 	1428 	356
f 1421 	2615 	1428
f 1421 	1428 	480
f 1429 	481 	359
f 7048 	356 	359
f 1429 	359 	1428
f 1454 	2612 	1429
f 481 	1429 	1426
f 1483 	2618 	1427
f 484 	485 	1431
f 1431 	344 	361
f 1431 	361 	484
f 1414 	3294 	1412
f 1432 	2606 	1396
f 1433 	1434 	1404
f 1397 	2587 	1435
f 1434 	1433 	3301
f 1432 	1396 	1431
f 1414 	1408 	1434
f 1435 	1410 	1397
f 1410 	1018 	1397
f 2605 	1410 	1435
f 1413 	1412 	3294
f 1438 	2608 	1436
f 1433 	1404 	3301
f 485 	363 	1436
f 1401 	2588 	1438
f 1401 	1438 	1436
f 1346 	1415 	1437
f 485 	1436 	1431
f 978 	1403 	1439
f 1437 	1439 	1403
f 1437 	1413 	1439
f 1415 	1413 	1437
f 3294 	3293 	1413
f 1429 	2612 	1426
f 1425 	1426 	2597
f 1440 	1442 	1444
f 1444 	1939 	1440
f 1443 	1445 	1442
f 1444 	1442 	1445
f 486 	365 	1446
f 1454 	1428 	1448
f 1416 	1485 	1430
f 486 	1446 	489
f 1450 	2624 	1449
f 1450 	1449 	1422
f 1449 	37 	1422
f 1446 	365 	367
f 1451 	1446 	367
f 1451 	367 	488
f 1451 	1452 	1446
f 1447 	1446 	1452
f 1422 	1427 	1450
f 1451 	488 	491
f 2610 	1452 	1451
f 2610 	1447 	1452
f 1429 	1428 	1454
f 1430 	1456 	1446
f 1483 	370 	369
f 1456 	1483 	369
f 1456 	369 	489
f 1456 	1457 	1484
f 1456 	1484 	1483
f 2621 	1484 	1457
f 489 	1446 	1456
f 2621 	1457 	1456
f 1573 	1453 	1574
f 1453 	1455 	1574
f 1284 	1287 	1458
f 1459 	1398 	1470
f 1055 	1470 	1398
f 1463 	1474 	1287
f 1402 	1399 	1464
f 1146 	1461 	1462
f 1262 	1119 	1146
f 1146 	1463 	1262
f 1463 	1146 	1462
f 1287 	1262 	1463
f 1466 	1156 	1465
f 1468 	1465 	1156
f 1466 	5194 	1156
f 1460 	1467 	1464
f 1600 	1468 	1156
f 2689 	2690 	1467
f 1462 	5188 	1463
f 1470 	1471 	1459
f 1471 	1472 	1473
f 1471 	1473 	1459
f 1470 	38 	1471
f 1463 	1469 	1474
f 1475 	1474 	1469
f 1472 	1471 	1478
f 1601 	1278 	1474
f 1287 	1474 	1278
f 1460 	2657 	1477
f 1478 	1476 	1477
f 1460 	1477 	1476
f 1468 	1596 	1479
f 1479 	5260 	1468
f 1478 	1471 	1476
f 1600 	1596 	1468
f 1460 	1476 	1467
f 1480 	1467 	1476
f 1480 	1481 	1482
f 2835 	2836 	1482
f 1480 	1482 	1467
f 491 	370 	1483
f 1481 	1480 	1543
f 1483 	1484 	2618
f 1427 	2840 	1486
f 1493 	2843 	1430
f 1487 	492 	373
f 495 	1487 	1492
f 1488 	2624 	1487
f 492 	1487 	495
f 2382 	2394 	1486
f 1486 	2845 	1489
f 1492 	1508 	374
f 495 	1492 	374
f 1492 	1487 	1450
f 2848 	2849 	1493
f 1430 	1485 	1493
f 1523 	1496 	1441
f 1501 	1502 	1487
f 1488 	1487 	1502
f 1942 	1495 	1496
f 376 	1501 	373
f 1487 	373 	1501
f 1440 	1441 	1495
f 1496 	1495 	1441
f 1502 	2624 	1488
f 1503 	1490 	1491
f 1503 	1491 	2625
f 1498 	1499 	1500
f 1498 	1500 	1497
f 1500 	1499 	1442
f 1443 	1442 	1499
f 1495 	1497 	1500
f 1501 	376 	497
f 1442 	1440 	1495
f 1442 	1495 	1500
f 1490 	1503 	1504
f 1443 	1499 	1498
f 1443 	1498 	1445
f 1502 	1501 	2628
f 1508 	1492 	1514
f 1508 	498 	378
f 378 	374 	1508
f 1511 	1510 	1506
f 1501 	1508 	1455
f 1508 	1501 	498
f 497 	498 	1501
f 1509 	1510 	1511
f 1511 	2196 	1509
f 1509 	2179 	1505
f 1507 	1506 	1510
f 1512 	500 	380
f 1509 	1515 	1510
f 1505 	2179 	1517
f 1513 	2634 	1512
f 1509 	1505 	1515
f 1517 	1515 	1505
f 500 	1512 	503
f 1506 	1507 	1520
f 1510 	1520 	1507
f 1515 	1516 	1510
f 1519 	1532 	1518
f 1532 	385 	383
f 503 	1518 	383
f 1532 	383 	1518
f 1506 	1520 	1521
f 1510 	1516 	1520
f 2762 	1522 	1515
f 1516 	1515 	1522
f 1512 	1518 	503
f 1517 	2750 	1515
f 1521 	1520 	1516
f 1521 	1516 	1522
f 1523 	1440 	1939
f 1441 	1440 	1523
f 1528 	2640 	1508
f 1513 	1512 	1524
f 1513 	1524 	1525
f 384 	1524 	380
f 504 	1524 	384
f 1512 	380 	1524
f 1942 	1496 	1523
f 1513 	1525 	2641
f 1526 	1527 	1523
f 1528 	1508 	1514
f 1540 	1541 	1527
f 1540 	1527 	1526
f 2636 	2640 	1514
f 1529 	1530 	1531
f 1524 	504 	506
f 1531 	1530 	1641
f 1541 	1641 	1527
f 1530 	1527 	1641
f 1540 	1526 	1523
f 1532 	1519 	1533
f 1532 	506 	385
f 385 	7224 	383
f 1519 	2638 	2644
f 1533 	2644 	1532
f 506 	1532 	1524
f 1531 	1640 	1529
f 978 	1939 	735
f 1536 	386 	1551
f 509 	386 	1536
f 1539 	1536 	1551
f 1537 	1957 	1541
f 1540 	1537 	1541
f 1539 	2647 	1536
f 1485 	2839 	1494
f 1542 	1548 	1494
f 1480 	1542 	1543
f 1536 	1459 	1546
f 1543 	1542 	1544
f 1542 	1494 	1544
f 1476 	38 	1480
f 1546 	393 	387
f 511 	1546 	387
f 1548 	1550 	1493
f 1485 	1494 	1493
f 1493 	1494 	1548
f 2650 	1547 	1546
f 1546 	509 	1536
f 1549 	1550 	1548
f 509 	1546 	511
f 1542 	1480 	41
f 1551 	386 	390
f 1551 	390 	513
f 1539 	1551 	1553
f 1555 	1552 	1554
f 1539 	1553 	2647
f 513 	515 	1551
f 515 	1558 	1551
f 2656 	1460 	1558
f 1557 	2657 	1545
f 1552 	41 	1562
f 1552 	1555 	41
f 1555 	1549 	41
f 1548 	41 	1549
f 1545 	1576 	1582
f 1486 	1556 	1427
f 1450 	1427 	1556
f 1558 	1546 	1547
f 1558 	1547 	1559
f 2861 	2862 	1560
f 1558 	515 	393
f 1558 	393 	1546
f 1560 	1556 	1489
f 1486 	1489 	1556
f 2650 	2656 	1547
f 1547 	2656 	1559
f 2657 	1557 	1582
f 1559 	2656 	1558
f 1566 	2660 	1565
f 1552 	1562 	1489
f 1563 	1564 	1562
f 1560 	1562 	1564
f 516 	396 	1565
f 1560 	1489 	1562
f 1565 	1570 	516
f 1567 	1561 	1568
f 1561 	2865 	1568
f 1567 	1568 	1569
f 1563 	1562 	1567
f 1569 	1563 	1567
f 2370 	414 	397
f 1570 	2370 	397
f 1570 	397 	518
f 1561 	1574 	1455
f 1561 	1567 	2393
f 2402 	2393 	1567
f 1572 	2374 	2370
f 1572 	2370 	1570
f 1573 	1575 	37
f 518 	516 	1570
f 1572 	1570 	2690
f 1574 	2876 	1573
f 1576 	400 	1582
f 521 	400 	1576
f 524 	521 	1576
f 1545 	2649 	1576
f 2395 	2920 	1577
f 1578 	404 	402
f 524 	1578 	402
f 1578 	1576 	2695
f 2395 	1577 	1575
f 524 	1576 	1578
f 2881 	2917 	1575
f 1582 	1581 	2833
f 1586 	54 	1580
f 1582 	400 	407
f 1582 	407 	528
f 1578 	1581 	404
f 527 	404 	1581
f 1557 	1545 	1582
f 527 	1581 	1582
f 527 	1582 	528
f 1583 	2833 	1581
f 1581 	1578 	1583
f 1579 	1583 	1578
f 2923 	2397 	2918
f 2888 	5564 	2925
f 1580 	2925 	1584
f 1587 	529 	410
f 530 	529 	1585
f 529 	1587 	1585
f 1571 	2689 	1587
f 1588 	54 	1586
f 3089 	1586 	3088
f 2418 	3088 	1586
f 2401 	427 	408
f 1585 	2401 	408
f 1585 	408 	530
f 1589 	2405 	1585
f 3083 	1588 	3085
f 5970 	3093 	3083
f 2383 	54 	1588
f 1565 	396 	412
f 1590 	1565 	412
f 1590 	412 	534
f 1591 	2837 	1566
f 1591 	1566 	1565
f 1591 	1565 	1590
f 534 	537 	1590
f 1580 	1584 	1586
f 1594 	1297 	1298
f 1598 	1593 	1592
f 1595 	1293 	1594
f 1292 	1594 	1293
f 1596 	1597 	1479
f 1595 	1594 	1298
f 1596 	1601 	1474
f 1610 	1615 	1598
f 1601 	1596 	1600
f 1598 	1599 	1593
f 1604 	1605 	1608
f 1592 	1606 	1603
f 1593 	1606 	1592
f 1606 	1607 	1603
f 1602 	1603 	1607
f 1608 	1609 	1604
f 1602 	1611 	1603
f 1610 	1603 	1611
f 1612 	1613 	1642
f 1611 	1614 	1610
f 1610 	1614 	1615
f 1599 	1598 	1615
f 1616 	1617 	1619
f 1619 	1621 	1616
f 1620 	1622 	1618
f 1618 	1622 	1623
f 1634 	1633 	1623
f 1624 	1625 	1652
f 1628 	1629 	1626
f 1626 	1629 	1630
f 1618 	1626 	1630
f 1618 	1630 	1620
f 1635 	1631 	1632
f 1618 	1623 	1633
f 1627 	1632 	1631
f 1675 	1633 	1634
f 1640 	1641 	1535
f 1955 	1535 	1641
f 1642 	1643 	1612
f 1641 	1640 	1531
f 1644 	1645 	1646
f 1960 	1962 	1541
f 1541 	1962 	1641
f 1646 	1647 	1644
f 1537 	1540 	1523
f 1523 	1939 	1537
f 1651 	1648 	1650
f 1649 	1650 	1648
f 1652 	1653 	1624
f 1654 	1655 	1656
f 1535 	1529 	1640
f 1656 	1657 	1654
f 1659 	1660 	1658
f 1663 	1639 	1661
f 1636 	1661 	1639
f 1665 	1668 	1664
f 1667 	1534 	1666
f 1669 	1668 	1665
f 1992 	1983 	1660
f 1992 	1660 	1666
f 1670 	1671 	1672
f 1672 	1673 	1670
f 1676 	1628 	1675
f 1626 	1675 	1628
f 1676 	1675 	1634
f 1674 	1678 	1677
f 1681 	1677 	1678
f 1680 	1638 	1679
f 1637 	1679 	1638
f 1682 	1683 	1686
f 1686 	1687 	1682
f 1637 	1688 	1685
f 1638 	1688 	1637
f 1688 	1689 	1685
f 1684 	1685 	1689
f 1684 	1693 	1685
f 1692 	1685 	1693
f 1693 	1694 	1692
f 1679 	1692 	1694
f 1679 	1694 	1695
f 1679 	1695 	1680
f 16 	14 	20
f 24 	16 	20
f 1697 	1698 	1696
f 1699 	1700 	1701
f 1701 	1697 	1699
f 1696 	1699 	1697
f 176 	31 	29
f 1696 	1698 	1703
f 1704 	1703 	1698
f 1702 	1703 	1704
f 1702 	1706 	1703
f 1705 	1703 	1706
f 153 	1691 	154
f 1690 	154 	1691
f 1706 	1707 	1705
f 1707 	1700 	1705
f 1699 	1705 	1700
f 168 	161 	163
f 160 	163 	161
f 1709 	1710 	1708
f 31 	176 	175
f 1712 	1709 	1711
f 1708 	1711 	1709
f 1712 	1711 	1713
f 180 	197 	181
f 1708 	1710 	1715
f 1716 	1715 	1710
f 1714 	1715 	1716
f 197 	208 	181
f 1714 	1718 	1715
f 1717 	1715 	1718
f 1718 	1719 	1717
f 1719 	1713 	1717
f 1711 	1717 	1713
f 222 	215 	224
f 214 	224 	215
f 1721 	1722 	1720
f 1723 	1729 	1722
f 1724 	1732 	1726
f 1724 	1726 	1727
f 247 	239 	234
f 1727 	1721 	1724
f 1720 	1724 	1721
f 234 	243 	247
f 1730 	1803 	1731
f 1720 	1722 	1729
f 1728 	1729 	1723
f 1733 	1725 	1732
f 1725 	1726 	1732
f 1728 	1733 	1732
f 1728 	1732 	1729
f 267 	261 	260
f 267 	260 	268
f 280 	274 	273
f 1735 	1736 	1734
f 1743 	1734 	1736
f 1743 	1736 	1737
f 273 	281 	280
f 1739 	1735 	1738
f 1734 	1738 	1735
f 1738 	1744 	1741
f 1739 	1738 	1741
f 297 	287 	298
f 286 	298 	287
f 1742 	1743 	1737
f 306 	301 	307
f 300 	307 	301
f 1745 	1740 	1744
f 1740 	1741 	1744
f 1742 	1745 	1744
f 1742 	1744 	1743
f 1747 	1748 	1746
f 1746 	1748 	1749
f 1755 	1754 	1749
f 1750 	1747 	1746
f 309 	535 	533
f 628 	533 	535
f 1751 	1752 	499
f 1750 	499 	1752
f 1750 	1752 	1753
f 1750 	1753 	1747
f 1746 	1749 	1754
f 499 	1754 	1755
f 632 	626 	637
f 633 	637 	626
f 502 	1757 	1756
f 650 	640 	639
f 650 	639 	646
f 499 	1758 	1751
f 1053 	1052 	1067
f 1758 	499 	1755
f 1067 	1066 	1053
f 1099 	1080 	1079
f 1079 	1094 	1099
f 1360 	742 	1358
f 1108 	1102 	1113
f 745 	746 	1760
f 1759 	1760 	746
f 1108 	1113 	1123
f 1760 	1761 	745
f 748 	745 	1761
f 1133 	1132 	1141
f 746 	747 	1759
f 1141 	1139 	1133
f 747 	748 	1761
f 747 	1761 	1762
f 1157 	1148 	1143
f 751 	752 	1764
f 1763 	1764 	752
f 1143 	1152 	1157
f 1764 	1765 	751
f 756 	751 	1765
f 752 	755 	1763
f 1167 	1162 	1168
f 1161 	1168 	1162
f 755 	756 	1765
f 755 	1765 	1766
f 1185 	1177 	1176
f 1176 	1187 	1185
f 1774 	1768 	1773
f 1767 	1773 	1768
f 1217 	1205 	1213
f 1775 	1776 	1777
f 1775 	1777 	1778
f 1200 	1213 	1205
f 1770 	1780 	1769
f 1779 	1769 	1780
f 1781 	1782 	1783
f 1781 	1783 	1784
f 1786 	1772 	1785
f 1771 	1785 	1772
f 1787 	1788 	1789
f 1787 	1789 	1790
f 1226 	1242 	1231
f 1241 	1231 	1242
f 1247 	1254 	1258
f 1247 	1258 	1248
f 2058 	2031 	1658
f 1659 	1658 	2031
f 1662 	1796 	1658
f 2058 	1658 	1796
f 1458 	1271 	1267
f 1458 	1267 	1284
f 1462 	1461 	1466
f 1797 	1958 	1538
f 1466 	1465 	1462
f 1807 	1798 	502
f 502 	1798 	1757
f 1469 	1479 	1475
f 1799 	1804 	505
f 1597 	1475 	1479
f 1756 	1800 	505
f 1757 	1800 	1756
f 1800 	1801 	505
f 1799 	505 	1801
f 1802 	1731 	1803
f 510 	505 	1804
f 1804 	1806 	510
f 502 	510 	1806
f 502 	1806 	1807
f 1810 	1815 	517
f 517 	512 	1810
f 1809 	1810 	512
f 519 	1813 	514
f 1814 	514 	1813
f 514 	1814 	512
f 1809 	512 	1814
f 1355 	1812 	1811
f 1355 	1811 	1356
f 4973 	1824 	1812
f 6818 	1815 	1810
f 1819 	517 	1815
f 1813 	519 	1816
f 1820 	1816 	519
f 1818 	4976 	1355
f 4972 	1355 	4976
f 517 	1819 	1820
f 517 	1820 	519
f 1821 	520 	522
f 1821 	522 	1823
f 1817 	1822 	1824
f 1817 	1824 	1818
f 525 	1830 	526
f 1822 	3018 	1824
f 1821 	1826 	520
f 1830 	1833 	526
f 522 	526 	1833
f 1826 	1832 	520
f 1833 	1827 	522
f 1823 	522 	1827
f 1829 	1830 	525
f 525 	520 	1832
f 1829 	525 	1832
f 1831 	1838 	1828
f 1900 	1840 	1831
f 1835 	1836 	540
f 548 	540 	1836
f 1834 	1825 	1838
f 1387 	1825 	1834
f 544 	552 	1837
f 544 	1837 	1839
f 540 	544 	1839
f 540 	1839 	1835
f 1836 	1842 	548
f 1841 	548 	1842
f 552 	548 	1841
f 552 	1841 	1843
f 1831 	1840 	1838
f 1843 	1844 	552
f 1844 	1837 	552
f 1845 	1847 	554
f 560 	554 	1847
f 556 	1848 	1849
f 1845 	554 	556
f 1845 	556 	1849
f 1850 	1851 	562
f 1850 	562 	560
f 1847 	1854 	560
f 1850 	560 	1854
f 1846 	1853 	1380
f 1853 	1852 	1380
f 1851 	1855 	562
f 1855 	1848 	562
f 556 	562 	1848
f 1860 	1867 	1856
f 1856 	1867 	1846
f 1862 	1857 	569
f 565 	569 	1857
f 1834 	1860 	1856
f 1857 	1858 	565
f 1859 	570 	1858
f 1865 	570 	1859
f 1861 	1870 	1860
f 1838 	1860 	1834
f 1863 	1864 	576
f 569 	576 	1864
f 1862 	569 	1864
f 1840 	1921 	1861
f 565 	1858 	570
f 1853 	1846 	1867
f 576 	570 	1865
f 576 	1865 	1868
f 1867 	1871 	1866
f 1860 	1870 	1867
f 1871 	1883 	1866
f 576 	1868 	1863
f 2243 	1869 	1861
f 578 	577 	1873
f 577 	584 	1879
f 1871 	1867 	1870
f 578 	1873 	1874
f 1870 	1861 	1869
f 1872 	1869 	2240
f 1874 	1876 	578
f 1852 	1875 	1380
f 1368 	1380 	1880
f 1873 	577 	1879
f 1881 	1882 	584
f 1881 	584 	583
f 578 	1876 	583
f 1876 	1877 	583
f 1881 	583 	1877
f 584 	1882 	1878
f 1878 	1879 	584
f 1875 	1852 	1883
f 1852 	1866 	1883
f 2269 	1885 	1872
f 1872 	1886 	1871
f 1891 	1883 	1886
f 1871 	1886 	1883
f 1886 	1872 	1885
f 1883 	1891 	1889
f 1887 	1884 	1888
f 1884 	1887 	1890
f 1890 	1887 	1894
f 1890 	1894 	1893
f 1896 	1901 	1893
f 1891 	2304 	1889
f 1880 	1889 	2304
f 2294 	1368 	1880
f 1896 	1893 	1894
f 1831 	1895 	1900
f 1831 	1390 	1895
f 1888 	1893 	1898
f 1901 	1898 	1893
f 1887 	1888 	1898
f 1895 	2291 	1897
f 1899 	1887 	1898
f 1902 	1904 	1900
f 1897 	1908 	1902
f 1896 	1905 	1901
f 1840 	1904 	1921
f 1906 	1904 	1902
f 1840 	1900 	1904
f 1903 	1901 	1905
f 1902 	1916 	1906
f 1912 	1902 	1908
f 1905 	1907 	1903
f 1897 	2291 	1908
f 1894 	1887 	1909
f 1908 	2291 	1910
f 1909 	1915 	1911
f 1914 	1916 	1912
f 1915 	1909 	1887
f 1915 	1918 	1911
f 1913 	1932 	1917
f 1902 	1912 	1916
f 1920 	1911 	1918
f 1916 	1914 	1919
f 1896 	1911 	1920
f 1896 	1920 	1905
f 2243 	1861 	1921
f 1920 	1918 	1925
f 1918 	1917 	1924
f 1824 	4976 	1818
f 1925 	1928 	1920
f 1924 	1925 	1918
f 1922 	1920 	1928
f 1927 	2725 	1928
f 1932 	1913 	1931
f 1913 	1915 	1887
f 1933 	1931 	1887
f 1930 	1929 	4980
f 1931 	1913 	1887
f 1926 	1930 	1934
f 1930 	1936 	1934
f 1797 	1537 	1939
f 1538 	1537 	1797
f 4985 	1937 	1936
f 1796 	1797 	1939
f 1796 	1939 	2058
f 1937 	4986 	1929
f 1930 	4981 	1936
f 1444 	735 	1939
f 1943 	1937 	1940
f 1929 	1940 	1937
f 1497 	1495 	1941
f 1942 	1941 	1495
f 1959 	1957 	1942
f 1940 	3026 	1943
f 1943 	3026 	1937
f 1959 	1942 	1944
f 1523 	1527 	1942
f 1945 	1942 	1527
f 1944 	1942 	1945
f 1959 	1944 	1945
f 1949 	1950 	1948
f 1950 	1530 	1948
f 1529 	1948 	1530
f 1946 	3027 	1952
f 1527 	1530 	1950
f 1527 	1950 	1945
f 1952 	1951 	4988
f 1954 	4988 	1951
f 1992 	1666 	1953
f 1963 	1949 	1955
f 1948 	1955 	1949
f 1946 	1952 	1947
f 1956 	1947 	1952
f 1957 	1537 	1538
f 1957 	1538 	1958
f 1960 	1541 	1957
f 1959 	1960 	1957
f 1964 	3032 	1954
f 1956 	1954 	3032
f 1945 	1960 	1959
f 1963 	1955 	1962
f 1951 	1961 	1964
f 1954 	1951 	1964
f 1950 	1949 	1962
f 1963 	1962 	1949
f 3032 	1964 	1961
f 1955 	1641 	1962
f 1965 	1966 	1967
f 1965 	1967 	1968
f 1962 	1960 	1945
f 1962 	1945 	1950
f 1941 	1942 	1957
f 1958 	2023 	1957
f 1971 	1972 	1973
f 1971 	1973 	1974
f 1975 	1976 	1994
f 1977 	1978 	1979
f 1977 	1979 	1980
f 1658 	1660 	1982
f 1981 	1982 	1983
f 1982 	1986 	1658
f 1662 	1658 	1986
f 1988 	1970 	1987
f 1969 	1987 	1970
f 1990 	1992 	1953
f 1534 	1953 	1666
f 2117 	1992 	1990
f 1993 	1975 	1994
f 1983 	1982 	1660
f 1995 	1996 	2069
f 1998 	1985 	1997
f 1984 	1997 	1985
f 1981 	2108 	1982
f 2001 	2002 	2003
f 2001 	2003 	2004
f 1990 	1953 	2117
f 1796 	1662 	1986
f 2008 	2009 	2010
f 2008 	2010 	2011
f 1982 	2007 	2012
f 1986 	1982 	2012
f 2013 	2014 	2015
f 2013 	2015 	2016
f 1986 	2012 	1796
f 2021 	2005 	2006
f 2021 	2006 	2022
f 1941 	1957 	2023
f 1958 	1797 	2023
f 2024 	2025 	2090
f 2012 	2007 	1941
f 2012 	1941 	2023
f 2017 	2018 	2027
f 2026 	2027 	2018
f 2012 	2023 	1796
f 1797 	1796 	2023
f 2020 	2019 	2028
f 2020 	2028 	2029
f 2686 	1941 	2007
f 2030 	2032 	2094
f 2031 	2033 	2034
f 2033 	1660 	1659
f 2033 	1659 	2034
f 2038 	2039 	2040
f 2038 	2040 	2041
f 2043 	2044 	2042
f 2045 	2046 	2055
f 2044 	2043 	1666
f 1667 	1666 	2043
f 2047 	2048 	2049
f 2047 	2049 	2050
f 1666 	1660 	2033
f 1666 	2033 	2044
f 2051 	2052 	2060
f 2055 	2046 	2054
f 1659 	2031 	2034
f 2059 	2051 	2060
f 2058 	2053 	2031
f 3988 	2079 	2058
f 2036 	2031 	2053
f 2042 	1534 	2043
f 1534 	1667 	2043
f 2064 	1991 	2063
f 1989 	2063 	1991
f 978 	1439 	2058
f 2058 	1939 	978
f 2068 	1995 	2069
f 2070 	2071 	2084
f 2073 	2074 	2072
f 2153 	2072 	2074
f 2077 	2000 	2075
f 1999 	2075 	2000
f 2076 	2072 	2153
f 2076 	2153 	2158
f 2076 	2158 	2079
f 2066 	2065 	2081
f 2066 	2081 	2082
f 2083 	2070 	2084
f 2086 	2067 	2085
f 2067 	2144 	2085
f 2080 	2078 	2087
f 2080 	2087 	2088
f 2089 	2024 	2090
f 2074 	2085 	2170
f 2144 	2170 	2085
f 2093 	2030 	2094
f 3988 	3976 	2072
f 2072 	2079 	3988
f 2076 	2079 	2072
f 2096 	2037 	2095
f 2035 	2095 	2037
f 2053 	2058 	2079
f 2097 	2098 	2105
f 3988 	2058 	1439
f 2101 	2091 	2092
f 2101 	2092 	2102
f 2104 	2097 	2105
f 2042 	2044 	2103
f 2044 	2116 	2103
f 2100 	2099 	2106
f 2100 	2106 	2107
f 2110 	2033 	2108
f 2109 	2110 	2108
f 2031 	2108 	2033
f 2031 	2036 	2111
f 2031 	2111 	2108
f 2057 	2056 	2112
f 2057 	2112 	2113
f 1981 	1983 	2110
f 1981 	2110 	2109
f 2117 	2103 	2116
f 2118 	2061 	2062
f 2118 	2062 	2119
f 2116 	1992 	2117
f 2120 	2121 	2125
f 2044 	2033 	2110
f 2044 	2110 	2116
f 2123 	2115 	2122
f 2114 	2122 	2115
f 1983 	1992 	2110
f 2116 	2110 	1992
f 2124 	2120 	2125
f 2109 	2108 	1981
f 2128 	2129 	2130
f 2128 	2130 	2131
f 1953 	2103 	2117
f 2132 	2133 	2139
f 2053 	2111 	2036
f 1982 	2108 	2007
f 2007 	2108 	2137
f 2111 	2137 	2108
f 2139 	2133 	2138
f 2053 	2137 	2111
f 2079 	2137 	2053
f 2140 	2141 	2146
f 2145 	2146 	2141
f 2168 	2170 	2144
f 2147 	2148 	2149
f 2147 	2149 	2150
f 2153 	2155 	2156
f 2151 	2153 	4003
f 4004 	4003 	2153
f 4004 	2153 	2156
f 2142 	2159 	2134
f 2151 	2160 	2153
f 2158 	2153 	2160
f 2162 	2136 	2161
f 2135 	2161 	2136
f 2158 	2160 	2079
f 3024 	2686 	2151
f 2007 	2137 	2151
f 2160 	2151 	2137
f 2160 	2137 	2079
f 2159 	2142 	2166
f 2155 	4006 	4004
f 2155 	4004 	2156
f 2143 	2157 	2167
f 2168 	4010 	2170
f 2155 	2074 	2170
f 2153 	2074 	2155
f 2152 	2154 	2173
f 2172 	2173 	2154
f 4010 	4006 	2155
f 4010 	2155 	2170
f 2174 	2167 	2157
f 2209 	2210 	2755
f 2180 	2181 	2182
f 2180 	2182 	2183
f 2187 	2188 	2189
f 2187 	2189 	2190
f 2192 	2193 	2200
f 2195 	2186 	2194
f 2185 	2194 	2186
f 2227 	2184 	2179
f 2179 	1509 	2196
f 2199 	2192 	2200
f 1511 	1497 	1941
f 1511 	1941 	2196
f 2201 	2202 	2666
f 2179 	2750 	1517
f 2179 	2205 	2750
f 2184 	2205 	2179
f 2206 	2750 	2205
f 2227 	2205 	2184
f 2177 	2755 	2210
f 2191 	2177 	2210
f 2204 	2208 	2203
f 2203 	2208 	2212
f 2210 	2209 	2206
f 2210 	2206 	2205
f 2207 	2216 	2211
f 2211 	2216 	2217
f 2218 	2764 	2737
f 2213 	2219 	2220
f 2177 	2191 	2221
f 2223 	2214 	2222
f 2215 	2222 	2214
f 2220 	2219 	2230
f 2231 	2191 	2210
f 2169 	2233 	2163
f 2235 	2165 	2234
f 2164 	2234 	2165
f 2225 	2227 	2179
f 2179 	2196 	2225
f 2231 	2221 	2191
f 1795 	146 	2239
f 1906 	1916 	1923
f 1916 	2252 	1923
f 1792 	2242 	1791
f 2241 	1791 	2242
f 2269 	1872 	2240
f 144 	9 	2244
f 144 	2244 	2245
f 1923 	2243 	1921
f 2240 	1869 	2243
f 1794 	2246 	1793
f 145 	1793 	2246
f 2239 	146 	2249
f 147 	148 	2250
f 147 	2250 	2251
f 2243 	1923 	2248
f 2248 	2258 	2247
f 2256 	1919 	2291
f 150 	149 	2253
f 150 	2253 	2254
f 2256 	2265 	2252
f 2248 	1923 	2252
f 2255 	151 	2259
f 318 	310 	2257
f 151 	311 	2259
f 2279 	2247 	2258
f 2261 	312 	313
f 2261 	313 	2262
f 2260 	2258 	2248
f 2265 	2260 	2252
f 2257 	2264 	318
f 2256 	2291 	2265
f 320 	319 	2266
f 320 	2266 	2267
f 2248 	2252 	2260
f 2263 	2265 	2291
f 321 	322 	2270
f 321 	2270 	2268
f 2247 	2269 	2240
f 1892 	1885 	2269
f 2271 	2269 	2247
f 323 	2272 	324
f 2273 	324 	2272
f 2247 	2279 	2271
f 325 	326 	2277
f 325 	2277 	2275
f 1892 	2269 	2274
f 2501 	2498 	2274
f 2271 	2279 	2276
f 328 	330 	2280
f 328 	2280 	2278
f 2258 	2281 	2279
f 332 	2282 	334
f 2283 	334 	2282
f 2258 	2263 	2281
f 336 	339 	2287
f 336 	2287 	2285
f 2284 	2276 	2279
f 343 	341 	2288
f 343 	2288 	2289
f 2276 	2501 	2274
f 2286 	2596 	2284
f 2596 	2595 	2284
f 1892 	2274 	2498
f 349 	346 	2290
f 2295 	2292 	345
f 2281 	2291 	2286
f 2281 	2263 	2291
f 1914 	2291 	1919
f 1914 	1910 	2291
f 2290 	2293 	349
f 2297 	2299 	1368
f 2295 	345 	350
f 1875 	1880 	1380
f 355 	353 	2296
f 2294 	2297 	1368
f 2296 	2298 	355
f 2299 	2302 	1368
f 360 	358 	2300
f 2314 	2299 	2297
f 2305 	2301 	357
f 2300 	2303 	360
f 2457 	1368 	2302
f 2305 	357 	362
f 2294 	1880 	2304
f 364 	366 	2307
f 364 	2307 	2306
f 1891 	2308 	2304
f 371 	368 	2309
f 2309 	2311 	371
f 2317 	2304 	2308
f 2310 	2308 	1891
f 2304 	2317 	2312
f 372 	375 	2315
f 372 	2315 	2313
f 2312 	2317 	2322
f 2312 	2322 	2314
f 2297 	2312 	2314
f 379 	377 	2316
f 2316 	2318 	379
f 2310 	2498 	2319
f 389 	2326 	394
f 2331 	2324 	388
f 2325 	2314 	2322
f 2323 	2322 	2317
f 2323 	2317 	2319
f 2323 	2319 	2502
f 2302 	2325 	2463
f 2325 	2328 	2463
f 2322 	2328 	2325
f 405 	392 	2330
f 2329 	2467 	2328
f 394 	2326 	2334
f 388 	395 	2331
f 398 	399 	2332
f 398 	2332 	2333
f 2336 	403 	401
f 391 	406 	2327
f 403 	2336 	2337
f 1805 	2338 	1808
f 1805 	2346 	2338
f 2341 	405 	2330
f 2335 	2327 	406
f 409 	411 	2339
f 409 	2339 	2340
f 1805 	2342 	2346
f 415 	413 	2343
f 415 	2343 	2344
f 2348 	2345 	416
f 416 	421 	2348
f 423 	424 	2349
f 423 	2349 	2350
f 2347 	2351 	419
f 426 	419 	2351
f 430 	428 	2352
f 430 	2352 	2353
f 2354 	434 	437
f 437 	2356 	2354
f 2346 	2342 	2358
f 2360 	2358 	2342
f 2361 	2362 	2363
f 444 	2359 	439
f 2363 	4532 	2361
f 2365 	2342 	2361
f 443 	440 	2367
f 2357 	439 	2359
f 432 	2355 	436
f 2364 	436 	2355
f 2342 	2365 	2360
f 2367 	440 	2366
f 447 	451 	2368
f 451 	2369 	2368
f 537 	414 	2370
f 2371 	2375 	448
f 2372 	2839 	1571
f 1572 	2690 	2374
f 450 	448 	2375
f 459 	456 	2377
f 455 	2376 	2373
f 1587 	2372 	1571
f 2377 	2378 	459
f 537 	2370 	1590
f 2374 	2838 	2370
f 538 	417 	2380
f 538 	2380 	542
f 2381 	2843 	2380
f 2380 	417 	418
f 2382 	2380 	418
f 2382 	418 	539
f 2382 	2384 	2380
f 2381 	2380 	2384
f 543 	2394 	539
f 2379 	2383 	1588
f 2386 	672 	2385
f 672 	54 	2385
f 37 	1580 	54
f 2385 	3099 	2386
f 2386 	2391 	672
f 2383 	2379 	2387
f 2435 	3136 	2387
f 2394 	422 	420
f 2389 	2394 	420
f 2389 	420 	542
f 2389 	2390 	2396
f 2389 	2396 	2394
f 2379 	2421 	2387
f 2849 	2396 	2390
f 542 	2380 	2389
f 2380 	2843 	2389
f 2390 	2389 	2849
f 1561 	2393 	1574
f 2844 	2848 	2392
f 3107 	3108 	2393
f 543 	422 	2394
f 2395 	1575 	2397
f 6325 	3111 	3109
f 2845 	1486 	2394
f 2396 	2845 	2394
f 1575 	2918 	2397
f 2398 	2395 	2397
f 3113 	3114 	2398
f 1587 	410 	425
f 2399 	1587 	425
f 2399 	425 	546
f 3080 	3115 	1584
f 1587 	2399 	2372
f 547 	2399 	546
f 1584 	3115 	2400
f 2839 	2372 	2399
f 547 	427 	2401
f 547 	2401 	2399
f 2402 	2403 	2404
f 2402 	2404 	2393
f 2405 	2850 	2401
f 2402 	1567 	41
f 1589 	2836 	2405
f 2401 	1585 	2405
f 2397 	2406 	2398
f 2406 	2410 	2398
f 2850 	1494 	2401
f 2406 	2397 	2407
f 2408 	2406 	2407
f 2403 	2402 	2406
f 549 	429 	2409
f 2416 	2409 	429
f 2403 	2406 	2408
f 2388 	2409 	2416
f 2409 	551 	549
f 2410 	2411 	2412
f 2410 	2412 	2398
f 2388 	2848 	2409
f 2406 	41 	2410
f 2419 	435 	431
f 2413 	2419 	431
f 2413 	431 	551
f 551 	2409 	2413
f 2415 	2411 	2414
f 2410 	2414 	2411
f 553 	555 	2419
f 553 	2419 	2416
f 2415 	2414 	2417
f 2417 	2414 	2400
f 429 	433 	2416
f 553 	2416 	433
f 2392 	2388 	2416
f 2419 	1489 	2416
f 2418 	1586 	1584
f 555 	435 	2419
f 3127 	3128 	2420
f 2423 	2424 	2413
f 2420 	2418 	2400
f 1584 	2400 	2418
f 1489 	2419 	2857
f 2379 	3129 	2421
f 2422 	2435 	2421
f 2419 	2413 	2424
f 2421 	3131 	2422
f 2423 	2855 	2424
f 2423 	2413 	2855
f 2400 	2414 	2420
f 2426 	2427 	2425
f 2425 	2420 	2414
f 2414 	2410 	60
f 2428 	558 	438
f 2430 	2435 	2422
f 3130 	6720 	2422
f 2429 	2859 	2428
f 2859 	1556 	2428
f 558 	2428 	2436
f 2432 	2430 	2431
f 2430 	2422 	2431
f 2422 	3135 	2431
f 2425 	2414 	60
f 2426 	2425 	2432
f 2430 	2432 	2425
f 2435 	2387 	2421
f 3137 	3138 	2435
f 2442 	2391 	3140
f 441 	561 	2436
f 672 	2391 	677
f 2442 	677 	2391
f 2436 	561 	558
f 2438 	2439 	2437
f 2435 	2437 	2439
f 2437 	2435 	2430
f 2430 	2425 	60
f 2438 	2437 	2445
f 2441 	2429 	2440
f 2428 	2440 	2429
f 442 	2440 	438
f 563 	2440 	442
f 2428 	438 	2440
f 2429 	2441 	2863
f 2863 	2441 	2440
f 2864 	1561 	2448
f 2443 	2442 	2444
f 2443 	2444 	2445
f 2448 	2440 	563
f 2443 	677 	2442
f 2445 	2437 	2443
f 677 	2443 	60
f 2434 	2862 	2864
f 1478 	1477 	1473
f 1478 	1473 	1472
f 1561 	2863 	2440
f 2446 	2861 	2433
f 1482 	1481 	1543
f 2434 	2864 	2447
f 1543 	1544 	1482
f 1554 	1550 	1549
f 2447 	2864 	2448
f 1555 	1554 	1549
f 2433 	2449 	2446
f 1568 	1564 	1563
f 2448 	2436 	2447
f 2434 	2447 	2436
f 1569 	1568 	1563
f 563 	564 	2448
f 2407 	2404 	2403
f 2448 	564 	445
f 2436 	2448 	441
f 445 	441 	2448
f 2403 	2408 	2407
f 2861 	1560 	2449
f 2417 	2412 	2415
f 2411 	2415 	2412
f 2431 	2427 	2426
f 2449 	566 	446
f 7431 	452 	446
f 2426 	2432 	2431
f 2433 	2861 	2449
f 568 	566 	2450
f 2438 	2445 	2439
f 2444 	2439 	2445
f 2449 	2450 	566
f 568 	2450 	449
f 1376 	599 	2462
f 1057 	2452 	2453
f 585 	695 	1057
f 1398 	2462 	1056
f 2984 	2450 	2454
f 695 	2455 	1393
f 2455 	2456 	1393
f 2580 	1393 	2456
f 1393 	1057 	695
f 2463 	2457 	2302
f 1394 	2587 	2458
f 2458 	2459 	1394
f 1368 	2457 	2460
f 1416 	1394 	1406
f 2462 	1398 	2461
f 2464 	1378 	1398
f 460 	2376 	455
f 2463 	2328 	2467
f 2233 	2169 	2465
f 2607 	2466 	2329
f 659 	655 	2478
f 2474 	2463 	2467
f 2171 	2178 	2468
f 2473 	2469 	654
f 2467 	2329 	2466
f 2478 	2480 	659
f 2474 	2485 	2471
f 2474 	2471 	2463
f 654 	660 	2473
f 2475 	2487 	2474
f 2476 	2175 	2176
f 2476 	2176 	2477
f 2460 	2481 	1368
f 2460 	2471 	2481
f 2484 	1368 	2481
f 663 	2483 	666
f 2486 	666 	2483
f 662 	2482 	2479
f 2481 	2471 	2485
f 667 	2482 	662
f 2485 	2474 	2488
f 673 	676 	2490
f 673 	2490 	2489
f 2487 	2488 	2474
f 681 	678 	2491
f 681 	2491 	2493
f 2488 	2492 	2485
f 1368 	2484 	2492
f 2488 	2494 	2492
f 682 	685 	2497
f 682 	2497 	2495
f 1368 	2492 	2494
f 2496 	1368 	2494
f 1891 	1892 	2310
f 2498 	2310 	1892
f 2499 	2500 	1358
f 1360 	1358 	2500
f 1760 	2506 	1761
f 2502 	2319 	2498
f 1759 	1762 	2503
f 2323 	2504 	2329
f 2502 	2504 	2323
f 2503 	1762 	2505
f 2506 	2507 	1761
f 1763 	1766 	2508
f 1764 	2510 	1765
f 1766 	2509 	2508
f 2512 	1765 	2510
f 2126 	2361 	2511
f 2126 	2362 	2361
f 2511 	2361 	1805
f 382 	381 	2320
f 382 	2320 	2321
f 1805 	2361 	2342
f 2536 	2514 	2515
f 2522 	2517 	2516
f 2513 	2516 	2517
f 592 	2514 	589
f 3348 	5704 	2518
f 2516 	2521 	2522
f 2522 	2521 	2520
f 2533 	2523 	2525
f 2551 	2530 	2528
f 2526 	2528 	2530
f 2529 	2527 	2525
f 2529 	2525 	2523
f 1808 	2523 	2519
f 2519 	2523 	2532
f 2523 	2533 	2532
f 2535 	2542 	3356
f 2536 	2560 	2544
f 2557 	2559 	2533
f 2515 	2538 	2536
f 2532 	2533 	2536
f 2537 	2536 	2533
f 4057 	2519 	2532
f 2539 	2540 	2538
f 3355 	3360 	2534
f 2539 	2515 	2540
f 2514 	2540 	2515
f 592 	602 	2540
f 592 	2540 	2514
f 2515 	2539 	2538
f 2538 	2766 	2532
f 2532 	2536 	2538
f 2769 	2766 	2538
f 2514 	2536 	2544
f 2574 	2544 	2543
f 589 	2514 	2544
f 589 	2544 	597
f 2935 	3363 	5730
f 597 	2544 	2574
f 2557 	2533 	2525
f 2552 	2527 	2529
f 2525 	2527 	2549
f 2536 	2537 	2560
f 2559 	2560 	2537
f 2543 	2544 	2560
f 2537 	2533 	2559
f 2523 	2547 	2529
f 2528 	2550 	2551
f 1917 	1932 	1938
f 1917 	1938 	1924
f 2527 	2552 	2553
f 2548 	2551 	2550
f 2527 	2553 	2549
f 2549 	2553 	2552
f 2549 	2552 	2547
f 2547 	2523 	1808
f 2554 	1927 	1938
f 2725 	1927 	2554
f 1924 	1938 	1927
f 2552 	2529 	2547
f 2557 	2525 	2549
f 1932 	2556 	1938
f 1932 	1935 	2556
f 2562 	2561 	2563
f 2565 	2562 	2563
f 2565 	2563 	2567
f 2549 	2547 	2557
f 2566 	2557 	2547
f 2559 	2557 	2560
f 2557 	2566 	2560
f 2558 	2565 	2567
f 2566 	2570 	2560
f 2752 	2566 	2701
f 5797 	3446 	2568
f 2765 	2770 	1933
f 1887 	2765 	1933
f 2538 	2574 	2570
f 2569 	2570 	2574
f 3458 	2576 	3365
f 2575 	1887 	1899
f 2569 	2574 	2543
f 602 	2574 	2540
f 2538 	2540 	2574
f 597 	2574 	602
f 2578 	5674 	2575
f 3056 	2812 	2566
f 2543 	2560 	2569
f 2570 	2569 	2560
f 1899 	1903 	2575
f 2579 	2575 	1903
f 2581 	1399 	2580
f 1393 	2580 	1399
f 1385 	1384 	2581
f 2570 	2566 	2812
f 1399 	1391 	2582
f 2654 	1399 	2582
f 3056 	2566 	2752
f 2586 	2721 	2584
f 2585 	2587 	1402
f 1394 	1402 	2587
f 2746 	2586 	2584
f 2660 	2588 	1402
f 2588 	1400 	1402
f 1400 	1395 	1402
f 610 	2746 	2584
f 610 	2584 	605
f 2590 	1416 	2589
f 2502 	2572 	2504
f 2573 	2504 	2572
f 2329 	2504 	2591
f 2607 	2329 	2591
f 2590 	2605 	1416
f 1485 	1416 	2606
f 2609 	2591 	2592
f 2573 	2600 	2592
f 2593 	2594 	1417
f 2598 	2501 	2595
f 2501 	2276 	2595
f 2276 	2284 	2595
f 2501 	2598 	2572
f 2602 	2600 	2598
f 2572 	2598 	2600
f 2572 	2600 	2573
f 2597 	1422 	2599
f 2598 	2601 	2602
f 2604 	2616 	2603
f 1430 	2615 	2593
f 1421 	2593 	2615
f 2601 	2596 	1371
f 2608 	1485 	2606
f 1432 	1431 	2606
f 2475 	2466 	2607
f 2609 	2607 	2591
f 2608 	2837 	1485
f 1591 	1590 	2837
f 2600 	2603 	2592
f 2610 	1427 	2612
f 2475 	2607 	2611
f 2611 	2487 	2475
f 1427 	1422 	2612
f 2610 	1451 	1427
f 2609 	2616 	2613
f 2622 	2611 	2613
f 2616 	2619 	2613
f 2592 	2603 	2609
f 2609 	2603 	2616
f 2614 	2615 	1430
f 2840 	1427 	2618
f 2616 	2604 	2617
f 2620 	2635 	2619
f 2619 	2635 	2623
f 1430 	2843 	2621
f 2611 	2622 	2487
f 2624 	2625 	1449
f 2622 	2613 	2623
f 2623 	2613 	2619
f 2622 	2626 	2487
f 2496 	2487 	2626
f 2626 	1371 	2496
f 2628 	1453 	2627
f 1455 	1453 	2628
f 1504 	2627 	1453
f 2629 	2468 	2178
f 1453 	37 	1504
f 2631 	2632 	2652
f 2640 	2641 	1455
f 2630 	1371 	2626
f 1450 	1556 	2634
f 1450 	2634 	2636
f 1512 	2634 	2638
f 2236 	2470 	2637
f 2635 	2620 	2639
f 2238 	2237 	2642
f 2238 	2642 	2643
f 2644 	1455 	2641
f 1525 	1524 	2641
f 2863 	1561 	2644
f 2635 	2645 	2630
f 2646 	2637 	2470
f 2464 	1398 	2647
f 1459 	2647 	1398
f 2623 	2635 	2630
f 2472 	2633 	2648
f 2645 	1371 	2630
f 1368 	2496 	1371
f 2649 	2650 	1459
f 2650 	1546 	1459
f 2647 	1459 	1536
f 2651 	2631 	2652
f 1371 	2645 	2653
f 1553 	1551 	2654
f 1460 	2654 	1551
f 2655 	2648 	2633
f 2657 	1460 	2656
f 2659 	2198 	2658
f 2197 	2658 	2198
f 1402 	1464 	2660
f 2653 	2639 	1371
f 2291 	1371 	2596
f 2286 	2291 	2596
f 2602 	2601 	1371
f 2604 	2602 	1371
f 2617 	2604 	1371
f 2639 	2620 	1371
f 2620 	2617 	1371
f 2665 	2201 	2666
f 758 	757 	1382
f 1383 	1382 	757
f 758 	1382 	766
f 2668 	2669 	2674
f 757 	760 	1383
f 1383 	760 	762
f 2662 	2661 	2670
f 2662 	2670 	2671
f 1825 	1383 	762
f 2673 	2668 	2674
f 764 	763 	1387
f 1387 	763 	787
f 2232 	2675 	2224
f 764 	1387 	780
f 2229 	2228 	2676
f 2229 	2676 	2677
f 2664 	2681 	2663
f 2681 	2686 	2663
f 1388 	773 	765
f 1388 	765 	766
f 2663 	2686 	2824
f 1382 	1388 	766
f 770 	769 	1389
f 1828 	1389 	769
f 2805 	2682 	2681
f 2683 	2675 	2232
f 2664 	2790 	2681
f 1390 	776 	768
f 1390 	768 	771
f 770 	1389 	1390
f 770 	1390 	771
f 2685 	2678 	2692
f 2682 	2196 	2681
f 2196 	2686 	2681
f 2822 	2824 	2686
f 774 	773 	1825
f 1388 	1825 	773
f 2688 	2680 	2687
f 2679 	2687 	2680
f 774 	1825 	762
f 2579 	2697 	2583
f 2836 	1585 	1467
f 1464 	1467 	2690
f 2690 	1570 	1464
f 2678 	2684 	2692
f 1907 	1922 	2691
f 769 	775 	1828
f 1828 	775 	778
f 2126 	2127 	2362
f 2363 	2362 	2127
f 2579 	1903 	2691
f 1907 	2691 	1903
f 777 	776 	1831
f 1390 	1831 	776
f 2693 	2695 	1473
f 2695 	2649 	1473
f 1459 	1473 	2649
f 777 	1831 	1828
f 777 	1828 	778
f 1608 	1605 	2694
f 2833 	1477 	2657
f 2691 	2697 	2579
f 2697 	2713 	2704
f 1834 	795 	779
f 1834 	779 	780
f 2682 	2225 	2196
f 2226 	2225 	2682
f 2704 	2700 	2578
f 2583 	2704 	2578
f 2696 	2694 	1605
f 1941 	2686 	2196
f 2700 	5674 	2578
f 2699 	5674 	2700
f 2702 	5674 	2699
f 2225 	2226 	2772
f 2773 	2772 	2226
f 2694 	2696 	2705
f 2694 	2705 	2706
f 2707 	2708 	2772
f 2772 	2708 	2225
f 2227 	2225 	2708
f 2583 	2697 	2704
f 2702 	2704 	2710
f 2694 	2706 	1608
f 3193 	2703 	2709
f 2206 	2707 	2751
f 2712 	3193 	2709
f 2205 	2227 	2708
f 1604 	1609 	2698
f 2711 	2698 	1609
f 2712 	2709 	2703
f 2712 	2703 	2701
f 2710 	2704 	2713
f 1608 	2706 	2705
f 2714 	2221 	2231
f 2781 	2768 	2715
f 1922 	2716 	2691
f 2701 	2547 	1808
f 2209 	2756 	2715
f 2722 	2716 	1922
f 2712 	2701 	3195
f 2726 	2732 	2717
f 2718 	1642 	1613
f 2210 	2714 	2231
f 2716 	2722 	2717
f 2708 	2707 	2715
f 2708 	2715 	2714
f 2206 	2209 	2707
f 2715 	2707 	2209
f 2708 	2714 	2205
f 2210 	2205 	2714
f 2723 	2718 	1613
f 1922 	1928 	2722
f 2725 	2722 	1928
f 2720 	2788 	1612
f 2703 	2719 	2701
f 2752 	2701 	2719
f 2726 	2717 	2722
f 6622 	2872 	2723
f 2790 	2664 	2789
f 2663 	2789 	2664
f 2719 	2721 	2752
f 2586 	2742 	2721
f 2719 	2724 	2721
f 2726 	2727 	2736
f 2663 	2729 	2789
f 2667 	2729 	2663
f 2730 	2789 	2729
f 2547 	2701 	2566
f 2719 	2703 	3191
f 3190 	3191 	2703
f 3002 	2729 	2667
f 2697 	2717 	2713
f 2713 	2717 	2732
f 2733 	6628 	2728
f 1967 	2733 	2728
f 2703 	3193 	3190
f 2672 	2218 	2737
f 2739 	2731 	2732
f 2738 	2739 	2732
f 3194 	2724 	3191
f 2719 	3191 	2724
f 2728 	1972 	1965
f 1968 	2728 	1965
f 2734 	2757 	5674
f 2712 	3195 	3193
f 1971 	2733 	1966
f 2738 	2726 	2736
f 2732 	2726 	2738
f 3194 	2721 	2724
f 2737 	2735 	2730
f 2737 	2730 	2729
f 2728 	1968 	1967
f 1619 	1617 	2741
f 2564 	2740 	2554
f 2727 	2725 	2740
f 2554 	2740 	2725
f 2737 	2729 	3002
f 2744 	2746 	2742
f 2747 	2727 	2740
f 2736 	2727 	2747
f 2746 	2744 	2586
f 1617 	2733 	2741
f 610 	1075 	2746
f 2740 	2564 	2748
f 1616 	2745 	2743
f 1616 	2743 	6630
f 2682 	2773 	2226
f 2564 	2796 	2748
f 1970 	1988 	2743
f 2586 	2744 	2742
f 2742 	3070 	2752
f 2752 	2721 	2742
f 1970 	2743 	1969
f 2751 	2750 	2206
f 2749 	2753 	2747
f 2754 	2728 	2711
f 2698 	2711 	2728
f 2756 	2209 	2755
f 2757 	2734 	2753
f 2734 	2736 	2753
f 2747 	2753 	2736
f 1973 	1972 	2754
f 2759 	2774 	2758
f 2759 	2758 	2785
f 1967 	1966 	2733
f 2733 	1971 	2760
f 2761 	2753 	2749
f 2772 	2762 	2750
f 2762 	1515 	2750
f 2741 	2733 	2760
f 2751 	2772 	2750
f 2754 	6634 	2760
f 2711 	1609 	2754
f 615 	2785 	2758
f 2760 	1974 	2754
f 1973 	2754 	1974
f 2748 	2989 	2749
f 2749 	2997 	2761
f 2728 	2754 	1972
f 4573 	1965 	1972
f 2767 	2794 	2532
f 4057 	2532 	2794
f 1935 	1933 	2770
f 1974 	2760 	1971
f 2781 	2756 	2768
f 2556 	1935 	2770
f 2538 	2814 	2769
f 2221 	2714 	2768
f 2714 	2715 	2768
f 2741 	2760 	2771
f 2770 	2793 	2556
f 1619 	2741 	2771
f 1887 	2975 	2765
f 2707 	2772 	2779
f 2743 	2745 	2778
f 2777 	2778 	2745
f 2774 	2817 	2804
f 2778 	1969 	2743
f 2751 	2707 	2779
f 1621 	2777 	2745
f 1621 	2745 	1616
f 2776 	2765 	2975
f 2766 	2767 	2532
f 1619 	2771 	2760
f 2794 	2767 	2774
f 2775 	2774 	2767
f 2781 	2715 	2756
f 2777 	1621 	2778
f 1621 	6910 	2778
f 2759 	2784 	2774
f 2780 	2783 	2776
f 2782 	2776 	2783
f 3059 	3062 	2785
f 2778 	1975 	1969
f 1976 	1975 	2778
f 2785 	2784 	2759
f 2779 	2772 	2751
f 2780 	2776 	2975
f 1994 	1976 	2778
f 617 	1058 	2785
f 2786 	2815 	2787
f 2755 	2768 	2756
f 617 	2785 	615
f 2787 	2800 	2783
f 2791 	2789 	2730
f 2782 	2793 	2770
f 2796 	2556 	2793
f 1979 	2792 	2788
f 1979 	2788 	1980
f 2564 	2556 	2796
f 2735 	2737 	2764
f 2735 	2764 	2795
f 2788 	6623 	1612
f 2784 	2785 	2797
f 3062 	2797 	2785
f 2792 	6623 	2788
f 2796 	2988 	2748
f 3062 	2798 	2797
f 2793 	2782 	2799
f 1980 	2788 	1977
f 2791 	3036 	2789
f 3041 	2805 	2789
f 2794 	2774 	2797
f 2784 	2797 	2774
f 3036 	3035 	2789
f 2783 	2800 	2799
f 2799 	2782 	2783
f 2797 	2798 	2794
f 2758 	2774 	2804
f 2805 	2807 	2682
f 1625 	2808 	1652
f 2805 	2681 	2790
f 2799 	2800 	2801
f 2800 	2806 	2801
f 2806 	2990 	2801
f 2811 	2991 	2806
f 615 	2758 	2804
f 615 	2804 	620
f 2807 	2773 	2682
f 3041 	2762 	2805
f 2807 	2805 	2762
f 2772 	2807 	2762
f 2766 	2812 	2813
f 2766 	2813 	2767
f 1985 	2852 	2802
f 2790 	2789 	2805
f 2538 	2570 	2814
f 1625 	2792 	2808
f 2773 	2807 	2772
f 2766 	2769 	2814
f 2766 	2814 	2812
f 1624 	2809 	2802
f 1624 	2802 	6914
f 3041 	1372 	2762
f 2818 	2787 	2815
f 2786 	2780 	2975
f 2815 	2786 	2975
f 1522 	2762 	1372
f 2816 	2817 	2774
f 2816 	2774 	2775
f 1985 	2802 	1984
f 2218 	2672 	2819
f 2803 	2804 	2817
f 1387 	1834 	780
f 2821 	2842 	2823
f 2815 	2975 	2820
f 784 	782 	1838
f 1632 	1627 	2842
f 2823 	2842 	1627
f 2824 	2825 	3037
f 2827 	2824 	3002
f 1988 	2821 	2743
f 2820 	2969 	2826
f 1840 	781 	786
f 2821 	2823 	1627
f 784 	1838 	1840
f 784 	1840 	786
f 2667 	2827 	3002
f 1988 	1987 	2821
f 1993 	2821 	1987
f 2787 	2818 	2828
f 2828 	2810 	2787
f 2828 	2811 	2810
f 2810 	2800 	2787
f 6630 	2743 	2821
f 1387 	787 	1846
f 788 	1846 	787
f 2846 	2831 	2832
f 2833 	2834 	1477
f 5079 	1477 	2834
f 790 	1866 	1852
f 1631 	2846 	2832
f 2830 	2811 	2828
f 1467 	1482 	2836
f 1631 	2832 	2831
f 6630 	1631 	1683
f 1991 	3315 	2831
f 1485 	2837 	1590
f 1590 	2370 	1485
f 1991 	2831 	1989
f 2838 	2839 	1485
f 1494 	2839 	2399
f 2821 	1993 	2841
f 2841 	2842 	2821
f 2382 	1486 	2840
f 6910 	2841 	2778
f 1994 	2778 	2841
f 6910 	1632 	2841
f 2842 	2841 	1632
f 1994 	2841 	1993
f 2845 	2844 	1489
f 2831 	2846 	2847
f 2844 	2416 	1489
f 2847 	1989 	2831
f 1635 	2846 	1631
f 2849 	2389 	2843
f 2846 	1635 	2847
f 1635 	6922 	2847
f 6922 	3325 	2847
f 2843 	1493 	2849
f 2847 	1995 	1989
f 1996 	1995 	2847
f 1544 	1494 	2851
f 2850 	2851 	1494
f 2069 	1996 	2847
f 1552 	1489 	1554
f 1636 	2853 	2946
f 1493 	1550 	2855
f 2852 	2946 	2853
f 2854 	2855 	1550
f 6914 	2802 	2852
f 2856 	5215 	1554
f 1636 	6914 	2852
f 2853 	1636 	2852
f 1554 	1489 	2857
f 1998 	1997 	2852
f 2856 	1554 	2857
f 1985 	1998 	2852
f 2858 	2949 	2024
f 2859 	2638 	1556
f 2638 	2634 	1556
f 2450 	2449 	1560
f 1556 	1560 	2862
f 2434 	2436 	2862
f 1455 	2644 	1561
f 2000 	3335 	2858
f 2864 	2865 	1561
f 2870 	1568 	2865
f 1639 	2860 	2858
f 1639 	2858 	1690
f 2454 	2450 	2867
f 2000 	2858 	1999
f 5243 	2866 	1564
f 2866 	2867 	1564
f 1560 	1564 	2867
f 1642 	2718 	2868
f 1643 	2869 	2720
f 1643 	2720 	1612
f 1568 	2870 	2871
f 2872 	2868 	2718
f 2872 	2718 	2723
f 1473 	1477 	5079
f 1642 	2868 	2872
f 5083 	1482 	1544
f 1554 	5215 	1550
f 1646 	1645 	2873
f 5243 	1564 	1568
f 2874 	2873 	1645
f 2874 	1645 	6930
f 1051 	679 	2451
f 2876 	2877 	1573
f 5273 	1575 	1573
f 2873 	2874 	2878
f 2873 	2878 	2879
f 1574 	5270 	2876
f 2878 	1646 	2879
f 2880 	2881 	1575
f 2918 	1575 	2917
f 2873 	2879 	1646
f 2919 	2875 	2882
f 1577 	2883 	2884
f 1577 	2884 	5296
f 2882 	2875 	1647
f 1644 	1647 	2875
f 2883 	1577 	2921
f 2888 	1580 	2886
f 2889 	2885 	1649
f 2895 	1650 	2885
f 2885 	2889 	2895
f 2894 	2895 	2889
f 1649 	2885 	1650
f 1648 	1651 	2887
f 2896 	2887 	1651
f 3182 	2887 	2896
f 2894 	1650 	2895
f 2896 	1651 	3182
f 2897 	2892 	3484
f 2003 	2002 	2898
f 2788 	2898 	1977
f 2898 	2788 	2869
f 2720 	2869 	2788
f 1979 	1978 	2792
f 2792 	2001 	2900
f 2808 	2792 	2900
f 2003 	2898 	2900
f 2003 	2900 	2004
f 1643 	6927 	1652
f 1643 	2898 	2869
f 2898 	1652 	2900
f 2910 	2903 	2902
f 1977 	2898 	2002
f 2901 	2902 	2903
f 2001 	2792 	1978
f 2004 	2900 	2001
f 1652 	2808 	2906
f 1653 	2907 	2809
f 1653 	2809 	1624
f 2906 	2808 	2900
f 2902 	2909 	2910
f 2802 	2809 	2907
f 2802 	2907 	2904
f 2908 	2910 	2909
f 1653 	6961 	2904
f 1652 	2906 	2900
f 2907 	1653 	2904
f 2904 	2006 	2005
f 2802 	2904 	1984
f 2005 	1984 	2904
f 2010 	2915 	2914
f 1574 	2890 	2891
f 2891 	5278 	1574
f 6966 	1644 	2914
f 2875 	2914 	1644
f 2916 	2890 	1574
f 6966 	2914 	2915
f 2015 	2014 	2919
f 2875 	2919 	2914
f 2921 	1577 	2920
f 2015 	2919 	2922
f 2015 	2922 	2016
f 3109 	2397 	2923
f 2882 	1647 	2919
f 2924 	2920 	2395
f 2010 	2009 	2915
f 2922 	2915 	2013
f 2912 	3664 	2927
f 2011 	2010 	2914
f 2014 	2008 	2914
f 2011 	2914 	2008
f 2914 	2919 	2014
f 2016 	2922 	2013
f 2013 	2915 	2009
f 2915 	2922 	2931
f 1656 	1655 	2937
f 2931 	2937 	1655
f 3711 	2932 	5984
f 2929 	3703 	2935
f 1655 	2915 	2931
f 2934 	2933 	1654
f 2937 	2931 	2922
f 2938 	2932 	3712
f 2937 	2922 	1656
f 2941 	2939 	2934
f 2933 	2934 	2939
f 1657 	6974 	2939
f 1657 	2939 	2941
f 2941 	2934 	1657
f 1654 	1657 	2934
f 2939 	2018 	2017
f 2939 	2017 	2019
f 2020 	2933 	2019
f 2933 	2939 	2019
f 2021 	2852 	1997
f 2944 	2852 	2021
f 2944 	2021 	2022
f 1636 	2946 	1661
f 2944 	2946 	2852
f 2944 	2904 	6961
f 2006 	2904 	2022
f 2944 	2022 	2904
f 1661 	2946 	2944
f 2953 	3942 	2948
f 2025 	2024 	2949
f 2860 	1639 	2950
f 1663 	2950 	1639
f 2950 	2949 	2860
f 2858 	2860 	2949
f 2025 	2949 	2090
f 2950 	1663 	2949
f 2947 	3939 	4031
f 2947 	4031 	2952
f 1999 	2858 	2024
f 4029 	3947 	6026
f 4031 	4029 	2952
f 2954 	2956 	2957
f 2954 	2957 	2955
f 2954 	2939 	6974
f 2018 	2939 	2954
f 2956 	2954 	1665
f 2957 	2956 	1665
f 2957 	1665 	1664
f 2933 	2020 	2955
f 2955 	2957 	1664
f 1664 	6972 	2955
f 2020 	2029 	2955
f 2954 	2026 	2018
f 1853 	791 	1852
f 792 	791 	1853
f 791 	789 	1852
f 790 	1852 	789
f 1856 	1846 	788
f 1856 	788 	796
f 796 	795 	1856
f 1834 	1856 	795
f 3731 	2961 	2940
f 800 	799 	1861
f 800 	1861 	1860
f 1838 	797 	1860
f 782 	797 	1838
f 800 	1860 	797
f 799 	798 	1861
f 798 	781 	1861
f 1840 	1861 	781
f 790 	802 	1866
f 1853 	1867 	804
f 1853 	804 	792
f 2818 	2826 	2828
f 1866 	801 	1867
f 802 	801 	1866
f 801 	803 	1867
f 804 	1867 	803
f 2943 	3739 	2964
f 2963 	2828 	2826
f 2963 	2826 	2978
f 814 	813 	1872
f 814 	1872 	1871
f 2980 	3010 	2965
f 1870 	808 	1871
f 1871 	808 	811
f 1872 	807 	1869
f 813 	812 	1872
f 2965 	3008 	2830
f 2446 	2449 	2973
f 2820 	2975 	2968
f 2820 	2968 	2969
f 452 	2973 	446
f 572 	2973 	452
f 2449 	446 	2973
f 4091 	2970 	2966
f 2968 	2975 	2971
f 2450 	2974 	449
f 453 	449 	2974
f 2974 	2870 	2973
f 2976 	2971 	2975
f 6043 	2977 	4108
f 2965 	2963 	2980
f 2979 	4110 	2977
f 2450 	2984 	2974
f 2976 	2978 	2969
f 2978 	2826 	2969
f 2978 	2980 	2963
f 2973 	572 	571
f 2973 	571 	2974
f 453 	2974 	571
f 2976 	2982 	2978
f 2982 	2976 	2975
f 2454 	2867 	2984
f 4122 	2983 	4042
f 2984 	2870 	2974
f 2975 	3025 	2985
f 810 	809 	1869
f 1870 	1869 	809
f 2982 	2975 	2985
f 1870 	809 	808
f 147 	811 	808
f 2989 	2748 	2988
f 810 	1869 	807
f 814 	1871 	811
f 2989 	2997 	2749
f 807 	1872 	812
f 2796 	2801 	2988
f 2994 	2991 	2811
f 822 	816 	1875
f 2990 	2806 	2991
f 2990 	2988 	2801
f 816 	815 	1875
f 817 	1880 	815
f 1875 	815 	1880
f 819 	1880 	817
f 2990 	2991 	2992
f 2991 	2993 	2992
f 2993 	2999 	2992
f 1883 	821 	822
f 3006 	2829 	2737
f 1875 	1883 	822
f 3037 	2825 	2822
f 1886 	1885 	826
f 1886 	826 	825
f 2686 	3024 	2822
f 3015 	2822 	3024
f 825 	824 	1886
f 1891 	1886 	824
f 2825 	2824 	2822
f 2763 	2761 	2996
f 1892 	823 	1885
f 826 	1885 	823
f 2824 	2827 	2667
f 2667 	2663 	2824
f 828 	827 	1889
f 827 	821 	1889
f 2829 	2819 	2672
f 828 	1889 	1880
f 828 	1880 	819
f 2996 	2761 	2997
f 2007 	2151 	2686
f 832 	831 	1892
f 832 	1892 	1891
f 3015 	3042 	2822
f 2999 	2997 	2989
f 824 	829 	1891
f 832 	1891 	829
f 831 	830 	1892
f 3001 	3002 	3036
f 2824 	3036 	3002
f 2993 	2995 	3005
f 835 	834 	1895
f 2791 	2730 	3001
f 2791 	3001 	3038
f 2993 	3003 	2999
f 2989 	2992 	2999
f 2998 	2999 	3003
f 3003 	3000 	2998
f 3004 	5662 	3000
f 835 	1895 	837
f 1897 	836 	837
f 3006 	2819 	2829
f 3007 	3039 	3006
f 1895 	1897 	837
f 3003 	2993 	3005
f 2795 	3040 	2735
f 838 	1900 	834
f 1895 	834 	1900
f 1900 	838 	841
f 3008 	2965 	3010
f 1902 	1900 	841
f 2672 	2737 	2829
f 2995 	2994 	3009
f 3008 	3009 	2994
f 2811 	3008 	2994
f 3002 	3001 	3007
f 3002 	3007 	3006
f 843 	842 	1902
f 842 	836 	1902
f 1897 	1902 	836
f 841 	843 	1902
f 2730 	2735 	3001
f 3007 	3001 	2735
f 2737 	3002 	3006
f 845 	844 	1904
f 1921 	1904 	844
f 2811 	2830 	3008
f 3035 	3037 	2822
f 845 	1904 	1906
f 3021 	3023 	3010
f 1906 	846 	847
f 3004 	3005 	3013
f 3012 	3046 	3034
f 1906 	847 	845
f 2995 	3013 	3005
f 849 	848 	1908
f 3014 	3004 	3013
f 2995 	3009 	3013
f 3019 	3013 	3009
f 3009 	3011 	3019
f 849 	1908 	852
f 3018 	5662 	3014
f 1910 	850 	852
f 1908 	1910 	852
f 1912 	1908 	853
f 1912 	853 	854
f 3021 	2980 	2985
f 3010 	2980 	3021
f 1914 	1912 	854
f 3011 	3010 	3023
f 856 	855 	1914
f 855 	850 	1914
f 1910 	1914 	850
f 3026 	3027 	3023
f 3011 	3023 	3019
f 856 	1914 	854
f 3017 	3015 	3016
f 3015 	3024 	3016
f 3024 	4353 	3016
f 3025 	3021 	2985
f 860 	859 	1916
f 353 	877 	859
f 2975 	5662 	3025
f 1919 	861 	862
f 1916 	1919 	862
f 1916 	862 	860
f 3018 	3019 	3028
f 3027 	3028 	3019
f 3019 	3023 	3027
f 3044 	3017 	3043
f 3016 	3043 	3017
f 864 	1921 	863
f 3016 	3029 	3043
f 3022 	3029 	3016
f 3031 	3043 	3029
f 3026 	3025 	5662
f 3027 	3026 	3030
f 1923 	1921 	864
f 1923 	864 	866
f 866 	865 	1923
f 865 	846 	1923
f 1906 	1923 	846
f 3030 	3026 	5662
f 869 	2247 	2240
f 3020 	3012 	3034
f 2243 	870 	2240
f 871 	870 	2243
f 870 	867 	2240
f 869 	2240 	867
f 869 	874 	2247
f 3034 	3033 	3031
f 3034 	3031 	3029
f 874 	872 	2247
f 2248 	2247 	872
f 2248 	872 	875
f 2248 	875 	876
f 2243 	2248 	876
f 2243 	876 	871
f 3042 	3015 	3044
f 3017 	3044 	3015
f 1916 	877 	2252
f 1916 	859 	877
f 878 	2252 	877
f 1884 	6965 	6969
f 3035 	2822 	3042
f 2256 	2252 	878
f 2256 	878 	881
f 6969 	6970 	1888
f 3036 	2824 	3037
f 6969 	1888 	1884
f 881 	880 	2256
f 880 	861 	2256
f 1919 	2256 	861
f 3038 	3001 	3036
f 2260 	886 	2258
f 887 	886 	2260
f 886 	882 	2258
f 883 	2258 	882
f 3040 	3039 	3007
f 2819 	3006 	3039
f 3007 	2735 	3040
f 1884 	1890 	6973
f 883 	889 	2258
f 2263 	2258 	889
f 1888 	6970 	1893
f 3042 	3041 	3035
f 889 	888 	2263
f 2265 	2263 	888
f 2265 	888 	890
f 2265 	890 	891
f 1893 	6976 	1890
f 3037 	3035 	3036
f 3041 	2789 	3035
f 891 	887 	2265
f 2260 	2265 	887
f 2791 	3038 	3036
f 895 	893 	2269
f 3040 	2764 	3039
f 2795 	2764 	3040
f 893 	892 	2269
f 6981 	6982 	1896
f 2269 	2271 	895
f 1896 	1894 	6981
f 1894 	6980 	6981
f 895 	2271 	894
f 1901 	6984 	1898
f 3045 	3043 	3031
f 6993 	6994 	1899
f 2269 	892 	2274
f 897 	2274 	892
f 898 	2274 	897
f 4403 	3045 	3031
f 6985 	6993 	1899
f 6985 	1899 	1898
f 2276 	2274 	898
f 2276 	898 	900
f 3047 	3033 	3046
f 3033 	3034 	3046
f 6999 	7000 	1901
f 900 	899 	2276
f 899 	894 	2276
f 2271 	2276 	894
f 1903 	6999 	1901
f 7002 	6999 	1903
f 1899 	7003 	1903
f 903 	901 	2279
f 3048 	3041 	3042
f 2279 	2281 	906
f 2279 	906 	903
f 3042 	3044 	3043
f 4403 	4400 	3043
f 3042 	3043 	3048
f 906 	2281 	905
f 4403 	3043 	3045
f 7013 	7014 	1907
f 3047 	3046 	4281
f 7008 	7013 	1907
f 7008 	1907 	1905
f 3048 	1377 	3041
f 2279 	901 	2284
f 908 	2284 	907
f 3054 	3055 	3049
f 2286 	2284 	908
f 2286 	908 	910
f 6979 	1894 	7022
f 997 	1017 	3049
f 3054 	3049 	1017
f 1909 	1911 	7021
f 910 	909 	2286
f 909 	905 	2286
f 2281 	2286 	905
f 1894 	1909 	7022
f 7021 	7022 	1909
f 914 	913 	2294
f 2297 	2294 	913
f 2297 	913 	911
f 1911 	7027 	7021
f 914 	2294 	925
f 1896 	7029 	1911
f 3052 	3050 	3053
f 911 	915 	2297
f 2297 	915 	933
f 1009 	3052 	3053
f 3053 	3064 	3055
f 917 	2299 	2314
f 917 	2314 	934
f 1017 	3055 	3054
f 7040 	7042 	1913
f 1913 	7031 	1915
f 3055 	1009 	3053
f 1918 	1915 	7032
f 2816 	2775 	2767
f 2816 	2767 	2813
f 1007 	1000 	3050
f 3056 	2813 	2812
f 1007 	3050 	3052
f 1918 	7032 	7047
f 2812 	2814 	2570
f 7048 	7052 	1918
f 2816 	2813 	2817
f 2813 	3056 	2817
f 7040 	1913 	1917
f 3598 	3221 	1000
f 3057 	3050 	1000
f 2752 	3077 	3056
f 7047 	7048 	1918
f 2804 	2803 	3059
f 3058 	3059 	2803
f 3051 	3050 	3057
f 7060 	7061 	1920
f 3059 	2785 	1058
f 1907 	7068 	1922
f 3059 	1058 	2804
f 620 	2804 	1058
f 3051 	3236 	3050
f 3235 	3050 	3236
f 7060 	1920 	7067
f 1922 	7067 	1920
f 3058 	2803 	2817
f 3053 	3050 	3235
f 3237 	3060 	3235
f 3053 	3235 	3060
f 4077 	2794 	3061
f 3057 	3236 	3051
f 3234 	3236 	3057
f 3062 	3059 	3058
f 2798 	3062 	3063
f 1336 	1299 	3237
f 3063 	3061 	2798
f 2794 	2798 	3061
f 3049 	3055 	3064
f 1927 	7173 	1924
f 4077 	3061 	3056
f 3063 	3062 	3061
f 1340 	3242 	1302
f 7173 	7174 	1924
f 1924 	7174 	1925
f 2817 	3056 	3062
f 3058 	2817 	3062
f 3056 	3061 	3062
f 3053 	3060 	3064
f 7175 	1925 	7071
f 1299 	1302 	3060
f 3064 	3060 	1302
f 3074 	3066 	3067
f 3067 	3066 	3079
f 3066 	1062 	3079
f 1064 	3079 	1062
f 7175 	7176 	1928
f 1927 	1928 	7179
f 7175 	1928 	1925
f 3068 	3069 	2987
f 7183 	7184 	1932
f 3076 	3071 	3258
f 1931 	7181 	1932
f 3076 	3258 	3074
f 3077 	2752 	3071
f 3070 	3071 	2752
f 1933 	1935 	7206
f 3071 	3074 	3077
f 3067 	3086 	3074
f 1070 	6529 	2975
f 7204 	7180 	1933
f 7206 	7204 	1933
f 1931 	1933 	7180
f 2742 	3075 	3070
f 1932 	7184 	1935
f 3071 	3076 	3074
f 679 	671 	2975
f 1580 	2888 	2925
f 2926 	1584 	2925
f 2926 	5766 	1584
f 4120 	4114 	2983
f 3079 	3078 	3067
f 3081 	3082 	1586
f 7223 	7224 	2554
f 1064 	1098 	3079
f 2554 	1938 	7223
f 7230 	7231 	2556
f 1938 	2556 	7218
f 3081 	1586 	3089
f 3091 	2379 	3093
f 3083 	3093 	1588
f 2564 	2554 	7224
f 3078 	3079 	3086
f 7235 	7230 	2564
f 5946 	5963 	1586
f 7246 	2578 	2575
f 3084 	4155 	3077
f 3086 	3084 	3077
f 7246 	7247 	2578
f 3077 	3074 	3086
f 3078 	3086 	3067
f 3086 	3087 	3084
f 7251 	7252 	2579
f 2575 	2579 	7252
f 3090 	3088 	2418
f 2579 	2583 	7251
f 4153 	3056 	3077
f 7259 	2583 	2578
f 2583 	7258 	7251
f 2584 	2721 	3094
f 3129 	2379 	3095
f 920 	919 	2299
f 917 	920 	2299
f 2302 	2299 	919
f 918 	2302 	919
f 7270 	7271 	2697
f 7270 	2697 	2691
f 2304 	2312 	923
f 2304 	923 	924
f 2304 	924 	925
f 2294 	2304 	925
f 3096 	3097 	2383
f 928 	927 	2308
f 6053 	3096 	3101
f 3099 	2385 	3098
f 928 	2308 	2310
f 928 	2310 	929
f 2702 	2699 	7287
f 2385 	54 	2383
f 2317 	2308 	927
f 6077 	6088 	2386
f 2700 	7278 	2699
f 929 	2310 	926
f 2387 	3100 	3101
f 3102 	6120 	2387
f 400 	7276 	7292
f 927 	930 	2317
f 3103 	3104 	2386
f 2391 	2386 	3104
f 2310 	2319 	926
f 3105 	3139 	2391
f 933 	923 	2312
f 1574 	3106 	2916
f 2297 	933 	2312
f 7287 	7290 	2702
f 3108 	3106 	2393
f 1574 	2393 	3106
f 2704 	7276 	2700
f 2317 	930 	936
f 3114 	6328 	2395
f 2395 	3110 	2924
f 935 	931 	2319
f 931 	926 	2319
f 3111 	3112 	2397
f 935 	2319 	2317
f 935 	2317 	936
f 2395 	2398 	3114
f 408 	7400 	7310
f 2731 	2710 	7310
f 3117 	2400 	3116
f 939 	2322 	2323
f 939 	2323 	940
f 2713 	2732 	7397
f 6422 	6410 	3119
f 918 	942 	2302
f 2325 	2302 	942
f 7301 	2710 	2713
f 7301 	2713 	7305
f 2393 	2404 	3119
f 3118 	3119 	2404
f 942 	941 	2325
f 2314 	2325 	941
f 2314 	941 	187
f 2314 	187 	934
f 7314 	7315 	2716
f 945 	944 	2329
f 945 	2329 	2328
f 2697 	7271 	2717
f 2322 	203 	2328
f 7320 	7314 	2717
f 2716 	2717 	7314
f 3112 	6547 	2397
f 2407 	2397 	3120
f 3120 	3121 	2407
f 944 	206 	2329
f 2398 	2412 	3123
f 3122 	3123 	2412
f 2322 	939 	194
f 2322 	194 	203
f 3117 	6595 	2400
f 2417 	2400 	3124
f 2329 	198 	2323
f 2329 	206 	198
f 940 	2323 	198
f 3125 	2417 	3124
f 7329 	7330 	2725
f 3090 	2418 	3126
f 945 	2328 	203
f 2418 	2420 	3128
f 2725 	7325 	2722
f 949 	946 	2463
f 2457 	2463 	946
f 2722 	7326 	7333
f 946 	210 	2457
f 2460 	2457 	210
f 3130 	2422 	3131
f 7334 	7342 	2727
f 2460 	210 	213
f 947 	2460 	213
f 2726 	2722 	7333
f 2425 	2427 	2420
f 7329 	2725 	7340
f 2727 	7340 	2725
f 2463 	2471 	219
f 949 	2463 	219
f 7333 	7334 	2726
f 2727 	2726 	7334
f 3132 	3133 	2427
f 3133 	2420 	2427
f 2467 	2466 	951
f 2467 	951 	950
f 3134 	2431 	3135
f 950 	225 	2467
f 2474 	2467 	225
f 3134 	5987 	2431
f 2475 	227 	2466
f 2475 	235 	227
f 951 	2466 	227
f 947 	953 	2460
f 2471 	2460 	953
f 953 	230 	2471
f 230 	219 	2471
f 3102 	2387 	3136
f 955 	954 	2475
f 955 	2475 	2474
f 2474 	225 	233
f 955 	2474 	233
f 3140 	2391 	3139
f 954 	235 	2475
f 3140 	3141 	2442
f 2481 	990 	957
f 3143 	6941 	2435
f 957 	241 	2481
f 2484 	2481 	241
f 2484 	241 	240
f 2484 	240 	958
f 2435 	2439 	3143
f 3142 	3143 	2439
f 3141 	6943 	2442
f 3144 	3145 	2442
f 2444 	2442 	3145
f 245 	244 	2492
f 2485 	2492 	244
f 2485 	244 	990
f 2481 	2485 	990
f 993 	992 	2487
f 2488 	2487 	992
f 5956 	2412 	2417
f 992 	250 	2488
f 2431 	5987 	2427
f 254 	253 	2496
f 3148 	3149 	3147
f 3146 	3147 	3149
f 3149 	3148 	3150
f 249 	2494 	250
f 999 	2494 	249
f 3151 	3148 	3147
f 2487 	2496 	253
f 993 	2487 	253
f 996 	245 	2492
f 3147 	3146 	3152
f 996 	2492 	2484
f 996 	2484 	958
f 3151 	3147 	3153
f 3152 	3153 	3147
f 2488 	250 	2494
f 998 	254 	2496
f 2494 	999 	998
f 2494 	998 	2496
f 3151 	3155 	3148
f 3154 	3148 	3155
f 1001 	258 	2498
f 2498 	258 	257
f 1011 	2502 	257
f 1001 	2498 	2501
f 2955 	2029 	2028
f 2027 	2955 	2028
f 2026 	2954 	2027
f 2954 	2955 	2027
f 3154 	3156 	3165
f 264 	263 	2501
f 2501 	263 	1005
f 3154 	3155 	3158
f 3154 	3158 	3156
f 2501 	1005 	1001
f 3164 	3157 	3159
f 3161 	3148 	3160
f 3154 	3160 	3148
f 2498 	257 	2502
f 1668 	3164 	3159
f 3161 	3150 	3148
f 3160 	3154 	3165
f 2037 	2096 	3157
f 3162 	3161 	3160
f 3159 	3157 	1668
f 1013 	2504 	1015
f 3165 	3166 	3160
f 3157 	3163 	2035
f 1014 	264 	2572
f 2501 	2572 	264
f 3157 	3164 	3163
f 1014 	2572 	2502
f 1014 	2502 	1011
f 3162 	3160 	3166
f 1669 	3163 	3164
f 3146 	3167 	3152
f 2504 	2573 	1015
f 1668 	1669 	3164
f 1019 	1020 	2591
f 2094 	2032 	3163
f 2504 	712 	2591
f 1013 	712 	2504
f 712 	711 	2591
f 1019 	2591 	711
f 3163 	2032 	2030
f 2030 	4642 	2035
f 2037 	3157 	2035
f 3163 	2030 	2035
f 2592 	2591 	1020
f 4503 	4504 	3156
f 1020 	716 	2592
f 2573 	2592 	716
f 2573 	716 	715
f 2573 	715 	1015
f 1021 	718 	2595
f 2598 	2595 	718
f 2598 	718 	717
f 2598 	717 	1023
f 2040 	2039 	3168
f 1021 	2595 	1022
f 723 	722 	2596
f 2596 	722 	1022
f 2887 	3169 	1648
f 3168 	6986 	3169
f 2595 	2596 	1022
f 2040 	3168 	3169
f 2041 	2040 	3169
f 3162 	3171 	3161
f 3170 	3161 	3171
f 2041 	3169 	2038
f 1024 	2600 	2602
f 1671 	3172 	1672
f 1025 	723 	2601
f 2596 	2601 	723
f 1025 	2601 	2598
f 1025 	2598 	1023
f 3170 	3171 	3175
f 3170 	3175 	3173
f 3177 	3161 	3176
f 2602 	1026 	1024
f 1027 	1028 	2603
f 1671 	6986 	3168
f 3172 	1671 	3168
f 725 	724 	2600
f 1024 	725 	2600
f 2603 	2600 	724
f 1027 	2603 	724
f 3174 	3178 	1670
f 3179 	3177 	3176
f 3179 	3176 	3180
f 2604 	2603 	1028
f 3178 	3189 	2046
f 1028 	728 	2604
f 2602 	2604 	728
f 2602 	728 	727
f 2602 	727 	1026
f 2045 	2055 	3178
f 1029 	730 	2607
f 3186 	3180 	3176
f 3178 	2046 	2045
f 1029 	2607 	2609
f 1029 	2609 	1030
f 3176 	3161 	3170
f 3172 	3168 	3187
f 2609 	2613 	731
f 2609 	731 	1030
f 2887 	3182 	3169
f 3176 	3170 	3173
f 2039 	2047 	3181
f 3168 	2039 	3181
f 2049 	2048 	3182
f 2048 	2038 	3182
f 1651 	1672 	3181
f 3181 	3182 	1651
f 2607 	730 	2611
f 733 	2611 	730
f 1031 	2611 	733
f 2049 	3182 	3181
f 1032 	734 	2613
f 734 	731 	2613
f 681 	731 	734
f 2050 	3181 	2047
f 1032 	2613 	2611
f 1032 	2611 	1031
f 3177 	3179 	3184
f 3184 	3183 	3177
f 3181 	2050 	2049
f 1033 	738 	2616
f 3169 	3182 	2038
f 3176 	3185 	3186
f 1672 	3172 	3187
f 3176 	3173 	3185
f 2617 	2620 	740
f 2617 	740 	1034
f 1673 	3188 	3174
f 1673 	3174 	1670
f 2616 	2617 	1034
f 2616 	1034 	1033
f 3181 	3187 	3168
f 3094 	1071 	2584
f 605 	2584 	1071
f 3174 	3188 	3178
f 3189 	3178 	3188
f 3397 	3197 	3173
f 1071 	3094 	1075
f 3092 	3094 	3192
f 2721 	3192 	3094
f 4513 	7222 	3183
f 3194 	3192 	2721
f 3195 	2701 	3196
f 3190 	3196 	3191
f 3195 	3196 	3190
f 3196 	3254 	3191
f 3190 	3193 	3195
f 3192 	3194 	3191
f 3191 	3254 	3192
f 3199 	3370 	3198
f 3196 	2701 	1808
f 2742 	3202 	3201
f 3200 	3201 	3202
f 3201 	3075 	2742
f 3094 	3092 	3202
f 3200 	3202 	3092
f 3198 	3161 	3177
f 1075 	3202 	2746
f 2742 	2746 	3202
f 1075 	3094 	3202
f 3201 	3200 	3092
f 3092 	3192 	3201
f 3201 	3192 	3254
f 3207 	3208 	3219
f 3206 	3219 	3208
f 3241 	3207 	3205
f 3239 	3206 	3208
f 3239 	3208 	3240
f 3210 	3211 	3209
f 3208 	3207 	1085
f 3208 	1085 	1083
f 1085 	3207 	3241
f 1085 	3241 	1090
f 1083 	3240 	3208
f 3578 	3211 	3210
f 3065 	3228 	3215
f 3216 	3065 	3215
f 3223 	3211 	3215
f 3214 	3213 	3217
f 3214 	3217 	3218
f 3578 	3210 	3209
f 3212 	3221 	3209
f 1808 	2338 	3196
f 3057 	1000 	3221
f 3219 	3206 	3239
f 3291 	3222 	3219
f 3218 	3222 	3291
f 3220 	3219 	3222
f 3217 	3222 	3218
f 3057 	3221 	3234
f 3196 	3218 	3291
f 3209 	3223 	3262
f 3263 	3212 	3262
f 3209 	3262 	3212
f 3225 	3226 	3214
f 3213 	3214 	3226
f 3212 	3263 	3221
f 3224 	3227 	3225
f 3226 	3225 	3227
f 3227 	3217 	3226
f 3213 	3226 	3217
f 3223 	3215 	3228
f 3229 	3207 	3219
f 3205 	3207 	3229
f 3209 	3211 	3223
f 3230 	3229 	3220
f 3219 	3220 	3229
f 3049 	3064 	3231
f 3224 	3246 	3232
f 3229 	3232 	3246
f 3230 	3232 	3229
f 3222 	3232 	3230
f 3222 	3230 	3220
f 3227 	3224 	3232
f 1333 	3250 	3233
f 1353 	3250 	1333
f 3227 	3232 	3222
f 3227 	3222 	3217
f 3225 	3218 	3224
f 3214 	3218 	3225
f 3205 	3229 	3238
f 3060 	3237 	1299
f 3240 	3241 	3243
f 3238 	3243 	3241
f 3242 	3231 	3064
f 3205 	3238 	3241
f 3064 	1302 	3242
f 3234 	3260 	1343
f 1091 	1090 	3241
f 1091 	3241 	3240
f 3236 	3234 	3235
f 3234 	1343 	3235
f 1091 	3240 	1083
f 1336 	3237 	3235
f 1340 	3231 	3242
f 3243 	3229 	3246
f 3243 	3238 	3229
f 3270 	3280 	1343
f 3244 	3240 	3243
f 3239 	3240 	3244
f 3243 	3246 	3302
f 3291 	3219 	3244
f 3239 	3244 	3219
f 1408 	1349 	3247
f 3244 	3283 	3291
f 1353 	1411 	3250
f 3074 	3255 	3252
f 3066 	3074 	3252
f 3268 	3252 	3251
f 3247 	1349 	3248
f 1349 	1348 	3248
f 1062 	3066 	3252
f 1062 	3252 	1095
f 3245 	3249 	3248
f 1095 	3252 	3268
f 1095 	3268 	1098
f 3070 	3254 	3071
f 3253 	3071 	3254
f 3251 	3252 	3255
f 3070 	3075 	3254
f 3257 	3254 	3075
f 3258 	3071 	3253
f 3257 	3075 	3201
f 3074 	3258 	3255
f 3221 	3260 	3234
f 3265 	3253 	4587
f 3196 	4587 	3253
f 3196 	3253 	3254
f 3257 	3201 	3254
f 3261 	3262 	3223
f 3263 	3260 	3221
f 3265 	3255 	3253
f 3258 	3253 	3255
f 3065 	3256 	3228
f 3228 	3256 	3264
f 3086 	3268 	3267
f 3266 	3267 	3268
f 3084 	3087 	3265
f 3269 	3265 	3087
f 3270 	1343 	3260
f 3087 	3086 	3269
f 3267 	3269 	3086
f 3261 	3778 	3262
f 3262 	3778 	3270
f 3266 	3268 	3251
f 3260 	3263 	3262
f 3260 	3262 	3270
f 1098 	3268 	3079
f 3086 	3079 	3268
f 3821 	3280 	3270
f 3266 	3251 	3267
f 3251 	3255 	3267
f 3265 	3267 	3255
f 3265 	3269 	3267
f 3196 	3292 	4587
f 3278 	3279 	3284
f 3275 	3284 	3279
f 3498 	3278 	3276
f 3273 	3280 	3271
f 3280 	3804 	3271
f 3312 	3275 	3279
f 3312 	3279 	3497
f 3273 	3245 	3280
f 719 	3280 	3245
f 3279 	3278 	1107
f 3279 	1107 	1105
f 3274 	3273 	3271
f 1107 	3278 	3498
f 1107 	3498 	1114
f 1105 	3497 	3279
f 719 	1343 	3280
f 3187 	3181 	1672
f 3233 	3300 	3282
f 3250 	3290 	3233
f 6958 	1678 	1673
f 3188 	1673 	3189
f 3273 	3308 	3245
f 3189 	3304 	2052
f 3248 	3295 	3287
f 3247 	3248 	3287
f 3286 	3309 	3285
f 3297 	3249 	3308
f 3245 	3308 	3249
f 3189 	2052 	2051
f 2051 	2046 	3189
f 2731 	7399 	2732
f 7396 	2732 	7399
f 3297 	3248 	3249
f 7301 	7310 	2710
f 3287 	1408 	3247
f 7396 	7397 	2732
f 3283 	3309 	3286
f 3300 	3233 	3290
f 3289 	1674 	3288
f 1674 	6991 	3288
f 3244 	3281 	3283
f 3250 	1411 	3290
f 2055 	3288 	3178
f 3288 	6991 	3178
f 3287 	3300 	3290
f 3312 	3503 	3284
f 3312 	3284 	3275
f 5095 	2059 	2054
f 2055 	2054 	3288
f 1411 	1408 	3287
f 1411 	3287 	3290
f 3292 	3286 	3284
f 3285 	3284 	3286
f 3292 	3291 	3286
f 3283 	3286 	3291
f 3293 	3295 	3248
f 3294 	3295 	3293
f 3300 	3287 	3295
f 2059 	3304 	2054
f 3292 	3196 	3291
f 3297 	3293 	3248
f 1414 	3295 	3294
f 3299 	3281 	3243
f 3281 	3244 	3243
f 7413 	7411 	2734
f 3282 	3300 	3301
f 3303 	3309 	3246
f 3299 	3243 	3302
f 3298 	3296 	1677
f 3296 	3776 	212
f 2739 	2738 	7409
f 3300 	1434 	3301
f 3281 	3299 	3302
f 3281 	3302 	3283
f 7409 	7410 	2739
f 2734 	2739 	7414
f 3296 	2057 	3776
f 2736 	7407 	2738
f 7411 	7412 	2736
f 1414 	1434 	3295
f 3300 	3295 	1434
f 3246 	3566 	3303
f 3296 	3311 	2056
f 3296 	2056 	2057
f 3305 	3289 	3304
f 3288 	3304 	3289
f 3306 	3278 	3284
f 3276 	3278 	3306
f 3288 	2054 	3304
f 3307 	3306 	3285
f 3284 	3285 	3306
f 7420 	7421 	2747
f 1404 	3282 	3301
f 3305 	1678 	3289
f 1674 	3289 	1678
f 7420 	2747 	2740
f 3303 	3501 	3306
f 3305 	3304 	1678
f 1678 	3304 	1673
f 7425 	7426 	2748
f 7426 	7416 	2748
f 3306 	3309 	3303
f 3307 	3309 	3306
f 2060 	2052 	3304
f 2749 	7425 	2748
f 3309 	3307 	3285
f 2749 	7429 	7425
f 3302 	3246 	3309
f 7421 	7430 	2749
f 7421 	2749 	2747
f 1439 	3293 	3308
f 1439 	1413 	3293
f 3297 	3308 	3293
f 2060 	3304 	2059
f 3302 	3309 	3283
f 3296 	3298 	3311
f 3310 	3311 	3298
f 1681 	3310 	3298
f 1681 	3298 	1677
f 3259 	3313 	3557
f 3310 	1681 	3311
f 1681 	1678 	246
f 2119 	2062 	3311
f 3550 	3548 	3271
f 3272 	3314 	3271
f 3550 	3271 	3314
f 7432 	2757 	2753
f 3311 	2062 	2061
f 2061 	2056 	3311
f 3553 	3273 	3274
f 3271 	3548 	3274
f 3553 	3274 	3548
f 7431 	2761 	178
f 1686 	1683 	3316
f 2064 	3315 	1991
f 1683 	2831 	3315
f 179 	2763 	7434
f 3315 	3316 	1683
f 472 	178 	2761
f 7432 	2753 	7431
f 2761 	7431 	2753
f 2763 	474 	2761
f 472 	2761 	474
f 2069 	3325 	2068
f 2757 	7434 	2763
f 474 	2763 	179
f 3203 	6061 	4131
f 4149 	4150 	3321
f 2765 	493 	494
f 3319 	4149 	3321
f 507 	2770 	494
f 3322 	2070 	2065
f 2066 	3322 	2065
f 2776 	501 	493
f 3344 	14 	3322
f 2066 	2082 	3322
f 2765 	494 	2770
f 2064 	2063 	3315
f 3315 	2068 	3325
f 3316 	3315 	3327
f 3325 	3327 	3315
f 1686 	3316 	3327
f 541 	2782 	523
f 508 	523 	2770
f 1687 	3328 	3318
f 1687 	3318 	1682
f 2069 	2847 	3325
f 4162 	4173 	6065
f 3327 	3325 	1686
f 2063 	2068 	3315
f 493 	2765 	2776
f 3318 	3328 	3322
f 3332 	3322 	3328
f 3332 	2071 	2070
f 3332 	2070 	3322
f 2786 	559 	2780
f 4175 	3333 	3329
f 545 	2783 	536
f 1687 	3332 	3328
f 4194 	6071 	3333
f 3332 	3403 	2071
f 575 	2783 	567
f 1691 	3434 	3338
f 507 	508 	2770
f 2770 	523 	2782
f 541 	2776 	2782
f 545 	567 	2783
f 1690 	2858 	3335
f 2780 	536 	2783
f 3336 	1690 	3335
f 2077 	2075 	3335
f 4650 	3341 	3337
f 2000 	2077 	3335
f 3441 	2078 	3342
f 3342 	2078 	2080
f 557 	559 	2786
f 559 	550 	2780
f 536 	2780 	550
f 3342 	3338 	3434
f 574 	557 	2787
f 6133 	4687 	3343
f 2080 	2088 	3342
f 1691 	3342 	27
f 3338 	3342 	1691
f 2786 	2787 	557
f 2783 	575 	2787
f 3345 	14 	3344
f 14 	1682 	3322
f 3344 	3322 	2082
f 2799 	579 	2793
f 6098 	4678 	4679
f 606 	2801 	596
f 595 	596 	2796
f 2801 	2796 	596
f 580 	595 	2793
f 2796 	2793 	595
f 579 	2799 	590
f 656 	590 	2799
f 4687 	6133 	4684
f 668 	658 	2800
f 2516 	2513 	2520
f 2520 	2521 	2516
f 580 	2793 	579
f 2528 	2526 	2548
f 2548 	2550 	2528
f 2558 	2561 	2562
f 2558 	2562 	2565
f 2902 	2901 	2908
f 2908 	2909 	2902
f 3348 	1767 	1768
f 661 	2799 	2801
f 1769 	1767 	3348
f 2800 	658 	664
f 2806 	2800 	664
f 1768 	1774 	3348
f 3349 	3348 	2518
f 1770 	1769 	3351
f 668 	2800 	675
f 2810 	2811 	674
f 5714 	3359 	3351
f 3348 	3349 	3351
f 3350 	3351 	3349
f 2800 	2810 	675
f 674 	675 	2810
f 1769 	3348 	3351
f 684 	2811 	680
f 2518 	2524 	3349
f 3350 	3349 	2524
f 3350 	2524 	3351
f 3351 	2524 	5714
f 2811 	683 	674
f 664 	680 	2806
f 683 	2811 	684
f 2811 	2806 	680
f 1772 	3352 	1771
f 750 	2815 	749
f 753 	2815 	750
f 3352 	3436 	1791
f 1791 	1771 	3352
f 2826 	2818 	754
f 753 	754 	2818
f 753 	2818 	2815
f 3436 	3352 	3353
f 1772 	1786 	3352
f 2531 	3353 	3352
f 761 	749 	2820
f 759 	761 	2820
f 767 	2826 	772
f 767 	759 	2826
f 2820 	2826 	759
f 1774 	1773 	3354
f 2828 	2963 	783
f 793 	794 	2830
f 2830 	2828 	793
f 785 	793 	2828
f 805 	806 	2963
f 806 	783 	2963
f 5704 	3348 	3354
f 3354 	3348 	1774
f 818 	805 	2963
f 5704 	3354 	2534
f 3355 	2534 	3354
f 2830 	794 	2965
f 2963 	2965 	818
f 1778 	3357 	1775
f 3363 	3358 	1776
f 851 	2969 	833
f 839 	840 	2971
f 2971 	840 	2968
f 3357 	3362 	1782
f 1777 	1776 	3358
f 858 	2976 	857
f 3358 	2535 	3357
f 3356 	3357 	2535
f 2968 	833 	2969
f 1777 	3358 	3357
f 1777 	3357 	1778
f 851 	857 	2969
f 2976 	2969 	857
f 868 	839 	2971
f 833 	2968 	840
f 1780 	3359 	1779
f 868 	2971 	2976
f 1770 	3351 	1780
f 1780 	3351 	3359
f 858 	873 	2976
f 3359 	3354 	1779
f 2976 	873 	868
f 3355 	3354 	3360
f 3359 	3360 	3354
f 879 	2978 	885
f 2541 	2534 	3360
f 884 	885 	2982
f 2978 	2982 	885
f 3361 	3356 	2542
f 896 	2980 	2978
f 896 	2978 	879
f 2541 	3359 	5714
f 2541 	3360 	3359
f 904 	2985 	902
f 1775 	3357 	1782
f 1784 	3363 	1781
f 896 	902 	2980
f 2985 	2980 	902
f 3363 	1784 	1783
f 912 	884 	2982
f 3362 	3357 	3361
f 3356 	3361 	3357
f 1783 	1782 	3362
f 916 	2985 	904
f 916 	912 	2985
f 2982 	2985 	912
f 2988 	921 	922
f 3362 	5730 	3363
f 2542 	5730 	3362
f 3361 	2542 	3362
f 1783 	3362 	3363
f 2988 	922 	937
f 3455 	3364 	1785
f 1786 	1785 	3364
f 943 	2989 	938
f 956 	2992 	943
f 937 	938 	2989
f 2546 	2577 	3366
f 2989 	2988 	937
f 3365 	3364 	3458
f 3455 	3458 	3364
f 921 	2990 	932
f 3364 	3352 	1786
f 2994 	1296 	2991
f 2546 	3366 	3426
f 948 	932 	2990
f 1790 	3426 	1787
f 3198 	3367 	3368
f 3198 	3368 	3199
f 3183 	3367 	3177
f 3367 	3198 	3177
f 3370 	3540 	3198
f 3369 	3370 	3199
f 3540 	3150 	3161
f 3369 	3372 	3370
f 3371 	3370 	3372
f 679 	3073 	4485
f 3069 	3068 	6180
f 3373 	3367 	3183
f 3374 	3749 	3375
f 3372 	4539 	3371
f 3375 	3377 	3379
f 3371 	4546 	3378
f 3376 	3374 	3375
f 3377 	3375 	3408
f 3385 	3376 	3384
f 3375 	3384 	3376
f 3847 	3749 	3371
f 3378 	3847 	3371
f 3380 	3384 	3379
f 3375 	3379 	3384
f 3146 	3381 	3167
f 3382 	3376 	3385
f 4547 	4548 	3381
f 3146 	3500 	3381
f 3165 	3156 	3387
f 3384 	3380 	3386
f 3374 	3376 	3382
f 3382 	3385 	3384
f 3386 	3438 	3384
f 3500 	3389 	3381
f 4558 	4549 	3389
f 3761 	3442 	3388
f 3391 	3383 	3388
f 3761 	3388 	3383
f 3383 	3391 	3398
f 3383 	3398 	3392
f 3156 	3508 	3387
f 3390 	3393 	3388
f 3394 	3388 	3393
f 16 	3347 	3346
f 16 	3346 	15
f 3394 	3398 	3388
f 3391 	3388 	3398
f 3410 	21 	3346
f 3346 	21 	15
f 3393 	3395 	3394
f 3394 	3395 	3396
f 2083 	3344 	2081
f 3185 	3173 	3197
f 3396 	3474 	3394
f 3404 	3345 	3403
f 3344 	3403 	3345
f 3392 	3398 	3394
f 2082 	2081 	3344
f 3404 	20 	3345
f 14 	3345 	20
f 3410 	3346 	3347
f 24 	3347 	16
f 3183 	4525 	3399
f 3405 	3411 	3407
f 3408 	3405 	3407
f 20 	3404 	3403
f 1687 	19 	3332
f 3403 	3332 	19
f 3409 	3410 	3347
f 3401 	3406 	3405
f 3408 	3375 	3405
f 3409 	3347 	24
f 4598 	7545 	3399
f 3402 	3427 	3400
f 3438 	3405 	3406
f 3409 	24 	3410
f 21 	3410 	24
f 6590 	15 	21
f 3405 	3438 	3411
f 4597 	4656 	3397
f 2084 	3403 	2083
f 3403 	3344 	2083
f 3400 	3847 	3412
f 2084 	2071 	3403
f 3414 	3416 	3412
f 3459 	3412 	3416
f 3417 	3614 	29
f 3459 	3402 	3412
f 3496 	3399 	3415
f 3414 	3412 	3419
f 27 	3342 	3413
f 3413 	3342 	2088
f 3399 	4651 	3415
f 3402 	3400 	3412
f 27 	3413 	29
f 3417 	29 	3413
f 4662 	4654 	3418
f 3422 	3419 	3421
f 3197 	3397 	3418
f 31 	3420 	3423
f 31 	3423 	30
f 3419 	3422 	3414
f 3454 	3419 	3806
f 3415 	3521 	3496
f 176 	29 	3614
f 3419 	3454 	3421
f 3424 	3421 	3454
f 1789 	1788 	3428
f 31 	3618 	3420
f 3416 	3425 	3459
f 3417 	3413 	3614
f 3613 	3614 	3413
f 3619 	3423 	3618
f 3420 	3618 	3423
f 3426 	3366 	3461
f 3619 	173 	3423
f 2088 	2087 	3413
f 3429 	3382 	3438
f 1789 	3428 	3426
f 1789 	3426 	1790
f 2090 	2949 	3431
f 3335 	2075 	3431
f 3433 	154 	3336
f 1690 	3336 	154
f 3434 	1691 	153
f 1792 	1791 	3436
f 3335 	3431 	3336
f 3433 	3336 	3431
f 3435 	3427 	3402
f 2531 	2555 	3353
f 3353 	2555 	3437
f 154 	3433 	3431
f 3438 	3406 	3439
f 3436 	3353 	3437
f 3438 	3440 	3411
f 3406 	3401 	3429
f 3439 	3406 	3429
f 5777 	3436 	2555
f 3437 	2555 	3436
f 2089 	3431 	2075
f 2090 	3431 	2089
f 3439 	3429 	3438
f 2092 	2091 	3441
f 2078 	3441 	2091
f 3440 	3438 	3386
f 3441 	3342 	3434
f 1793 	1795 	3444
f 2239 	3444 	1795
f 173 	176 	153
f 3441 	153 	176
f 3444 	3446 	1793
f 1794 	1793 	3446
f 153 	3441 	3434
f 3444 	3447 	3448
f 3444 	3448 	3446
f 3480 	3449 	3472
f 3453 	3456 	3451
f 3453 	3451 	3450
f 3446 	2246 	1794
f 3451 	3456 	160
f 2568 	3446 	3448
f 3442 	3443 	3390
f 3448 	3447 	2568
f 2571 	2568 	3447
f 3477 	3444 	2239
f 3432 	3449 	3442
f 3447 	3444 	2571
f 3450 	3451 	160
f 3450 	160 	159
f 3436 	2242 	1792
f 3455 	2241 	2242
f 3424 	3454 	3457
f 2545 	3365 	2576
f 2094 	3163 	3453
f 162 	3453 	3163
f 3460 	3459 	3425
f 3461 	3366 	2577
f 3456 	3453 	163
f 3435 	3402 	3459
f 3456 	163 	160
f 3454 	3848 	3459
f 3457 	3454 	3459
f 3457 	3459 	3460
f 5777 	3455 	3436
f 2242 	3436 	3455
f 162 	170 	168
f 5777 	2576 	3455
f 3458 	3455 	2576
f 3462 	3452 	168
f 161 	168 	3452
f 5792 	3469 	2577
f 3466 	3485 	3465
f 3453 	3450 	2095
f 2096 	2095 	3450
f 2095 	2093 	3453
f 2094 	3453 	2093
f 9 	1787 	3426
f 2096 	3450 	3157
f 159 	3157 	3450
f 3464 	3466 	3463
f 3466 	3465 	3463
f 2245 	3470 	144
f 3428 	1788 	144
f 3467 	3468 	3462
f 3452 	3462 	3468
f 3463 	3465 	3832
f 2244 	9 	3469
f 3426 	3469 	9
f 3467 	2099 	3468
f 3445 	3430 	3465
f 3426 	3461 	3469
f 3467 	168 	170
f 3462 	168 	3467
f 3430 	3445 	3471
f 3428 	144 	3470
f 3470 	2245 	3469
f 2244 	3469 	2245
f 3843 	3474 	3472
f 3394 	3474 	3843
f 3461 	2577 	3469
f 3474 	3473 	3442
f 3443 	3442 	3473
f 3478 	3471 	3445
f 3432 	3472 	3449
f 3477 	2239 	2249
f 3487 	3478 	3465
f 3442 	3449 	3474
f 3480 	3474 	3449
f 146 	145 	3482
f 2246 	3482 	145
f 3475 	3476 	3474
f 3474 	3476 	3473
f 3477 	146 	3482
f 2249 	146 	3477
f 3479 	3477 	3484
f 3482 	3484 	3477
f 3479 	3484 	2892
f 3445 	3465 	3478
f 3488 	3643 	3481
f 2893 	2899 	3481
f 3475 	3474 	3396
f 3480 	3472 	3474
f 3477 	3479 	2892
f 2892 	2571 	3477
f 3478 	3487 	3471
f 3481 	3632 	2893
f 3482 	2246 	3446
f 3490 	3483 	3463
f 3464 	3463 	3483
f 3487 	3465 	3485
f 3484 	3482 	2897
f 3485 	3489 	3487
f 3486 	3487 	3489
f 3488 	3481 	2899
f 3557 	3317 	3259
f 3277 	3259 	3317
f 3491 	3492 	3490
f 3490 	3492 	3483
f 959 	2993 	952
f 4661 	7559 	3415
f 3415 	4667 	3521
f 4667 	4666 	3521
f 2989 	943 	2992
f 956 	948 	2990
f 2992 	956 	2990
f 4668 	4669 	3525
f 959 	1303 	2993
f 3525 	3418 	3517
f 3517 	3418 	3397
f 2991 	952 	2993
f 1301 	1296 	2994
f 3493 	3373 	3399
f 3183 	3399 	3373
f 3496 	32 	3493
f 3399 	3496 	3493
f 40 	39 	3378
f 1300 	1301 	2994
f 1306 	2993 	1303
f 1304 	2995 	1306
f 3276 	3306 	3495
f 3529 	67 	3496
f 2995 	1304 	1300
f 3497 	3498 	3501
f 3312 	3497 	3503
f 3495 	3501 	3498
f 1300 	2994 	2995
f 3276 	3495 	3498
f 2993 	1306 	2995
f 2997 	1309 	1310
f 1115 	1114 	3498
f 1115 	3498 	3497
f 115 	3532 	105
f 3490 	3487 	3491
f 3872 	3864 	3490
f 3486 	3491 	3487
f 1115 	3497 	1105
f 3494 	3904 	3378
f 3503 	3497 	3501
f 3500 	3502 	3389
f 3501 	3505 	3506
f 3501 	3506 	3503
f 3504 	3499 	3507
f 142 	3502 	713
f 714 	713 	3502
f 714 	3502 	3500
f 3501 	3495 	3306
f 3504 	3507 	3516
f 3303 	3509 	3501
f 3505 	3501 	3509
f 3507 	3511 	3516
f 3510 	3511 	3507
f 3519 	3516 	3511
f 3156 	4551 	3508
f 3506 	3505 	3509
f 3506 	3509 	3512
f 3507 	3531 	3510
f 713 	3508 	142
f 3514 	3387 	3508
f 3515 	3516 	3513
f 713 	3514 	3508
f 3515 	3513 	3504
f 3499 	3504 	3513
f 3516 	3515 	3504
f 3292 	3284 	3503
f 3517 	3514 	713
f 3503 	3506 	3512
f 3503 	3512 	3292
f 248 	3517 	4658
f 3518 	3516 	3519
f 3512 	4754 	3292
f 3525 	3517 	713
f 4754 	4587 	3292
f 251 	4668 	3525
f 3527 	3507 	3862
f 3521 	3525 	713
f 3524 	3552 	3523
f 3560 	3527 	3528
f 3560 	3528 	3561
f 3529 	3496 	3521
f 3531 	3527 	3530
f 3560 	3530 	3527
f 3246 	3224 	3566
f 3224 	3218 	2338
f 3218 	3196 	2338
f 3529 	3521 	713
f 3522 	3528 	3527
f 3499 	3862 	3507
f 3507 	3527 	3531
f 3874 	3537 	3520
f 3532 	3529 	713
f 3566 	3536 	3546
f 3533 	3546 	3536
f 3539 	3541 	3537
f 3161 	3198 	3540
f 3538 	3540 	3370
f 3535 	3534 	3533
f 3535 	3533 	3536
f 3749 	3538 	3370
f 3370 	3371 	3749
f 3545 	3539 	3537
f 3536 	3224 	2338
f 3595 	3593 	2338
f 3542 	3540 	3538
f 3526 	3520 	3537
f 3749 	3750 	3538
f 3317 	3557 	3314
f 3543 	3544 	3545
f 3317 	3314 	3952
f 3547 	3548 	3550
f 3549 	3546 	3603
f 3545 	3537 	3543
f 3308 	3273 	3551
f 3553 	3551 	3273
f 3526 	3558 	3520
f 3546 	3549 	3552
f 3546 	3552 	3566
f 3561 	3528 	3555
f 3528 	3522 	3555
f 3556 	3557 	3313
f 3524 	3562 	3552
f 3224 	3536 	3566
f 3961 	3557 	3556
f 3550 	3314 	3557
f 3554 	3520 	3558
f 3562 	3563 	3559
f 3961 	3550 	3557
f 3523 	3563 	3562
f 3523 	3562 	3524
f 3560 	3564 	3565
f 3547 	3957 	3548
f 1121 	1131 	3563
f 3561 	3555 	3560
f 3308 	3551 	1439
f 3972 	1439 	3551
f 3523 	1118 	3563
f 1121 	3563 	1118
f 3560 	3516 	3564
f 3518 	3564 	3516
f 3551 	3553 	3548
f 3548 	3968 	3551
f 3716 	3714 	3559
f 3559 	3714 	3566
f 3559 	3552 	3562
f 3566 	3552 	3559
f 3972 	4000 	1439
f 3537 	3541 	3567
f 3567 	3568 	3569
f 3581 	3582 	3570
f 3567 	3526 	3537
f 3558 	3526 	3567
f 3065 	3216 	3570
f 3581 	3570 	3216
f 3574 	3567 	3569
f 1127 	3571 	1131
f 3572 	3610 	3611
f 3575 	3544 	3573
f 3574 	3575 	3573
f 3543 	3573 	3544
f 3552 	3605 	3523
f 3523 	3571 	1127
f 3523 	1127 	1118
f 3578 	3576 	3579
f 3574 	3573 	3567
f 3533 	3586 	3546
f 4282 	4280 	3573
f 3211 	3578 	3579
f 3533 	3534 	3586
f 3589 	3586 	3534
f 3570 	3582 	3621
f 3583 	3594 	3584
f 3593 	3589 	3534
f 3593 	3534 	3535
f 3582 	3581 	3215
f 3216 	3215 	3581
f 3579 	3615 	3582
f 3549 	3604 	3552
f 3572 	3571 	3605
f 3571 	3523 	3605
f 3215 	3211 	3579
f 3215 	3579 	3582
f 3584 	3580 	3583
f 2346 	3595 	2338
f 3535 	3536 	3593
f 3578 	3209 	3576
f 3209 	3600 	3576
f 3585 	3583 	3609
f 3583 	3592 	3594
f 3583 	3585 	3587
f 3588 	3592 	3587
f 3583 	3587 	3592
f 3584 	3594 	3597
f 3592 	3588 	3596
f 3580 	3584 	3597
f 3589 	3593 	3586
f 3595 	3586 	3593
f 3597 	3594 	3592
f 3640 	3895 	3592
f 3536 	2338 	3593
f 3640 	3592 	3596
f 3599 	3600 	3598
f 3221 	3598 	3600
f 3603 	3546 	3586
f 3549 	3603 	3604
f 3607 	3583 	3887
f 3580 	3887 	3583
f 3598 	3591 	3599
f 3590 	3599 	3591
f 3605 	3552 	3604
f 3209 	3221 	3600
f 3577 	3576 	3600
f 3595 	3709 	3603
f 3595 	3603 	3586
f 3598 	3790 	3591
f 3603 	3709 	3605
f 3604 	3603 	3605
f 3452 	3468 	161
f 172 	161 	3468
f 3598 	7472 	1366
f 3572 	3605 	3610
f 2100 	2107 	3468
f 3794 	3600 	3599
f 2098 	3467 	3639
f 170 	3639 	3467
f 3602 	3608 	3607
f 3609 	3583 	3607
f 3737 	3559 	3610
f 3774 	3590 	3773
f 3591 	3773 	3590
f 3467 	2098 	2097
f 3467 	2097 	2099
f 2100 	3468 	2099
f 3559 	3563 	3610
f 3611 	3610 	3612
f 3611 	3612 	3571
f 3611 	3571 	3572
f 3606 	3637 	3601
f 3413 	2087 	3613
f 3608 	3641 	3607
f 3640 	3607 	3641
f 1131 	3612 	3563
f 3612 	3610 	3563
f 3615 	3579 	3576
f 3576 	3778 	3615
f 3607 	3640 	3617
f 3609 	3607 	3617
f 3616 	3617 	3640
f 3618 	31 	175
f 3600 	3794 	3577
f 2616 	738 	2619
f 741 	2619 	738
f 1035 	2619 	741
f 3608 	3602 	3641
f 2620 	2619 	1035
f 2620 	1035 	1036
f 3601 	3897 	3622
f 3261 	3223 	3615
f 3261 	3615 	3780
f 1036 	742 	2620
f 742 	740 	2620
f 3615 	3621 	3582
f 176 	3613 	3441
f 2622 	2623 	1037
f 3621 	3228 	3782
f 176 	3614 	3613
f 3618 	175 	3619
f 173 	3619 	175
f 1037 	746 	2622
f 745 	2626 	746
f 1039 	2626 	745
f 3624 	3626 	3622
f 30 	3423 	173
f 2623 	1038 	1037
f 3622 	3897 	3620
f 3606 	3601 	3622
f 2102 	2092 	3613
f 3441 	3613 	2092
f 3624 	3622 	3620
f 3624 	3620 	3623
f 2251 	3632 	147
f 2623 	2630 	747
f 1038 	2623 	747
f 2101 	3613 	2087
f 2102 	3613 	2101
f 150 	3636 	148
f 197 	180 	3625
f 2622 	746 	2626
f 3627 	3784 	3626
f 172 	3628 	180
f 3625 	180 	3628
f 1040 	748 	2630
f 748 	747 	2630
f 4349 	4429 	3620
f 3632 	3643 	147
f 2630 	2626 	1040
f 1039 	1040 	2626
f 3620 	3783 	3630
f 3623 	3620 	3630
f 3629 	3630 	3783
f 807 	150 	148
f 2254 	3644 	150
f 3601 	3637 	3631
f 3766 	3633 	3634
f 1041 	752 	2635
f 751 	2645 	752
f 3766 	3634 	181
f 2635 	2639 	1042
f 2635 	1042 	1041
f 2250 	148 	3636
f 181 	3634 	3633
f 181 	3633 	182
f 756 	755 	2653
f 2639 	2653 	755
f 1042 	2639 	755
f 3606 	3622 	3637
f 1043 	2645 	751
f 2635 	752 	2645
f 3638 	3639 	197
f 197 	3639 	170
f 3636 	5796 	3632
f 3632 	2251 	3636
f 2250 	3636 	2251
f 3638 	197 	3625
f 1043 	1044 	2645
f 2653 	2645 	1044
f 3616 	3640 	3642
f 3638 	3625 	3639
f 3628 	3639 	3625
f 4078 	2966 	3636
f 756 	2653 	1044
f 3602 	3635 	3641
f 2105 	2098 	3639
f 149 	147 	3643
f 2253 	149 	3643
f 3632 	3481 	3643
f 150 	3644 	3636
f 2899 	5798 	3643
f 2253 	3643 	3644
f 2253 	3644 	2254
f 3488 	2899 	3643
f 3644 	3643 	5798
f 2255 	3650 	151
f 3649 	2905 	3657
f 3645 	3646 	3648
f 3647 	3645 	3648
f 3659 	3650 	3657
f 3649 	3657 	3650
f 3645 	3651 	3646
f 3659 	151 	3650
f 3651 	3645 	3654
f 3652 	3647 	3648
f 3652 	3648 	3653
f 2905 	3649 	3650
f 2255 	2259 	3650
f 5807 	2905 	3650
f 3653 	3651 	3654
f 151 	3659 	310
f 3654 	3656 	3653
f 3656 	3655 	3653
f 2905 	2911 	3657
f 3658 	3645 	3647
f 2257 	310 	3659
f 3660 	2291 	3658
f 3657 	2911 	3659
f 2911 	5820 	3659
f 3659 	5820 	3687
f 3653 	3655 	3652
f 3663 	3652 	3655
f 3662 	3660 	3658
f 3687 	3667 	311
f 821 	318 	311
f 3680 	3665 	3663
f 3661 	3652 	3663
f 3667 	3687 	3664
f 2259 	311 	3667
f 3664 	2912 	3667
f 2912 	5807 	3667
f 2259 	3667 	3650
f 3666 	3674 	2913
f 5807 	3650 	3667
f 3654 	3645 	3668
f 3674 	3696 	312
f 3668 	3645 	3672
f 3656 	3670 	3669
f 3656 	3669 	3655
f 3672 	3645 	3671
f 312 	2261 	3674
f 3669 	3670 	3678
f 3672 	3678 	3670
f 3670 	3668 	3672
f 320 	3698 	313
f 3676 	3678 	3673
f 3678 	3675 	3673
f 3673 	3675 	3690
f 3677 	3698 	4182
f 3678 	3676 	3669
f 3679 	3669 	3676
f 2262 	313 	3677
f 3679 	3680 	3663
f 3745 	3680 	3683
f 3677 	5821 	3674
f 3665 	3662 	3661
f 3661 	3663 	3665
f 3674 	2261 	3677
f 2262 	3677 	2261
f 3673 	3689 	3681
f 3687 	311 	318
f 2264 	3687 	318
f 3676 	3682 	3679
f 2257 	3659 	3687
f 3747 	3745 	3683
f 3684 	2927 	3664
f 2913 	2928 	3666
f 3666 	2928 	3686
f 3679 	3682 	3683
f 3685 	3683 	3681
f 3681 	3683 	3682
f 3687 	3684 	3664
f 3690 	3675 	3671
f 3688 	3690 	3671
f 3671 	3645 	3688
f 3696 	3666 	3686
f 2927 	3684 	3687
f 3690 	3689 	3673
f 3688 	3645 	3691
f 5820 	6071 	2928
f 2264 	2257 	3687
f 3645 	3787 	3691
f 3690 	3693 	3689
f 3692 	3689 	3693
f 3689 	3694 	3681
f 3694 	3697 	3699
f 2267 	3698 	320
f 3674 	3666 	3696
f 3685 	3681 	3695
f 3681 	3694 	3695
f 319 	312 	3696
f 2266 	319 	3696
f 3677 	313 	3698
f 3695 	3694 	3699
f 3696 	2928 	3698
f 3686 	2928 	3696
f 3698 	2267 	3696
f 2266 	3696 	2267
f 3787 	3789 	3693
f 3789 	3788 	3692
f 3693 	3691 	3787
f 3697 	3692 	3788
f 3699 	3697 	981
f 3705 	321 	2268
f 3700 	2291 	3660
f 3705 	2268 	2270
f 3701 	2291 	3700
f 3358 	3363 	3703
f 3658 	3661 	3662
f 3702 	3662 	3707
f 3704 	3701 	3700
f 323 	321 	3705
f 3745 	3708 	3707
f 3707 	3708 	3702
f 3707 	3662 	3665
f 2535 	3358 	2929
f 3703 	2929 	3358
f 2270 	3711 	3705
f 3711 	5984 	3705
f 3706 	3705 	2930
f 1131 	3571 	3612
f 3610 	3605 	3709
f 324 	3711 	322
f 3713 	3719 	3710
f 2270 	322 	3711
f 1142 	3710 	1137
f 3711 	3712 	2932
f 3737 	3714 	3716
f 2272 	323 	3721
f 3717 	3715 	3917
f 3721 	3723 	2272
f 2273 	2272 	3723
f 3716 	3559 	3737
f 3718 	3703 	3363
f 3717 	3917 	3719
f 2935 	3703 	3718
f 3734 	3710 	3920
f 3720 	3721 	3705
f 3720 	3705 	3706
f 3722 	3566 	3715
f 3714 	3715 	3566
f 323 	3705 	3721
f 2930 	2936 	3706
f 3720 	3706 	2936
f 3715 	3717 	3719
f 3715 	3719 	3722
f 3363 	2935 	3718
f 3713 	3726 	3719
f 3720 	2936 	3721
f 3723 	3721 	2936
f 3566 	3722 	3303
f 3711 	324 	3723
f 322 	842 	324
f 2273 	3723 	324
f 3710 	1142 	3724
f 3723 	3725 	3712
f 3723 	3712 	3711
f 3713 	3710 	3724
f 3713 	3724 	3726
f 3712 	3725 	2938
f 2936 	2938 	3723
f 3931 	3728 	3724
f 3725 	3723 	2938
f 3728 	3931 	3729
f 3730 	325 	2275
f 3726 	3724 	3728
f 341 	325 	3730
f 4982 	3722 	3727
f 3729 	3727 	3728
f 3727 	3722 	3728
f 3732 	2942 	4058
f 3722 	3719 	3728
f 3726 	3728 	3719
f 3428 	3470 	3731
f 3732 	4058 	3730
f 3730 	2275 	2277
f 3719 	3920 	3710
f 3426 	3428 	2940
f 3731 	2940 	3428
f 2942 	3732 	3730
f 3734 	1147 	3710
f 1137 	3710 	1147
f 343 	3738 	326
f 1147 	3734 	1151
f 3736 	3715 	3735
f 3714 	3735 	3715
f 2277 	326 	3738
f 3708 	3704 	3702
f 3740 	2291 	3701
f 3645 	3658 	2291
f 3738 	3730 	2277
f 2291 	3740 	3741
f 3738 	3739 	2943
f 3700 	3702 	3704
f 3704 	3742 	3741
f 3743 	328 	2278
f 3757 	2291 	3742
f 3742 	3704 	3708
f 2291 	3741 	3742
f 3679 	3683 	3680
f 332 	328 	3743
f 3744 	3743 	2945
f 3745 	3746 	3708
f 2278 	3938 	3743
f 3746 	3745 	3747
f 3685 	3763 	3748
f 3748 	3755 	3747
f 3542 	3538 	3750
f 3753 	3754 	3752
f 3540 	3752 	3754
f 3754 	686 	3540
f 3848 	3761 	3752
f 3746 	3747 	3755
f 3760 	3746 	3755
f 3751 	3755 	3748
f 3542 	3756 	3540
f 3752 	3540 	3756
f 3746 	3760 	3757
f 3756 	3762 	3752
f 3758 	3840 	3753
f 3754 	3753 	3840
f 3751 	3765 	3759
f 2291 	3757 	3760
f 3753 	3752 	3761
f 2291 	3760 	3759
f 3848 	3752 	3762
f 3382 	3429 	3762
f 3695 	3763 	3685
f 3223 	3228 	3615
f 3621 	3615 	3228
f 3628 	2104 	3639
f 2997 	1310 	1314
f 3633 	3766 	3767
f 1317 	2998 	1315
f 3748 	3763 	3765
f 3748 	3765 	3751
f 208 	204 	3767
f 208 	3767 	3766
f 181 	208 	3766
f 1319 	2998 	1317
f 3570 	3621 	3769
f 3770 	3765 	3768
f 204 	182 	3767
f 3633 	3767 	182
f 2997 	2999 	1318
f 3763 	3768 	3765
f 3769 	3782 	3256
f 2998 	2996 	1315
f 3772 	2291 	3759
f 3772 	3759 	3765
f 3259 	3277 	3771
f 2105 	3639 	2104
f 2107 	2106 	3628
f 2106 	2104 	3628
f 3775 	2291 	3772
f 2997 	1314 	2996
f 2107 	3628 	3468
f 172 	3468 	3628
f 3795 	3590 	3774
f 3776 	3792 	3777
f 3577 	3779 	3576
f 3778 	3576 	3779
f 3777 	3792 	214
f 3780 	3615 	3778
f 3770 	3570 	3775
f 3577 	3794 	3779
f 3641 	3635 	3640
f 3596 	3642 	3640
f 3777 	214 	3776
f 214 	212 	3776
f 3769 	3621 	3782
f 3782 	3228 	3264
f 3622 	3784 	3637
f 3781 	3786 	215
f 1529 	726 	1373
f 3004 	3000 	1328
f 3776 	2057 	2113
f 3795 	3774 	3773
f 3776 	2113 	2112
f 3003 	1326 	1325
f 3779 	3794 	3778
f 3692 	3693 	3789
f 1314 	1315 	2996
f 3780 	3778 	3261
f 3786 	3803 	2114
f 2115 	3786 	2114
f 1323 	1318 	2999
f 3788 	981 	3697
f 3256 	3782 	3264
f 1323 	2999 	2998
f 1323 	2998 	1319
f 3809 	220 	3786
f 3788 	3789 	625
f 3629 	3783 	3785
f 3786 	2115 	3809
f 3821 	3270 	3790
f 3776 	3791 	3792
f 3793 	3784 	3627
f 3622 	3626 	3784
f 3270 	3794 	3790
f 3794 	3795 	3790
f 2112 	2118 	3791
f 3776 	2112 	3791
f 3783 	3903 	3784
f 3637 	3784 	3631
f 3599 	3795 	3794
f 214 	3792 	224
f 3784 	3793 	3785
f 3784 	3785 	3783
f 3796 	3803 	3781
f 3599 	3590 	3795
f 222 	3796 	3781
f 222 	3781 	215
f 3792 	3791 	224
f 224 	3791 	3311
f 3795 	3773 	3790
f 3311 	3791 	2119
f 3270 	3778 	3794
f 3800 	3801 	3799
f 3773 	3591 	3790
f 2119 	3791 	2118
f 3802 	3799 	3836
f 3786 	3781 	3803
f 3797 	3802 	3836
f 3803 	2121 	2120
f 2120 	2114 	3803
f 222 	243 	3803
f 222 	3803 	3796
f 3799 	3802 	3797
f 3419 	3798 	3806
f 3799 	3812 	3834
f 3801 	3812 	3799
f 3810 	234 	3809
f 234 	220 	3809
f 3836 	3799 	3834
f 3314 	3272 	3805
f 3829 	3813 	3815
f 3806 	3838 	3454
f 3815 	239 	3829
f 247 	3829 	239
f 3277 	3952 	3814
f 3798 	3828 	3806
f 3838 	3806 	3828
f 3805 	3272 	3804
f 3272 	3271 	3804
f 239 	3815 	3813
f 239 	3813 	236
f 3809 	2115 	2123
f 3809 	2123 	2122
f 3814 	3771 	3277
f 3820 	3817 	3819
f 3809 	3825 	3810
f 3809 	2122 	3825
f 3816 	3818 	3817
f 3817 	3820 	3800
f 3800 	3799 	3817
f 3822 	3823 	3821
f 3280 	3821 	3823
f 3829 	3830 	3813
f 3969 	3823 	3822
f 3852 	3851 	3818
f 3824 	3819 	3817
f 236 	3813 	3830
f 3818 	3816 	3852
f 3825 	3826 	3810
f 3821 	3811 	3822
f 3807 	3822 	3811
f 3836 	3827 	3797
f 3280 	3823 	3804
f 3808 	3804 	3823
f 3810 	3826 	243
f 234 	3810 	243
f 3826 	3825 	243
f 243 	3825 	3803
f 2121 	3803 	3825
f 3848 	3454 	3828
f 3790 	3598 	1366
f 3830 	3829 	247
f 3830 	247 	246
f 3962 	3556 	3833
f 246 	236 	3830
f 3771 	3961 	3833
f 3814 	3952 	3771
f 2125 	2121 	3825
f 3834 	3812 	3835
f 5587 	2124 	2122
f 2124 	2125 	3825
f 3957 	3837 	3804
f 3805 	3804 	3837
f 3758 	3753 	3764
f 3761 	3764 	3753
f 679 	2975 	3073
f 3853 	3851 	3835
f 3834 	3835 	3851
f 3827 	3836 	3834
f 3851 	3906 	3834
f 3840 	3839 	3754
f 3840 	3845 	3839
f 3828 	3454 	3838
f 3843 	3839 	3845
f 3832 	3864 	3846
f 3841 	3905 	3858
f 3850 	3858 	3905
f 3844 	3831 	3841
f 3905 	3841 	3831
f 3832 	3846 	3463
f 3430 	3432 	3761
f 3848 	3906 	3905
f 3848 	3905 	3761
f 3854 	3874 	3843
f 3817 	3818 	3851
f 3472 	3471 	3843
f 3817 	3851 	3824
f 3853 	3824 	3851
f 3816 	3849 	3852
f 3852 	3849 	3851
f 3857 	3867 	3855
f 3858 	3876 	3859
f 3875 	3882 	3850
f 3754 	3839 	3855
f 3856 	3855 	3839
f 3855 	686 	3754
f 3856 	3839 	3843
f 3859 	3842 	3858
f 3842 	3841 	3858
f 3860 	3858 	3850
f 689 	709 	3150
f 3831 	3871 	3861
f 3856 	3862 	3863
f 3856 	3863 	3857
f 3872 	3846 	3864
f 3843 	3862 	3856
f 3150 	3540 	686
f 3854 	3490 	3864
f 3842 	3866 	3841
f 3841 	3866 	3869
f 3831 	3844 	3871
f 3856 	3857 	3855
f 3865 	3855 	3867
f 3871 	3844 	3841
f 686 	689 	3150
f 3490 	3463 	3846
f 3841 	3869 	3868
f 3868 	3869 	3870
f 3865 	3867 	3873
f 3873 	3513 	3555
f 3841 	3868 	3871
f 3520 	3522 	3874
f 3490 	3846 	3872
f 3870 	3878 	3868
f 3862 	3843 	3874
f 3921 	3874 	3854
f 3861 	3871 	3868
f 3882 	3860 	3850
f 3854 	3861 	3875
f 3865 	3873 	3555
f 3877 	3876 	3858
f 3858 	3860 	3877
f 3882 	3877 	3860
f 3567 	3573 	3554
f 3878 	3879 	3877
f 3877 	3879 	3876
f 3881 	3891 	3880
f 3877 	3875 	3868
f 3878 	3877 	3868
f 3877 	3882 	3875
f 3865 	3880 	3855
f 687 	3855 	3880
f 3855 	687 	686
f 3885 	3886 	3884
f 3880 	3887 	3888
f 3880 	3888 	3881
f 3887 	3880 	3865
f 687 	3880 	3891
f 3890 	3891 	3881
f 3884 	3883 	3896
f 3889 	3883 	3884
f 4206 	3896 	3883
f 687 	3891 	688
f 3884 	3892 	3910
f 3886 	3892 	3884
f 3889 	3884 	3910
f 3889 	3910 	3912
f 3908 	3883 	3912
f 3894 	3597 	3895
f 3895 	3891 	3894
f 3890 	3894 	3891
f 3895 	688 	3891
f 3887 	3897 	3601
f 3902 	3899 	3901
f 3895 	3631 	3903
f 3903 	688 	3895
f 3847 	3378 	3904
f 3799 	3797 	3904
f 3896 	3900 	3899
f 3899 	3902 	3885
f 3532 	4206 	3494
f 4728 	4734 	3924
f 3848 	3828 	3906
f 3928 	3927 	3900
f 3907 	3901 	3899
f 3900 	3896 	3919
f 3864 	3861 	3854
f 3889 	3912 	3883
f 3904 	3494 	4206
f 3910 	3892 	3911
f 3913 	3905 	3906
f 3911 	3929 	3910
f 3929 	3927 	3910
f 3912 	3910 	3908
f 3849 	3908 	3906
f 3919 	4211 	3908
f 3913 	4115 	3914
f 3714 	3737 	3735
f 3916 	3909 	3914
f 3913 	3914 	3909
f 3917 	3715 	3736
f 3893 	3924 	3918
f 3917 	3920 	3719
f 3733 	3734 	3920
f 3908 	3910 	3919
f 3709 	3736 	3735
f 3709 	3735 	3610
f 3610 	3735 	3737
f 4231 	4302 	3921
f 4130 	4119 	3923
f 3917 	3736 	3920
f 4209 	4736 	3922
f 3923 	4115 	3913
f 3898 	3924 	3893
f 3925 	3931 	3926
f 3724 	3926 	3931
f 3899 	3900 	3927
f 3733 	3925 	3926
f 3733 	3926 	3734
f 3899 	3927 	3907
f 3929 	3907 	3927
f 3724 	1142 	1151
f 3724 	1151 	3926
f 1151 	3734 	3926
f 1325 	3000 	3003
f 1326 	3003 	1329
f 3729 	3931 	3932
f 3854 	4225 	3921
f 1329 	3003 	1332
f 4231 	3921 	4225
f 3932 	3930 	3729
f 3727 	3729 	3930
f 1335 	3004 	1338
f 1331 	3004 	1335
f 1803 	4532 	2363
f 1803 	2363 	1802
f 3005 	3004 	1331
f 3736 	3709 	3930
f 3931 	3920 	3930
f 4319 	4228 	4292
f 3940 	3934 	3933
f 1325 	1328 	3000
f 1328 	1338 	3004
f 3932 	3931 	3930
f 5009 	3930 	3709
f 3736 	3930 	3920
f 3934 	260 	3933
f 3003 	3005 	1332
f 1331 	1332 	3005
f 3940 	3933 	255
f 3940 	3941 	3934
f 3645 	1373 	3787
f 3008 	1342 	3009
f 3934 	3941 	260
f 478 	476 	1373
f 3011 	3009 	1345
f 1344 	1345 	3009
f 4331 	4328 	4228
f 476 	3787 	1373
f 3897 	3936 	4342
f 622 	3788 	625
f 3897 	3887 	3865
f 3865 	4228 	3897
f 1347 	1350 	3010
f 1350 	1341 	3010
f 255 	3933 	260
f 629 	631 	961
f 4235 	4442 	3936
f 3010 	3011 	1352
f 3010 	1352 	1347
f 3935 	3953 	261
f 478 	631 	625
f 476 	478 	625
f 622 	625 	631
f 622 	631 	629
f 622 	629 	1307
f 3936 	3897 	4228
f 4417 	4415 	3903
f 726 	478 	1373
f 1818 	1355 	3019
f 1356 	3013 	1355
f 4203 	692 	3937
f 3937 	692 	3903
f 3013 	1356 	3014
f 3938 	330 	334
f 2280 	330 	3938
f 960 	961 	1535
f 726 	1535 	961
f 261 	267 	3935
f 3938 	4031 	3939
f 255 	265 	3940
f 629 	961 	960
f 1811 	3014 	1356
f 1811 	1812 	3014
f 997 	981 	1330
f 3019 	1355 	3013
f 260 	3941 	268
f 3768 	3699 	997
f 3943 	3970 	3935
f 1817 	1818 	3019
f 3943 	3935 	267
f 981 	997 	3699
f 3939 	2947 	3938
f 2947 	3743 	3938
f 3019 	1822 	1817
f 268 	3941 	3940
f 268 	3940 	265
f 981 	1305 	1330
f 3938 	2278 	2280
f 1824 	3018 	1812
f 267 	3970 	3943
f 3942 	4674 	2948
f 1822 	3019 	3018
f 1333 	1305 	1307
f 1307 	1305 	622
f 3014 	1812 	3018
f 1305 	1333 	1330
f 280 	3945 	274
f 1926 	3021 	1930
f 3946 	3947 	3743
f 3946 	3743 	3744
f 3951 	3944 	3948
f 332 	3743 	3947
f 2282 	332 	3947
f 960 	2042 	1357
f 2945 	2951 	3744
f 3946 	3744 	2951
f 3948 	3944 	273
f 3948 	273 	270
f 1307 	1357 	1333
f 2042 	1404 	1357
f 1934 	3021 	1926
f 3946 	2951 	3947
f 2951 	6026 	3947
f 3945 	3973 	274
f 3021 	3025 	1930
f 2282 	3947 	2283
f 3951 	3948 	278
f 270 	278 	3948
f 1333 	1357 	1404
f 3949 	281 	3944
f 273 	3944 	281
f 3969 	3822 	3807
f 280 	3950 	3945
f 3944 	3951 	3949
f 1937 	3026 	1936
f 3808 	3823 	3960
f 3920 	3931 	3925
f 3925 	3733 	3920
f 3023 	3021 	1934
f 1934 	1936 	3023
f 3026 	3023 	1936
f 3804 	3808 	3960
f 3804 	3960 	3957
f 281 	3949 	3951
f 281 	3951 	278
f 1940 	1929 	3025
f 1929 	1930 	3025
f 3837 	3314 	3805
f 3595 	5161 	3709
f 3961 	3771 	3952
f 3955 	4046 	3954
f 3277 	3317 	3952
f 3961 	3952 	3837
f 2130 	2129 	3956
f 3952 	3314 	3837
f 3956 	261 	3953
f 261 	286 	255
f 3821 	3790 	1366
f 2130 	3956 	3953
f 3963 	286 	3956
f 3958 	3959 	3957
f 3837 	3957 	3959
f 3953 	2133 	2128
f 3953 	2128 	2131
f 3953 	2131 	2130
f 3547 	3550 	3959
f 3547 	3959 	3958
f 3953 	3970 	2133
f 3962 	3833 	3961
f 2129 	2132 	3956
f 3556 	3962 	3961
f 3956 	3971 	3963
f 3837 	3959 	3961
f 3550 	3961 	3959
f 3958 	3957 	3547
f 261 	3956 	286
f 3313 	3833 	3556
f 287 	3965 	3964
f 2162 	4011 	3964
f 287 	3964 	285
f 3969 	3807 	3966
f 3964 	2136 	2162
f 3811 	3967 	3807
f 3966 	3807 	3967
f 2135 	3964 	2134
f 2136 	3964 	2135
f 3968 	3823 	3969
f 3953 	3935 	3970
f 3956 	2132 	3971
f 3960 	3823 	3968
f 3972 	3967 	3821
f 3971 	3970 	298
f 267 	298 	3970
f 3811 	3821 	3967
f 3970 	3971 	2139
f 3969 	3972 	3968
f 3972 	3551 	3968
f 3967 	3972 	3969
f 3967 	3969 	3966
f 3548 	3957 	3968
f 3960 	3968 	3957
f 3945 	3996 	3973
f 3974 	271 	3973
f 2140 	3974 	3973
f 3972 	3821 	1366
f 271 	274 	3973
f 2067 	2086 	3975
f 3970 	2138 	2133
f 2139 	3971 	2132
f 3976 	3977 	3978
f 2139 	2138 	3970
f 2141 	3973 	2145
f 3985 	4008 	3979
f 2074 	2073 	3977
f 3978 	3977 	2073
f 3973 	2141 	2140
f 3982 	3963 	3971
f 3982 	298 	3963
f 286 	3963 	298
f 2086 	2085 	3981
f 2086 	3981 	3980
f 3964 	3965 	3984
f 3983 	3984 	3965
f 3984 	2134 	3964
f 2085 	2074 	3977
f 2085 	3977 	3981
f 3965 	287 	3983
f 297 	3983 	287
f 2073 	2072 	3978
f 3978 	2072 	3976
f 3988 	3985 	3976
f 3982 	3971 	298
f 3983 	297 	3984
f 297 	295 	3984
f 295 	4204 	3984
f 3980 	3975 	2086
f 300 	3987 	4005
f 3979 	3976 	3985
f 3995 	3985 	3988
f 3974 	4005 	3987
f 3989 	4002 	3986
f 3974 	3987 	300
f 301 	3989 	3986
f 3984 	2142 	2134
f 3992 	3993 	3991
f 2166 	2142 	3984
f 3994 	3991 	4020
f 2143 	3986 	2157
f 3986 	4002 	2157
f 3994 	4020 	3995
f 3986 	2143 	4212
f 2150 	2149 	3996
f 3945 	3950 	3996
f 3999 	3990 	3997
f 3990 	4016 	3997
f 3998 	4005 	3974
f 3993 	3997 	4023
f 4016 	4023 	3997
f 304 	3998 	3996
f 2150 	3996 	3998
f 3950 	280 	3996
f 304 	3996 	280
f 304 	307 	3998
f 4000 	4025 	3991
f 3996 	2145 	3973
f 3991 	3995 	4000
f 3994 	3995 	3991
f 3988 	4000 	3995
f 3974 	2140 	2146
f 2150 	3998 	2147
f 2145 	3996 	2149
f 4009 	2168 	4001
f 3974 	2148 	3998
f 2147 	3998 	2148
f 3980 	3981 	3975
f 3975 	3981 	4001
f 4006 	3977 	4003
f 4004 	4006 	4003
f 3976 	4003 	3977
f 300 	4005 	307
f 3976 	3979 	4008
f 3976 	4008 	4003
f 3989 	301 	4007
f 306 	4007 	301
f 4002 	3989 	4007
f 306 	4240 	4002
f 4007 	306 	4002
f 2144 	4001 	2168
f 4010 	4001 	3981
f 4009 	4001 	4010
f 4002 	2154 	2152
f 2157 	4002 	2152
f 2168 	4009 	4010
f 3981 	3977 	4006
f 3981 	4006 	4010
f 4011 	4205 	4012
f 4012 	4205 	535
f 4012 	535 	309
f 285 	3964 	4011
f 4011 	4012 	309
f 2162 	2161 	4011
f 2159 	4011 	2161
f 4008 	4013 	4003
f 2151 	4003 	4013
f 3985 	4013 	4008
f 3995 	4013 	3985
f 533 	4015 	4014
f 533 	4014 	532
f 4022 	4023 	4016
f 4018 	4320 	4017
f 3991 	3993 	4017
f 4018 	4017 	4019
f 4020 	3991 	4017
f 4344 	4021 	4017
f 4020 	4017 	4021
f 4020 	4021 	3995
f 4021 	4344 	2151
f 4021 	2151 	4013
f 3995 	4021 	4013
f 4019 	4322 	4018
f 4016 	4329 	4022
f 4022 	4329 	4023
f 4019 	3993 	4023
f 4019 	4017 	3993
f 4023 	4322 	4019
f 2151 	4344 	3024
f 3024 	4344 	4381
f 3999 	4218 	3990
f 4025 	4026 	4027
f 4310 	4323 	4028
f 3955 	3954 	4051
f 3025 	3026 	1940
f 1155 	4051 	3954
f 2283 	4029 	334
f 1947 	3028 	1946
f 3027 	1946 	3028
f 3027 	3030 	1952
f 4062 	4059 	4030
f 2794 	4030 	4057
f 4046 	4062 	4030
f 4031 	3938 	4029
f 3938 	334 	4029
f 3032 	3028 	1956
f 4032 	4675 	3942
f 1947 	1956 	3028
f 4032 	3942 	2953
f 1961 	1951 	3030
f 1951 	1952 	3030
f 2283 	3947 	4029
f 1961 	3030 	3032
f 4675 	4032 	2953
f 1535 	726 	1529
f 4034 	336 	2285
f 1534 	1535 	1955
f 1887 	4038 	4043
f 4033 	4038 	1887
f 4168 	4049 	1887
f 2042 	960 	1534
f 1535 	1534 	960
f 4114 	336 	4034
f 4033 	1887 	4035
f 1529 	1373 	1948
f 4114 	4034 	4036
f 4034 	2285 	2287
f 4035 	1887 	4037
f 2958 	4036 	4034
f 1955 	1953 	1534
f 355 	4041 	339
f 4035 	4040 	4039
f 2287 	339 	4041
f 4037 	4040 	4035
f 4061 	4048 	4040
f 4041 	4122 	4042
f 4038 	4045 	4043
f 4046 	4081 	4072
f 4041 	4034 	2287
f 4038 	4039 	4045
f 4048 	4045 	4039
f 4039 	4040 	4048
f 4047 	4046 	4030
f 3955 	4050 	4046
f 2960 	4044 	4678
f 4037 	1887 	4049
f 4090 	4099 	4051
f 4052 	4056 	4049
f 4051 	4050 	3955
f 4049 	4168 	4052
f 1159 	1171 	4051
f 4049 	4056 	4053
f 341 	3730 	4054
f 2288 	341 	4054
f 1159 	4051 	1155
f 4055 	2961 	3731
f 4061 	4053 	4056
f 2942 	2962 	4058
f 4060 	4057 	4059
f 4055 	3731 	3470
f 4059 	4097 	4060
f 4058 	4054 	3730
f 4040 	4053 	4061
f 4050 	4051 	4062
f 4099 	4062 	4051
f 4058 	2962 	4054
f 4099 	4064 	4062
f 4055 	3470 	2961
f 3469 	5792 	3470
f 4061 	4056 	4063
f 6032 	4054 	2962
f 2964 	4066 	6032
f 4054 	6032 	4066
f 2288 	4054 	4066
f 2289 	2288 	4066
f 4043 	4067 	1887
f 4073 	1887 	4076
f 4102 	1887 	4073
f 4060 	4097 	4065
f 3738 	343 	4066
f 326 	865 	343
f 2289 	4066 	343
f 4050 	4062 	4046
f 4070 	4075 	4068
f 4076 	1887 	4067
f 4062 	4064 	4059
f 4057 	4030 	4059
f 4069 	2964 	3739
f 4045 	4048 	4068
f 4065 	4243 	4060
f 3738 	4066 	3739
f 4069 	3739 	4066
f 3954 	4046 	4072
f 2964 	4069 	4066
f 4048 	4070 	4068
f 1155 	3954 	4072
f 1155 	4072 	1165
f 4067 	4068 	4076
f 4083 	4094 	346
f 346 	345 	4083
f 4083 	345 	2292
f 4074 	4102 	4073
f 4083 	2292 	2295
f 4076 	4068 	4075
f 4070 	4079 	4075
f 4074 	4075 	4079
f 4030 	2794 	4077
f 3636 	3644 	4078
f 4080 	4081 	4046
f 4080 	4046 	4047
f 4078 	4091 	2966
f 4071 	4072 	4081
f 4079 	4082 	4074
f 4080 	4047 	4030
f 4080 	4030 	4077
f 4085 	4061 	4063
f 3056 	4086 	4077
f 4080 	4077 	4081
f 4077 	4086 	4081
f 5796 	3636 	2966
f 2295 	4109 	4083
f 2967 	4083 	6037
f 4176 	4095 	4087
f 4063 	4087 	4085
f 3056 	4153 	4086
f 4084 	4083 	2967
f 4070 	4085 	4079
f 4089 	4079 	4085
f 4091 	4078 	3644
f 4072 	4071 	4090
f 4088 	4090 	4071
f 4091 	3644 	2970
f 4092 	4089 	4095
f 4089 	4085 	4095
f 4090 	4051 	1171
f 4090 	1171 	4072
f 1165 	4072 	1171
f 2290 	346 	4094
f 4180 	4144 	4093
f 4096 	4094 	4084
f 4083 	4084 	4094
f 4059 	4098 	4097
f 4095 	4093 	4092
f 4085 	4087 	4095
f 4094 	2972 	6043
f 4099 	4090 	4088
f 2972 	4094 	4096
f 4064 	4099 	4101
f 4082 	4104 	4100
f 4082 	4100 	4074
f 4102 	4074 	4100
f 4101 	4098 	4064
f 4059 	4064 	4098
f 4096 	4084 	2972
f 2967 	2972 	4084
f 4102 	4107 	1887
f 4092 	4104 	4082
f 4103 	4065 	4097
f 350 	349 	4108
f 2293 	4108 	349
f 4106 	4100 	4104
f 4097 	4098 	4105
f 4086 	4105 	4098
f 4086 	4098 	4099
f 4088 	4071 	4099
f 4086 	4099 	4081
f 4071 	4081 	4099
f 4108 	4109 	350
f 2295 	350 	4109
f 4104 	4112 	4106
f 4108 	4110 	4111
f 4108 	4111 	4109
f 4101 	4099 	4098
f 4250 	4103 	4097
f 2290 	4094 	4108
f 2290 	4108 	2293
f 4111 	4110 	2979
f 3928 	3900 	3919
f 4092 	4113 	4104
f 6037 	4083 	4109
f 2067 	1404 	2042
f 6037 	4109 	2979
f 4111 	2979 	4109
f 3927 	3919 	3910
f 3928 	3919 	3927
f 2103 	2144 	2042
f 336 	4114 	353
f 2296 	353 	4114
f 2067 	2042 	2144
f 2103 	2819 	2144
f 2958 	2981 	4036
f 4036 	2981 	4117
f 4114 	4036 	4117
f 1948 	1373 	2177
f 4114 	4117 	2981
f 2221 	1955 	2177
f 1948 	2177 	1955
f 4115 	4116 	3915
f 3915 	3914 	4115
f 1955 	2221 	2218
f 2218 	1953 	1955
f 2298 	4120 	355
f 339 	861 	355
f 4120 	4041 	355
f 2177 	1373 	2755
f 2959 	4042 	2983
f 2768 	1373 	2764
f 4136 	4130 	4125
f 2960 	2986 	4044
f 4044 	2986 	4123
f 2768 	2755 	1373
f 3915 	4124 	3914
f 3914 	4124 	4126
f 4120 	4122 	4041
f 2221 	2768 	2218
f 2764 	2218 	2768
f 1371 	3039 	1373
f 4128 	3909 	3916
f 4044 	4123 	4679
f 2103 	1953 	2819
f 2218 	2819 	1953
f 4128 	3916 	3914
f 2298 	4114 	4120
f 2981 	2983 	4114
f 2296 	4114 	2298
f 3914 	4126 	4125
f 4125 	4126 	4127
f 2983 	4122 	4120
f 3909 	4128 	4121
f 2986 	4679 	4123
f 3914 	4125 	4128
f 3012 	2144 	2819
f 4127 	4136 	4125
f 4131 	2303 	2300
f 4121 	4128 	4125
f 2300 	358 	4131
f 358 	357 	4132
f 4132 	357 	2301
f 2764 	1373 	3039
f 4132 	2301 	2305
f 3039 	3046 	3012
f 4131 	4132 	4133
f 4131 	4133 	4134
f 3012 	2819 	3039
f 4132 	4131 	358
f 1371 	4281 	3046
f 3039 	1371 	3046
f 3203 	4131 	4134
f 4116 	4115 	4135
f 4139 	3922 	4118
f 3770 	3768 	3049
f 997 	3049 	3768
f 4134 	4133 	3203
f 3204 	3203 	4133
f 4133 	4132 	3204
f 3770 	3049 	3065
f 2305 	4143 	4132
f 3259 	3256 	3231
f 4137 	4138 	4136
f 4115 	4136 	4138
f 4115 	4138 	4135
f 1333 	3233 	3231
f 1333 	3231 	1330
f 4129 	3922 	4139
f 4150 	4143 	362
f 362 	360 	4150
f 2303 	4150 	360
f 4119 	4130 	4140
f 3049 	3231 	3256
f 3049 	3256 	3065
f 4149 	3319 	4141
f 4119 	4140 	4136
f 4119 	4136 	4115
f 3259 	3231 	3233
f 3256 	3259 	3771
f 4137 	4136 	4127
f 1404 	2067 	3282
f 4143 	3319 	4132
f 4141 	3319 	4143
f 4092 	4093 	4113
f 3320 	4142 	4683
f 3990 	4024 	3833
f 4143 	4150 	4141
f 4149 	4141 	4150
f 3259 	3233 	3313
f 3233 	3282 	3313
f 4113 	4093 	4144
f 3065 	3570 	3770
f 2291 	3775 	3570
f 2305 	362 	4143
f 4113 	4144 	4145
f 4144 	4146 	4145
f 3769 	1371 	3570
f 4156 	4147 	4148
f 4131 	6061 	4150
f 4148 	4147 	4166
f 1175 	4166 	4147
f 4106 	4207 	4107
f 4146 	4233 	4145
f 4112 	4145 	4210
f 4112 	4208 	4106
f 4151 	4142 	3323
f 3320 	3323 	4142
f 4105 	4086 	4153
f 4152 	4168 	4154
f 4052 	4168 	4152
f 4142 	4151 	4683
f 2303 	4131 	4150
f 4156 	4269 	4266
f 4152 	4154 	4157
f 4158 	4155 	4271
f 2307 	4162 	2306
f 4158 	4271 	4156
f 4154 	4159 	4157
f 2306 	4162 	364
f 4153 	3077 	4155
f 3677 	4182 	4160
f 4160 	4182 	3324
f 4155 	4158 	4156
f 4155 	4156 	4153
f 4157 	4165 	4161
f 4161 	4063 	4157
f 4056 	4157 	4063
f 4185 	4162 	4163
f 4162 	4186 	364
f 4166 	4164 	4148
f 4157 	4159 	4165
f 3326 	3331 	4163
f 1180 	1212 	4166
f 4167 	4168 	4169
f 4154 	4168 	4167
f 4163 	4162 	3326
f 1180 	4166 	1175
f 2307 	4173 	4162
f 4168 	4170 	4169
f 4153 	6601 	4105
f 371 	4194 	366
f 2307 	366 	4173
f 4170 	4165 	4169
f 4159 	4169 	4165
f 4140 	4130 	4136
f 4164 	4166 	4174
f 4161 	4179 	4176
f 4178 	4172 	4701
f 4175 	3329 	4173
f 3329 	6065 	4173
f 4697 	4177 	4174
f 4165 	4179 	4161
f 4181 	4176 	4179
f 4181 	4184 	4180
f 4184 	4183 	4180
f 4156 	4174 	4153
f 6601 	4153 	4172
f 4178 	4256 	4172
f 4171 	4172 	4153
f 4176 	4181 	4095
f 4148 	4174 	4156
f 4164 	4174 	4148
f 4174 	4177 	4171
f 4171 	4153 	4174
f 3330 	3324 	4182
f 4162 	4185 	4186
f 3256 	3771 	3769
f 3771 	1371 	3769
f 4181 	4179 	4184
f 4179 	4187 	4184
f 4184 	4187 	4189
f 368 	364 	4186
f 2309 	368 	4186
f 4168 	4189 	4187
f 3313 	3990 	3833
f 4185 	4163 	3331
f 3833 	1371 	3771
f 4170 	4168 	4187
f 4188 	4189 	4168
f 4185 	3331 	4186
f 3331 	6071 	4186
f 4186 	6071 	4194
f 4191 	4243 	4190
f 4194 	2311 	2309
f 4193 	4144 	4180
f 366 	894 	371
f 2311 	4194 	371
f 3282 	2067 	3975
f 4180 	4196 	4193
f 4175 	4173 	4194
f 4175 	4194 	4195
f 4001 	4016 	3975
f 3282 	3975 	3990
f 4173 	366 	4194
f 4180 	4183 	4196
f 4183 	4188 	4196
f 3333 	4175 	4195
f 4484 	4392 	4198
f 4195 	4194 	3333
f 4193 	4198 	4197
f 2309 	4186 	4194
f 4198 	4202 	4484
f 4196 	4198 	4193
f 4168 	4484 	4202
f 4196 	4188 	4199
f 2313 	4200 	372
f 2165 	2235 	4014
f 4199 	4188 	4168
f 2164 	4014 	2163
f 2165 	4014 	2164
f 4202 	4199 	4168
f 4392 	4391 	4197
f 2235 	4756 	4014
f 688 	3903 	692
f 4011 	2159 	4204
f 4204 	4205 	4011
f 1887 	4107 	4207
f 4214 	2975 	4207
f 4216 	2975 	4214
f 535 	4204 	295
f 2166 	3984 	4204
f 713 	4206 	3532
f 4205 	4204 	535
f 4207 	4106 	4208
f 4209 	3913 	4211
f 3906 	4211 	3913
f 3906 	3908 	4211
f 626 	4213 	4242
f 4208 	4112 	4210
f 4212 	4242 	4213
f 4211 	4206 	693
f 713 	693 	4206
f 626 	299 	4212
f 299 	3986 	4212
f 4210 	4221 	4215
f 4210 	4215 	4208
f 4213 	626 	4212
f 3993 	3992 	4026
f 4027 	4026 	3992
f 2166 	4204 	2159
f 4214 	4215 	4217
f 4217 	4216 	4214
f 2174 	4212 	2167
f 4219 	4218 	3997
f 3999 	3997 	4218
f 4217 	4215 	4221
f 4212 	2143 	2167
f 3990 	3975 	4016
f 3990 	3313 	3282
f 4014 	4015 	4224
f 4223 	4224 	4015
f 4217 	4221 	4222
f 4224 	2163 	4014
f 2144 	3012 	4001
f 4277 	4001 	3012
f 4209 	4211 	693
f 4015 	533 	4223
f 628 	4223 	533
f 4191 	4190 	4220
f 4191 	4220 	4192
f 3875 	4121 	3854
f 4226 	2975 	4216
f 4227 	4358 	4226
f 4223 	628 	4224
f 628 	627 	4224
f 627 	4771 	4224
f 4217 	4229 	4227
f 1188 	1196 	4220
f 4235 	3936 	4228
f 4440 	2178 	4230
f 1188 	4220 	4190
f 1188 	4190 	1184
f 4222 	4229 	4217
f 4359 	4227 	4229
f 4232 	4440 	4230
f 4225 	4209 	693
f 2171 	2468 	4230
f 632 	4230 	630
f 4741 	4231 	4228
f 632 	4232 	4230
f 4210 	4145 	4233
f 4234 	4233 	4146
f 4224 	2169 	2163
f 4234 	4239 	4236
f 4234 	4236 	4233
f 4277 	4016 	4001
f 2465 	2169 	4224
f 4747 	4235 	4238
f 4228 	4231 	693
f 4231 	4225 	693
f 2171 	4230 	2178
f 4237 	4222 	4236
f 4221 	4236 	4222
f 4238 	692 	4203
f 4237 	4236 	4239
f 4238 	4235 	693
f 4212 	2173 	4240
f 693 	692 	4238
f 626 	4242 	633
f 4243 	4065 	4250
f 4240 	4242 	4212
f 4246 	4247 	4250
f 4250 	4190 	4243
f 4192 	4220 	4244
f 4060 	4243 	4057
f 4243 	4244 	4057
f 4243 	4191 	4244
f 4192 	4244 	4191
f 4190 	4250 	4247
f 4248 	4251 	4249
f 4249 	4247 	4246
f 4249 	4246 	4248
f 1184 	4190 	4247
f 1184 	4247 	1192
f 1196 	4249 	4220
f 4244 	4220 	4249
f 1192 	4247 	4249
f 1192 	4249 	1196
f 4065 	4103 	4250
f 4244 	4249 	4251
f 4097 	4105 	4250
f 4251 	4250 	4105
f 4105 	6594 	4251
f 4251 	4248 	4250
f 4246 	4250 	4248
f 4256 	4252 	4253
f 4825 	4258 	4255
f 4253 	4252 	4255
f 4253 	4255 	4254
f 2452 	2456 	2455
f 2452 	2455 	2453
f 1203 	1236 	4255
f 1203 	4255 	4252
f 1203 	4252 	1199
f 2459 	2458 	2590
f 4256 	4253 	4254
f 2462 	2461 	2581
f 4239 	4241 	4237
f 4245 	4237 	4257
f 4256 	4829 	4822
f 2581 	2580 	2462
f 4825 	4834 	4258
f 4254 	4255 	4258
f 2587 	2585 	2606
f 6601 	4256 	4258
f 4254 	4258 	4256
f 6601 	4172 	4256
f 4267 	3543 	4260
f 6611 	6609 	4258
f 2590 	2589 	2459
f 4262 	4263 	4261
f 4286 	4284 	4263
f 4265 	4261 	4288
f 4147 	4156 	4266
f 2599 	2594 	2597
f 2593 	2597 	2594
f 3543 	4267 	3573
f 3573 	4267 	4282
f 1175 	4147 	4266
f 1175 	4266 	1209
f 2606 	2605 	2587
f 4260 	4282 	4267
f 1209 	4266 	1212
f 2837 	2608 	2660
f 4268 	4155 	3265
f 3084 	3265 	4155
f 4261 	4265 	4259
f 2614 	2610 	2612
f 2614 	2612 	2615
f 3874 	4260 	3543
f 4264 	4266 	4269
f 4024 	1371 	3833
f 2843 	2840 	2621
f 2618 	2621 	2840
f 4261 	3921 	4272
f 4272 	4273 	4275
f 4016 	4285 	4274
f 4272 	4276 	4299
f 2627 	2625 	2628
f 2624 	2628 	2625
f 4274 	1371 	4024
f 4270 	4299 	4276
f 2634 	2641 	2636
f 2640 	2636 	2641
f 4275 	4262 	4272
f 4262 	4261 	4272
f 4270 	4276 	4272
f 4277 	4281 	4278
f 4016 	4277 	4278
f 4288 	4284 	4279
f 4265 	4288 	4259
f 4278 	4285 	4016
f 4280 	3865 	3554
f 2654 	2582 	2647
f 2649 	2657 	2650
f 2656 	2650 	2657
f 4280 	3554 	3573
f 4283 	4278 	4281
f 2464 	2647 	2582
f 4280 	4282 	4260
f 4283 	4281 	1371
f 4261 	4263 	4284
f 4284 	4286 	4287
f 4285 	1371 	4274
f 4288 	4261 	4284
f 4287 	4297 	4284
f 4297 	4295 	4284
f 2690 	2689 	2839
f 4289 	1371 	4285
f 4289 	4283 	1371
f 2291 	3570 	1371
f 2695 	2693 	2834
f 4288 	4279 	4259
f 4293 	4294 	4291
f 4300 	4291 	4294
f 2834 	2833 	2695
f 4299 	4270 	4292
f 2835 	2851 	2836
f 4298 	4273 	4295
f 4297 	4298 	4295
f 4272 	4295 	4273
f 2588 	2660 	2608
f 4272 	4299 	4295
f 3997 	3993 	4026
f 3997 	4026 	4219
f 4295 	4292 	4284
f 4299 	4292 	4295
f 2839 	2838 	2690
f 3992 	3991 	4027
f 4027 	3991 	4025
f 4000 	4310 	4025
f 4024 	3990 	4218
f 2848 	2844 	2845
f 2848 	2845 	2849
f 4306 	4307 	4305
f 4326 	4325 	4307
f 2851 	2850 	2836
f 4308 	4305 	4327
f 4308 	4327 	4302
f 4303 	4309 	4304
f 4306 	4305 	4317
f 2857 	2855 	2856
f 2854 	2856 	2855
f 4305 	4308 	4302
f 2859 	2863 	2638
f 2864 	2862 	2861
f 4313 	4304 	4309
f 2644 	2638 	2863
f 4305 	4312 	4315
f 4317 	4305 	4315
f 4313 	4310 	4000
f 4028 	4025 	4310
f 4309 	4310 	4313
f 2861 	2865 	2864
f 3988 	1439 	4000
f 3972 	4313 	4000
f 4315 	4316 	4317
f 4315 	4318 	4339
f 2870 	2867 	2871
f 2866 	2871 	2867
f 4312 	4331 	4318
f 4312 	4318 	4315
f 4218 	4219 	4024
f 4024 	4219 	4274
f 3153 	3155 	3151
f 3153 	3158 	3155
f 4322 	4026 	4320
f 4321 	4322 	4320
f 4025 	4320 	4026
f 4025 	4028 	4323
f 4025 	4323 	4320
f 4336 	4335 	4324
f 4321 	4320 	4018
f 4305 	4307 	4325
f 4325 	4326 	4324
f 3175 	3171 	3166
f 4327 	4305 	4325
f 4319 	4327 	4325
f 3162 	3166 	3171
f 4319 	4302 	4327
f 4322 	4321 	4018
f 4016 	4274 	4329
f 3186 	3179 	3180
f 4314 	4332 	4311
f 4330 	4274 	4219
f 4329 	4274 	4330
f 3186 	3184 	3179
f 4330 	4023 	4329
f 4219 	4026 	4322
f 4219 	4322 	4330
f 4332 	4314 	4742
f 3199 	3368 	3372
f 4330 	4322 	4023
f 4328 	4311 	4332
f 4303 	4304 	4333
f 4303 	4333 	4334
f 3372 	3369 	3199
f 4337 	4316 	4335
f 4336 	4337 	4335
f 4315 	4335 	4316
f 4315 	4339 	4335
f 4303 	4334 	4309
f 2877 	2876 	2881
f 4325 	4324 	4335
f 4339 	4331 	4335
f 2881 	2880 	2877
f 4339 	4318 	4331
f 4340 	4341 	4333
f 4334 	4333 	4341
f 4334 	4341 	4309
f 2883 	2888 	2886
f 2883 	2886 	2884
f 4342 	3936 	4345
f 2891 	2890 	2918
f 4344 	4017 	4320
f 4344 	4320 	4346
f 4323 	4346 	4320
f 2917 	2891 	2918
f 4310 	4346 	4323
f 4341 	4340 	4344
f 4341 	4344 	4346
f 2920 	2926 	2921
f 2925 	2921 	2926
f 4341 	4346 	4309
f 4310 	4309 	4346
f 4340 	4333 	4313
f 4313 	3972 	1366
f 4404 	4348 	4345
f 4347 	4342 	4345
f 4333 	4304 	4313
f 4340 	4559 	4344
f 4347 	4345 	4424
f 4423 	4424 	4345
f 3115 	3080 	2924
f 4559 	4340 	1366
f 4340 	4313 	1366
f 3082 	3081 	3083
f 4345 	4348 	4350
f 4351 	4423 	4350
f 4345 	4350 	4423
f 3020 	4355 	3012
f 4342 	4347 	4424
f 3083 	3085 	3082
f 4355 	4364 	4277
f 3783 	3620 	4429
f 3093 	3089 	3088
f 3093 	3088 	3091
f 3090 	3126 	3095
f 3022 	4356 	4361
f 4361 	4356 	4353
f 3097 	3096 	3099
f 3099 	3098 	3097
f 4371 	4352 	3024
f 4371 	3024 	4381
f 3101 	3100 	3104
f 4257 	4237 	4241
f 4367 	4245 	4257
f 3022 	3016 	4353
f 3024 	4352 	4353
f 4354 	4353 	4352
f 4277 	3012 	4355
f 4362 	2975 	4358
f 4375 	2975 	4362
f 1887 	4207 	2975
f 3104 	3103 	3101
f 4353 	4356 	3022
f 4359 	4357 	4227
f 4358 	2975 	4226
f 4352 	4371 	4396
f 4419 	4396 	4371
f 4358 	4227 	4357
f 4245 	4359 	4229
f 3108 	3107 	3112
f 4360 	4361 	4400
f 4353 	4400 	4361
f 4366 	4357 	4359
f 2923 	2916 	3109
f 3106 	3109 	2916
f 4375 	4362 	4363
f 4403 	3031 	4360
f 3022 	4361 	3029
f 4357 	4366 	4363
f 4365 	4281 	4364
f 3111 	3108 	3112
f 3047 	4365 	3033
f 4364 	4355 	3034
f 3020 	3034 	4355
f 3110 	3115 	2924
f 4361 	4360 	4365
f 4361 	4365 	4364
f 4367 	4359 	4245
f 3116 	3114 	3117
f 3113 	3117 	3114
f 4368 	4369 	4367
f 3031 	3033 	4360
f 4365 	4360 	3033
f 3034 	3029 	4361
f 3034 	4361 	4364
f 4367 	4257 	4368
f 4496 	4368 	4257
f 3119 	3118 	3121
f 4396 	4401 	4352
f 3121 	3120 	3119
f 4389 	4390 	4283
f 4283 	4390 	4278
f 3123 	3122 	3125
f 4368 	4370 	4369
f 3125 	3124 	3123
f 4363 	4366 	4372
f 4372 	4375 	4363
f 3129 	3095 	3126
f 304 	633 	306
f 2172 	4002 	4240
f 4366 	4369 	4383
f 4377 	4366 	4383
f 4366 	4377 	4372
f 4377 	4382 	4372
f 4379 	4372 	4382
f 4380 	2975 	4375
f 4380 	4379 	2975
f 4379 	4382 	2975
f 3127 	3130 	3131
f 3127 	3131 	3128
f 4373 	4371 	4374
f 4371 	4381 	4374
f 4554 	4540 	4381
f 4382 	4385 	2975
f 4543 	4376 	4374
f 3135 	3133 	3132
f 3135 	3132 	3134
f 4369 	4384 	4383
f 4369 	4370 	4384
f 3138 	3137 	3141
f 4422 	4373 	4374
f 4388 	4385 	4383
f 3102 	3136 	3105
f 3139 	3105 	3136
f 4374 	4386 	4422
f 4376 	4386 	4374
f 4387 	4422 	4386
f 4532 	2975 	4385
f 4388 	4532 	4385
f 4543 	4386 	4376
f 3141 	3140 	3138
f 4383 	4384 	4388
f 4378 	4278 	4390
f 3143 	3142 	3145
f 4301 	4408 	4300
f 4234 	4146 	4391
f 4146 	4197 	4391
f 4392 	4478 	4391
f 4390 	4389 	4387
f 4390 	4387 	4386
f 4197 	4198 	4392
f 4294 	4301 	4300
f 4391 	4478 	4393
f 4390 	4386 	4569
f 4343 	4429 	4349
f 4398 	4394 	4397
f 4293 	4398 	4397
f 4293 	4397 	4294
f 4354 	4401 	4353
f 4400 	4353 	4401
f 4404 	4345 	3936
f 4791 	4402 	4296
f 4403 	4360 	4400
f 4398 	4293 	4402
f 4296 	4402 	4293
f 4404 	4413 	4406
f 4408 	4301 	4407
f 4409 	4281 	4365
f 4277 	4364 	4281
f 4294 	4397 	4301
f 4407 	4301 	4397
f 4399 	4405 	4404
f 4409 	4365 	3047
f 4348 	4404 	4406
f 4354 	4352 	4401
f 4408 	4407 	4397
f 4408 	4397 	4394
f 4437 	4436 	4404
f 4437 	4404 	4405
f 4433 	3048 	4419
f 4396 	4419 	3048
f 4401 	4396 	4400
f 4396 	3048 	4400
f 3048 	3043 	4400
f 4412 	4414 	4410
f 4404 	4436 	4413
f 4411 	4413 	4436
f 4405 	4399 	4437
f 4414 	4412 	5392
f 4281 	4409 	3047
f 4416 	5392 	4412
f 4371 	4373 	4419
f 4420 	4419 	4373
f 4422 	4420 	4373
f 4425 	4422 	4387
f 4423 	4351 	4426
f 4414 	4418 	4421
f 4414 	4421 	4410
f 4424 	4415 	4342
f 4427 	4291 	4290
f 4283 	4428 	4389
f 4430 	4791 	4296
f 4343 	4417 	4429
f 4568 	4389 	4428
f 4430 	4432 	4791
f 4431 	4432 	4430
f 4793 	4791 	4432
f 4415 	4424 	4423
f 4423 	4436 	3937
f 4419 	4420 	4422
f 4419 	4422 	4433
f 4417 	3783 	4429
f 3646 	4434 	4435
f 4458 	4457 	4434
f 4435 	4434 	4457
f 633 	4242 	4240
f 4411 	4436 	4438
f 4432 	4434 	4799
f 3646 	4799 	4434
f 2154 	4002 	2172
f 4439 	4437 	4399
f 4434 	4432 	4458
f 4212 	2174 	2173
f 2172 	4240 	2173
f 4437 	4439 	4436
f 4439 	3937 	4436
f 4296 	4293 	4430
f 4293 	4427 	4430
f 4291 	4427 	4293
f 4782 	4448 	4427
f 4426 	4438 	4436
f 4436 	4423 	4426
f 4430 	4427 	4448
f 637 	4441 	4232
f 637 	4232 	632
f 3646 	4435 	4457
f 4440 	4232 	4441
f 637 	636 	4440
f 4441 	637 	4440
f 4804 	2176 	4440
f 4465 	4445 	4464
f 4443 	4442 	4444
f 3646 	4457 	3648
f 4440 	2176 	2175
f 2178 	4440 	2175
f 4444 	4464 	4445
f 4471 	4472 	4443
f 4471 	4443 	4473
f 4444 	4473 	4443
f 4444 	4445 	4451
f 4452 	4473 	4451
f 4444 	4451 	4473
f 4453 	4448 	4454
f 4447 	4446 	639
f 4447 	639 	642
f 4432 	4431 	4454
f 4453 	4454 	4431
f 4447 	642 	644
f 5001 	3648 	4458
f 4459 	4460 	4447
f 4446 	4447 	4460
f 4235 	4456 	4442
f 4442 	4456 	4444
f 4459 	646 	4460
f 4454 	5001 	4458
f 646 	639 	4460
f 4446 	4460 	639
f 4517 	4449 	4463
f 4458 	4432 	4454
f 650 	4517 	4463
f 4463 	4449 	650
f 640 	650 	4449
f 4450 	4448 	4782
f 644 	645 	4447
f 4448 	4453 	4431
f 4431 	4430 	4448
f 4456 	4462 	4464
f 3145 	3144 	3143
f 4456 	4717 	4462
f 4722 	4462 	4717
f 4468 	4466 	1052
f 4468 	1052 	1054
f 3762 	3756 	3750
f 3542 	3750 	3756
f 4464 	4462 	4723
f 4722 	4723 	4462
f 1072 	1060 	1054
f 1067 	1052 	4466
f 4464 	4723 	4470
f 4465 	4464 	4470
f 4469 	4470 	4723
f 3845 	3840 	3764
f 1066 	4467 	1053
f 4442 	4443 	4472
f 4473 	4452 	4474
f 4479 	4691 	4467
f 4472 	4471 	4473
f 4468 	1054 	4475
f 3758 	3764 	3840
f 1060 	1067 	4475
f 4239 	4393 	4395
f 4239 	4395 	4241
f 3857 	3863 	3873
f 1067 	4466 	4477
f 4395 	4393 	4478
f 3873 	3867 	3857
f 1066 	4479 	4467
f 4466 	4468 	4475
f 4477 	4466 	4475
f 3888 	3894 	3881
f 4477 	4475 	1067
f 4478 	4480 	4395
f 4481 	4395 	4482
f 3894 	3890 	3881
f 4482 	4395 	4480
f 2182 	2181 	4486
f 4485 	4338 	2451
f 4485 	2451 	679
f 4495 	4491 	4532
f 2987 	649 	4487
f 4168 	4532 	4484
f 1079 	641 	4486
f 4486 	641 	4483
f 2182 	4486 	4483
f 3152 	4490 	3153
f 4489 	3153 	4490
f 4449 	4483 	640
f 4492 	4493 	3158
f 3156 	3158 	4493
f 4480 	4478 	4491
f 4478 	4488 	4491
f 4488 	4484 	4532
f 4532 	4510 	4495
f 4482 	4495 	4501
f 2183 	2182 	4483
f 4491 	4488 	4532
f 2183 	4483 	2180
f 3165 	4497 	3166
f 4494 	3166 	4497
f 4498 	4499 	3167
f 3152 	3167 	4499
f 4499 	7109 	3152
f 4257 	4481 	4496
f 4520 	4500 	4486
f 4548 	7119 	3167
f 4501 	4496 	4481
f 4481 	4482 	4501
f 4493 	7092 	3156
f 4550 	3156 	4504
f 4504 	7136 	4550
f 4550 	4551 	3156
f 4496 	4501 	4505
f 4505 	4501 	4507
f 1080 	1099 	4506
f 4508 	4509 	3165
f 4509 	7143 	3165
f 4486 	4500 	1079
f 4514 	4521 	4507
f 7483 	7146 	4556
f 1078 	1080 	4502
f 2186 	4595 	4502
f 4506 	4502 	1080
f 4511 	4512 	3175
f 3173 	3175 	4512
f 4501 	4495 	4510
f 2186 	4502 	2185
f 4515 	4513 	3184
f 3183 	3184 	4513
f 4510 	4532 	4514
f 2189 	2188 	4517
f 4516 	3185 	7158
f 4505 	4518 	4384
f 4384 	4370 	4505
f 4483 	4449 	4517
f 3185 	4516 	3186
f 4519 	3186 	4516
f 4505 	4507 	4518
f 4520 	4517 	1084
f 2189 	4517 	4520
f 2189 	4520 	2190
f 3173 	7150 	7233
f 4523 	3173 	4522
f 4526 	4518 	4521
f 4518 	4507 	4521
f 4486 	2181 	4520
f 4532 	4388 	4524
f 4518 	4526 	4524
f 4425 	4652 	4422
f 4525 	3183 	4527
f 4526 	4532 	4524
f 4428 	4283 	4289
f 4531 	4532 	4526
f 4433 	1377 	3048
f 4514 	4529 	4521
f 7295 	7288 	3197
f 4285 	4278 	4378
f 4514 	4532 	4529
f 4530 	7267 	3185
f 4544 	4569 	4285
f 4530 	3185 	4528
f 4529 	4532 	4531
f 4532 	1600 	2975
f 1070 	2975 	1600
f 4536 	3368 	4537
f 4538 	4539 	3372
f 4541 	4542 	3367
f 4542 	7442 	3367
f 3368 	3367 	4537
f 18 	7449 	3373
f 7449 	7444 	3373
f 4378 	4569 	4544
f 4539 	7318 	3371
f 4546 	3371 	4545
f 4546 	7457 	3378
f 4549 	7466 	3381
f 3167 	3381 	4548
f 4374 	4381 	4540
f 4543 	4374 	4540
f 4552 	3508 	4551
f 4544 	4285 	4378
f 4576 	3508 	4552
f 4555 	4556 	3387
f 4556 	4508 	3387
f 4533 	4584 	4553
f 4557 	7488 	3387
f 2365 	2361 	4532
f 3381 	3389 	4549
f 4381 	4559 	4554
f 4553 	4554 	4559
f 4535 	4553 	4559
f 6482 	1600 	4532
f 1803 	6482 	4532
f 4533 	4553 	4535
f 4560 	4561 	3502
f 3389 	3502 	4561
f 4561 	7501 	3389
f 4534 	4540 	4554
f 4381 	4344 	4559
f 4573 	4038 	4563
f 4565 	4564 	4563
f 4565 	4563 	4562
f 4573 	4563 	1965
f 4554 	4643 	4534
f 1971 	1966 	4564
f 4647 	4540 	4534
f 1965 	4563 	4564
f 1965 	4564 	1966
f 4425 	4387 	4566
f 4425 	4566 	4652
f 4033 	4563 	4038
f 4562 	4563 	4033
f 4567 	4386 	4543
f 4035 	4564 	4565
f 4562 	4033 	4035
f 4562 	4035 	4565
f 4378 	4390 	4569
f 4581 	4040 	4571
f 4387 	4389 	4566
f 4568 	4566 	4389
f 4570 	4601 	4571
f 4569 	4386 	4567
f 4571 	1969 	4581
f 1975 	4581 	1969
f 4647 	4652 	4566
f 4647 	4566 	4567
f 4543 	4540 	4567
f 4647 	4567 	4540
f 1969 	4571 	4601
f 4568 	4289 	4569
f 4569 	4567 	4566
f 4569 	4566 	4568
f 4570 	4037 	4602
f 4564 	4039 	4575
f 4535 	4645 	4533
f 4572 	4573 	4575
f 4572 	4575 	4574
f 1971 	4564 	4575
f 1971 	4575 	4573
f 1971 	4573 	1972
f 4577 	3508 	4576
f 4572 	4038 	4573
f 4663 	4645 	4535
f 4574 	4575 	4039
f 4035 	4039 	4564
f 3508 	4577 	4578
f 4038 	4572 	4039
f 4574 	4039 	4572
f 4557 	3387 	4579
f 3514 	4579 	3387
f 4580 	4040 	4581
f 4285 	4569 	4289
f 143 	4582 	3514
f 4582 	4583 	3514
f 4271 	4155 	4268
f 1094 	4520 	1084
f 4271 	4269 	4156
f 4587 	4268 	3265
f 4483 	4517 	2180
f 2188 	2180 	4517
f 4570 	4571 	4037
f 4040 	4037 	4571
f 4587 	4697 	4269
f 2187 	4520 	2181
f 2190 	4520 	2187
f 4587 	4269 	4268
f 4271 	4268 	4269
f 4500 	4520 	4588
f 4588 	4520 	1094
f 4592 	4045 	4591
f 4500 	4588 	1094
f 4500 	1094 	1079
f 4592 	4591 	4590
f 4592 	4590 	4589
f 2185 	4502 	4593
f 2193 	2192 	4593
f 4594 	4593 	4506
f 4502 	4506 	4593
f 1099 	4680 	4593
f 2193 	4593 	2200
f 1099 	4593 	4594
f 1977 	4590 	4591
f 1977 	4591 	1978
f 1099 	4594 	4506
f 2185 	4593 	2192
f 4590 	4043 	4589
f 4523 	4585 	3397
f 4586 	3397 	4585
f 4068 	4591 	4045
f 4595 	4682 	4596
f 4045 	4592 	4043
f 4589 	4043 	4592
f 7532 	7531 	4586
f 3517 	3397 	4656
f 4596 	4682 	1102
f 4599 	4609 	4600
f 1984 	4618 	4600
f 1984 	4600 	4609
f 4061 	4599 	4048
f 4602 	4601 	4570
f 1993 	1987 	4606
f 4601 	4606 	1987
f 1969 	4601 	1987
f 4053 	4601 	4049
f 4037 	4049 	4602
f 4603 	5120 	4604
f 1995 	4604 	1989
f 1989 	4604 	5120
f 4601 	4053 	4606
f 4606 	4605 	4581
f 4580 	4581 	4605
f 1993 	4606 	4581
f 1993 	4581 	1975
f 4580 	4605 	4040
f 4605 	4606 	4053
f 4602 	4049 	4601
f 4605 	4053 	4040
f 4608 	4056 	4604
f 4607 	4056 	4608
f 4604 	1995 	4608
f 4603 	4604 	4052
f 4056 	4052 	4604
f 5131 	4056 	4607
f 4610 	4609 	4599
f 4609 	4632 	1997
f 1984 	4609 	1997
f 4610 	4061 	4609
f 4085 	4609 	4061
f 4610 	4599 	4061
f 5446 	4612 	4611
f 4613 	4067 	4615
f 4067 	4590 	4615
f 1978 	4591 	4616
f 4614 	4613 	4615
f 4614 	4615 	4616
f 1977 	2002 	4615
f 1978 	4616 	2001
f 2001 	4616 	4615
f 2001 	4615 	2002
f 4068 	4067 	4614
f 4613 	4614 	4067
f 4043 	4590 	4067
f 1977 	4615 	4590
f 4614 	4616 	4068
f 4616 	4591 	4068
f 4617 	4070 	4618
f 4599 	4600 	4048
f 4617 	4618 	4632
f 2005 	4618 	1984
f 4618 	4048 	4600
f 2005 	4632 	4618
f 4085 	4070 	4617
f 4048 	4618 	4070
f 4625 	4076 	4621
f 4619 	4075 	4622
f 4622 	4621 	4620
f 4622 	4620 	4619
f 2014 	4625 	4621
f 2014 	4621 	2008
f 2008 	4621 	4622
f 2008 	4622 	2009
f 4622 	4074 	4626
f 4625 	4626 	4624
f 4625 	4624 	4623
f 2009 	4622 	4626
f 2009 	4626 	2013
f 2013 	4626 	4625
f 2013 	4625 	2014
f 4623 	4624 	4074
f 4623 	4074 	4073
f 4076 	4075 	4619
f 4076 	4619 	4620
f 4623 	4073 	4625
f 4620 	4621 	4076
f 4076 	4625 	4073
f 4074 	4622 	4075
f 4624 	4626 	4074
f 4629 	4630 	4082
f 4628 	4082 	4630
f 4636 	4628 	4630
f 2019 	2017 	4630
f 2019 	4630 	4629
f 4079 	4629 	4082
f 4627 	4629 	4079
f 4631 	4632 	4085
f 4609 	4085 	4632
f 4632 	4631 	4617
f 1997 	4632 	2021
f 2021 	4632 	2005
f 4085 	4617 	4631
f 4611 	4612 	4063
f 4634 	4063 	4612
f 4634 	5477 	4633
f 2024 	4634 	1999
f 4612 	1999 	4634
f 2024 	5477 	4634
f 4087 	4633 	5476
f 4063 	4634 	4087
f 4633 	4087 	4634
f 4637 	4638 	4089
f 4635 	4089 	4638
f 4630 	4637 	4636
f 4638 	4629 	4635
f 4627 	4635 	4629
f 4638 	4637 	2027
f 4638 	2027 	2028
f 2027 	4637 	4630
f 2027 	4630 	2017
f 4638 	2028 	4629
f 2019 	4629 	2028
f 4627 	4079 	4635
f 4089 	4635 	4079
f 4082 	4628 	4636
f 4092 	4082 	4636
f 4092 	4637 	4089
f 4636 	4637 	4092
f 4642 	4093 	4641
f 4639 	4093 	4642
f 4642 	5489 	4639
f 5493 	5491 	4641
f 5493 	4641 	4640
f 4200 	4665 	372
f 4201 	4200 	3334
f 4598 	3399 	4644
f 4663 	4660 	4645
f 2315 	4649 	4200
f 4643 	4659 	4647
f 4584 	4533 	4645
f 379 	4670 	375
f 2315 	375 	4649
f 4648 	3197 	4646
f 4534 	4643 	4647
f 4661 	3415 	4651
f 4568 	4428 	4653
f 4433 	4422 	4647
f 4652 	4647 	4422
f 3197 	3418 	4654
f 4653 	4428 	4289
f 4655 	3339 	3343
f 7553 	7552 	4656
f 4650 	3337 	4649
f 3337 	6079 	4649
f 4653 	4289 	4568
f 4200 	2313 	2315
f 3517 	4656 	4657
f 4658 	3517 	4657
f 4553 	4660 	4554
f 4659 	4554 	4660
f 4553 	4584 	4660
f 4643 	4554 	4659
f 7557 	3418 	1
f 4663 	4433 	4659
f 4663 	4659 	4660
f 4200 	4201 	4665
f 4664 	4665 	4201
f 4584 	4645 	4660
f 377 	372 	4665
f 2316 	377 	4665
f 4647 	4659 	4433
f 4201 	3334 	3340
f 4664 	4201 	3340
f 4664 	3340 	4665
f 3340 	6084 	4665
f 4665 	6084 	4670
f 252 	3521 	4666
f 4559 	4663 	4535
f 4670 	2318 	2316
f 1366 	1377 	4663
f 375 	909 	379
f 2318 	4670 	379
f 1372 	3041 	1377
f 1377 	4433 	4663
f 3418 	3525 	4669
f 4650 	4649 	4670
f 4650 	4670 	4671
f 4649 	375 	4670
f 3373 	3493 	17
f 3373 	17 	18
f 4663 	4559 	1366
f 3341 	4650 	4671
f 32 	33 	3493
f 4290 	4291 	4672
f 3494 	3378 	39
f 39 	42 	3494
f 4673 	4655 	3343
f 49 	3494 	50
f 105 	3494 	49
f 4671 	4670 	3341
f 4670 	6084 	3341
f 4300 	4394 	4291
f 4672 	4394 	4410
f 56 	55 	57
f 3496 	55 	32
f 2316 	4665 	4670
f 4672 	4291 	4394
f 3529 	256 	64
f 64 	67 	3529
f 67 	96 	3496
f 1102 	1078 	4595
f 1078 	4502 	4595
f 2195 	4595 	2186
f 3494 	105 	3532
f 4595 	4596 	1102
f 6091 	2948 	4674
f 105 	109 	115
f 115 	113 	3532
f 3942 	4675 	4674
f 141 	3502 	142
f 4578 	142 	3508
f 4678 	4044 	4679
f 4676 	2198 	5107
f 3514 	3517 	143
f 4675 	6091 	4674
f 4677 	4676 	1108
f 143 	3517 	248
f 2198 	4676 	2197
f 2195 	2194 	4595
f 2199 	4680 	2194
f 4595 	2194 	4680
f 4680 	2199 	2200
f 3521 	252 	3525
f 251 	3525 	252
f 4151 	4681 	4683
f 4680 	4682 	4595
f 3323 	4681 	4151
f 3529 	3532 	256
f 259 	256 	3532
f 1099 	1113 	4680
f 2200 	4593 	4680
f 116 	259 	113
f 4682 	4680 	1113
f 4682 	1113 	1102
f 4655 	4673 	4687
f 4655 	4687 	4684
f 2197 	4676 	4685
f 3153 	4489 	3158
f 4492 	3158 	4489
f 4686 	4685 	4677
f 4676 	4677 	4685
f 4655 	4684 	3339
f 3166 	4494 	3175
f 4511 	3175 	4494
f 1123 	1119 	4685
f 1123 	4685 	4686
f 4673 	3343 	4687
f 4515 	3184 	3186
f 4515 	3186 	4519
f 1108 	1123 	4686
f 1108 	4686 	4677
f 3368 	4536 	3372
f 4538 	3372 	4536
f 4685 	5119 	2202
f 4685 	2202 	2201
f 2197 	4685 	2201
f 4697 	4692 	4264
f 4692 	4697 	4693
f 4467 	4691 	1053
f 1126 	4691 	4690
f 4698 	1132 	4690
f 4693 	4266 	4692
f 4264 	4692 	4266
f 2203 	4690 	4691
f 2203 	4691 	2204
f 1212 	4693 	4166
f 4174 	4166 	4693
f 1212 	4266 	4693
f 4587 	4754 	4694
f 2208 	2204 	4691
f 4695 	4696 	4694
f 4587 	4694 	4696
f 4587 	4696 	4697
f 4695 	4172 	4696
f 4171 	4696 	4172
f 2203 	2212 	4690
f 2211 	4707 	2212
f 4264 	4269 	4697
f 1132 	4698 	1141
f 4174 	4693 	4697
f 4171 	4177 	4696
f 4700 	4696 	4177
f 4690 	4707 	4698
f 4701 	4172 	4695
f 4700 	4177 	4697
f 1132 	1126 	4690
f 4699 	4702 	1133
f 2223 	4724 	4702
f 4697 	4696 	4700
f 4702 	2214 	2223
f 4694 	4829 	4695
f 4702 	4716 	2215
f 2214 	4702 	2215
f 4704 	4705 	4710
f 4706 	4710 	4705
f 4709 	4698 	4707
f 4739 	4704 	4703
f 4479 	4708 	4691
f 2217 	4707 	2211
f 4690 	2212 	4707
f 4705 	4704 	1221
f 4705 	1221 	1220
f 4691 	4708 	2208
f 2207 	2208 	4708
f 2216 	2207 	4708
f 1221 	4704 	4739
f 1221 	4739 	1225
f 1135 	1141 	4707
f 4707 	4708 	1135
f 1066 	1135 	4708
f 1066 	4708 	4479
f 1227 	4705 	1220
f 1371 	5579 	5598
f 2216 	4708 	4707
f 2216 	4707 	2217
f 4745 	4710 	4706
f 1371 	4689 	5579
f 1141 	4698 	4709
f 1139 	4711 	4699
f 1139 	4699 	1133
f 4455 	4461 	4476
f 4714 	4715 	4713
f 4699 	4711 	4702
f 4716 	4702 	4711
f 4730 	4710 	4719
f 4730 	4719 	4733
f 4720 	4733 	4719
f 4717 	4203 	4723
f 1139 	4743 	4716
f 4711 	1139 	4716
f 4721 	4476 	4461
f 3512 	3509 	4720
f 4733 	4720 	3509
f 2219 	4716 	4743
f 4745 	4754 	4710
f 4719 	4710 	4720
f 4716 	2219 	2213
f 2213 	2215 	4716
f 4722 	4717 	4723
f 3512 	4720 	4754
f 4724 	4744 	4725
f 4753 	4721 	4461
f 4725 	4744 	1143
f 4474 	4726 	4723
f 4474 	4723 	4473
f 4725 	1143 	4724
f 1143 	1130 	4724
f 1130 	4702 	4724
f 4469 	4723 	4726
f 4728 	3924 	3898
f 4710 	4729 	4704
f 4703 	4704 	4729
f 4710 	4730 	4729
f 4724 	2223 	2222
f 2220 	4743 	2222
f 4729 	4733 	4727
f 4727 	4761 	4729
f 4749 	4731 	4732
f 4730 	4733 	4729
f 4118 	3922 	4736
f 4732 	1148 	4749
f 1157 	4749 	1148
f 4733 	3509 	4727
f 3303 	4727 	3509
f 4732 	4731 	1148
f 1148 	4731 	1146
f 2229 	5171 	4731
f 4703 	4729 	4735
f 4118 	4736 	4139
f 4740 	4139 	4736
f 4737 	4738 	4745
f 4738 	4739 	4761
f 4735 	4761 	4739
f 4408 	4394 	4300
f 4703 	4735 	4739
f 4812 	4810 	4410
f 4209 	4740 	4736
f 4225 	4740 	4209
f 4737 	4706 	4738
f 4705 	4738 	4706
f 4410 	4421 	4812
f 1227 	1225 	4739
f 1227 	4739 	4738
f 4129 	4139 	4740
f 4731 	4750 	2228
f 2229 	4731 	2228
f 4742 	4314 	4741
f 4724 	4743 	4744
f 4705 	1227 	4738
f 4706 	4737 	4745
f 2230 	4743 	2220
f 4724 	2222 	4743
f 4311 	4741 	4314
f 4744 	1152 	1143
f 4744 	4743 	1152
f 1135 	1152 	1139
f 2230 	2219 	4743
f 4461 	4455 	4747
f 4731 	4749 	4750
f 4868 	4859 	4816
f 2224 	2228 	4750
f 2232 	2224 	4750
f 4461 	4747 	4753
f 4816 	4751 	4752
f 4238 	4476 	4753
f 4721 	4753 	4476
f 4749 	1157 	4750
f 1157 	1156 	4750
f 4720 	4710 	4754
f 4745 	4746 	4748
f 4745 	4748 	4754
f 4751 	4859 	4752
f 6626 	4754 	4752
f 4748 	4752 	4754
f 501 	4758 	4755
f 6626 	4694 	4754
f 523 	4760 	4763
f 4745 	4738 	4761
f 532 	4014 	4756
f 4757 	1161 	4756
f 532 	4756 	1161
f 4746 	4745 	4762
f 4761 	4762 	4745
f 4759 	4765 	1162
f 4761 	4735 	4729
f 4758 	501 	4763
f 2465 	4771 	2233
f 550 	559 	4764
f 4766 	4764 	559
f 1163 	1162 	4765
f 4766 	559 	4892
f 2643 	4975 	4765
f 4768 	3647 	4767
f 4765 	4801 	2236
f 4765 	2236 	2237
f 2238 	4765 	2237
f 382 	4712 	4689
f 5008 	5004 	4767
f 2235 	2234 	4756
f 4756 	2233 	4771
f 4757 	4756 	4774
f 4771 	4774 	4756
f 4770 	4772 	4773
f 4774 	1168 	4757
f 1161 	4757 	1168
f 5060 	4714 	4713
f 4718 	4781 	4713
f 1167 	4776 	4759
f 1167 	4759 	1162
f 5492 	6261 	4775
f 2465 	4224 	4771
f 4774 	4771 	1168
f 4779 	4780 	4772
f 4773 	4772 	4780
f 4427 	4778 	4781
f 4427 	4781 	4782
f 4780 	4779 	4777
f 5033 	4782 	4781
f 4796 	4787 	4786
f 1185 	4788 	1177
f 4784 	4786 	4787
f 4804 	4785 	4783
f 5060 	4713 	4778
f 4781 	4778 	4713
f 630 	4783 	1176
f 4785 	1176 	4783
f 4788 	4797 	1177
f 2234 	2233 	4756
f 4792 	4791 	4793
f 4784 	6270 	4794
f 2629 	4783 	2468
f 2468 	4783 	4230
f 630 	4230 	4783
f 4786 	4795 	4796
f 4794 	6277 	4796
f 4794 	4796 	4795
f 4798 	4799 	3651
f 3646 	3651 	4799
f 4793 	4432 	4799
f 1172 	1177 	4797
f 6282 	5657 	4800
f 4759 	4776 	4765
f 4801 	4765 	4776
f 5032 	4398 	4791
f 5030 	4394 	5032
f 4394 	4398 	5032
f 4402 	4791 	4398
f 1167 	1178 	4801
f 1167 	4801 	4776
f 4792 	5012 	4791
f 2470 	2236 	4801
f 5052 	5037 	5030
f 3647 	3652 	4767
f 2472 	2648 	4797
f 4457 	4458 	3648
f 3648 	5001 	3653
f 4804 	4440 	636
f 2452 	1056 	581
f 5668 	4805 	4802
f 4806 	1187 	4785
f 1176 	4785 	1187
f 2453 	585 	1057
f 4788 	1185 	4808
f 4806 	4785 	4804
f 1056 	2462 	599
f 4971 	4797 	4808
f 4727 	4809 	4761
f 4762 	4761 	4809
f 4810 	4672 	4410
f 4809 	4748 	4762
f 4746 	4762 	4748
f 4815 	4818 	4814
f 4865 	4868 	4817
f 4727 	4865 	4817
f 4752 	4817 	4816
f 4819 	4818 	4815
f 4809 	4727 	4817
f 4809 	4817 	4752
f 4809 	4752 	4748
f 4810 	4814 	4672
f 4672 	4814 	4818
f 4252 	4256 	4822
f 4811 	5855 	4824
f 4821 	4820 	4825
f 4821 	4825 	4822
f 4824 	5855 	5854
f 1199 	4252 	4822
f 1199 	4822 	1235
f 4826 	4672 	4818
f 1236 	4825 	4255
f 1235 	4822 	4825
f 1235 	4825 	1236
f 5857 	4827 	5869
f 4672 	4826 	4830
f 4821 	4822 	4829
f 4823 	4830 	4826
f 4256 	4178 	4701
f 4256 	4701 	4829
f 4839 	4832 	4831
f 4830 	4823 	4833
f 4834 	4825 	4820
f 4828 	4831 	4832
f 4836 	4872 	4830
f 4694 	4834 	4829
f 4821 	4829 	4834
f 4821 	4834 	4820
f 4701 	4695 	4829
f 4828 	6290 	4837
f 4838 	4837 	4839
f 4859 	4840 	4841
f 4831 	4838 	4839
f 4849 	4872 	4845
f 4841 	4840 	4844
f 4841 	4844 	4843
f 4845 	4836 	4847
f 4842 	4847 	4836
f 1249 	4856 	4844
f 1249 	4844 	4840
f 1249 	4840 	1245
f 4859 	4841 	4843
f 4845 	4872 	4836
f 4857 	4855 	4849
f 1444 	4872 	4855
f 4852 	4867 	4856
f 4855 	4872 	4849
f 4849 	4851 	4857
f 4856 	4854 	4853
f 4856 	4853 	4852
f 4840 	4854 	1245
f 1245 	4854 	1253
f 1497 	4872 	1444
f 1445 	1497 	1444
f 1255 	4856 	1249
f 4867 	4844 	4856
f 1253 	4854 	4856
f 1253 	4856 	1255
f 1511 	4872 	1497
f 4859 	6626 	4752
f 4860 	6626 	4859
f 1498 	1497 	1445
f 4751 	4816 	4859
f 5950 	4861 	5418
f 1506 	1521 	1511
f 4854 	4840 	4868
f 4859 	4868 	4840
f 4867 	4860 	4844
f 4843 	4844 	4860
f 4871 	4864 	4863
f 4843 	4860 	4859
f 4862 	4863 	4864
f 1521 	1522 	1511
f 4867 	4868 	4865
f 4816 	4817 	4868
f 4672 	4830 	4872
f 1522 	4872 	1511
f 4863 	4870 	4871
f 1372 	4872 	1522
f 4868 	4867 	4852
f 4868 	4852 	4853
f 4869 	4871 	4870
f 4853 	4854 	4868
f 2452 	691 	2456
f 694 	2453 	2455
f 2456 	690 	2580
f 2455 	695 	694
f 4884 	4873 	4877
f 4882 	4879 	4873
f 4879 	4877 	4873
f 2458 	1004 	2590
f 4875 	5974 	4878
f 2458 	2587 	1002
f 2459 	1006 	1010
f 2459 	1010 	1394
f 6454 	5443 	4880
f 4890 	4879 	4882
f 6283 	4883 	4885
f 4950 	4886 	4893
f 6197 	5836 	4887
f 4888 	4873 	4884
f 4886 	4873 	4888
f 4897 	4894 	4890
f 4884 	4890 	4888
f 4888 	4890 	4894
f 4898 	596 	579
f 4898 	579 	4895
f 4897 	4900 	4894
f 4882 	4897 	4890
f 4898 	4901 	606
f 4899 	4894 	4900
f 4882 	4873 	4903
f 668 	675 	4902
f 4904 	4902 	675
f 5279 	5280 	4873
f 4904 	675 	4906
f 4903 	4873 	4908
f 4905 	680 	4902
f 4917 	4903 	4908
f 4911 	754 	749
f 4911 	749 	4909
f 4903 	4917 	4910
f 4911 	4915 	754
f 4897 	4910 	4900
f 4959 	4899 	4912
f 4900 	4910 	4913
f 4915 	4914 	772
f 4919 	794 	4918
f 4913 	4910 	4917
f 6022 	6048 	4919
f 806 	4923 	4918
f 4913 	4917 	4924
f 4917 	4916 	4921
f 4913 	4924 	4912
f 4921 	4924 	4917
f 4924 	4922 	4912
f 820 	794 	4925
f 4923 	806 	4925
f 4926 	4927 	839
f 840 	839 	4927
f 4926 	839 	4930
f 858 	4929 	4930
f 4936 	4916 	4907
f 4928 	4936 	4907
f 839 	858 	4930
f 4908 	4873 	4907
f 4929 	857 	4927
f 4907 	4873 	4928
f 885 	4932 	4933
f 904 	4934 	4935
f 4932 	884 	4935
f 4934 	902 	4933
f 4916 	4936 	4938
f 4941 	938 	921
f 4941 	921 	4937
f 4938 	4920 	4921
f 932 	4940 	4937
f 4920 	4938 	4939
f 4916 	4938 	4921
f 4941 	4943 	943
f 4938 	4936 	4946
f 4942 	4946 	4936
f 4940 	932 	4943
f 4931 	5286 	4942
f 1296 	4947 	4944
f 4948 	1303 	4944
f 4946 	5290 	4945
f 4942 	5290 	4946
f 4928 	4873 	4931
f 4950 	3645 	4886
f 4953 	1315 	1309
f 4953 	1309 	4951
f 4952 	3645 	4950
f 4893 	4954 	4950
f 4893 	4894 	4899
f 4954 	4893 	4899
f 4899 	4959 	4954
f 1329 	4960 	4958
f 4962 	4960 	1332
f 1329 	1332 	4960
f 4959 	4961 	4954
f 4962 	1332 	4964
f 4952 	4957 	4963
f 4964 	1338 	1328
f 4963 	3645 	4952
f 4965 	3645 	4963
f 1341 	4966 	4968
f 4967 	4963 	4957
f 6699 	4970 	4968
f 1187 	4806 	4804
f 1187 	4804 	636
f 1406 	1394 	1010
f 4808 	1185 	4971
f 636 	1190 	1185
f 1350 	4969 	4966
f 1397 	1018 	2587
f 1018 	1002 	2587
f 4804 	2477 	2176
f 1375 	2581 	2461
f 4804 	4783 	2629
f 4804 	2629 	2476
f 2477 	4804 	2476
f 4969 	1350 	4970
f 4788 	4808 	4797
f 4973 	1812 	1355
f 4973 	1355 	4972
f 2582 	1379 	2464
f 6724 	4979 	4973
f 4971 	2652 	2632
f 4971 	2632 	2631
f 2633 	4797 	2631
f 2472 	4797 	2633
f 4971 	2631 	4797
f 1379 	1378 	2464
f 1398 	1374 	2461
f 4974 	4983 	4978
f 4990 	4974 	4978
f 4978 	5003 	1259
f 1824 	4979 	4976
f 1930 	4980 	4981
f 3727 	3930 	4982
f 4984 	5007 	4983
f 5007 	4978 	4983
f 1937 	4985 	4986
f 4980 	1929 	4986
f 4982 	4983 	4987
f 4987 	3722 	4982
f 4985 	1936 	4981
f 4997 	4987 	4983
f 4984 	4983 	4982
f 4990 	4997 	4983
f 4990 	4983 	4974
f 1952 	4988 	4989
f 3303 	3722 	4727
f 4987 	4727 	3722
f 4989 	4993 	1952
f 5017 	4997 	4991
f 4988 	1954 	4992
f 4978 	4991 	4990
f 1956 	1952 	4993
f 1263 	1270 	4991
f 1956 	4993 	4992
f 1956 	4992 	1954
f 4978 	1259 	4991
f 1263 	4991 	1259
f 4760 	4755 	4994
f 4997 	5017 	4998
f 4798 	3651 	3653
f 4990 	4991 	4997
f 4448 	5012 	5000
f 4454 	4448 	5000
f 5014 	4792 	5000
f 4793 	5000 	4792
f 6651 	4987 	4996
f 4995 	4996 	4987
f 4997 	4995 	4987
f 4998 	4995 	4997
f 5001 	4799 	4798
f 4999 	5029 	4996
f 5001 	4454 	5000
f 6651 	4865 	4987
f 4727 	4987 	4865
f 4793 	4799 	5000
f 5001 	5000 	4799
f 4978 	5007 	5003
f 4713 	5004 	5022
f 1259 	5003 	1266
f 5022 	4718 	4713
f 1266 	5003 	1270
f 5005 	4982 	3930
f 5006 	5007 	4984
f 5002 	5003 	5007
f 4767 	3652 	5008
f 4982 	5005 	4984
f 5006 	4984 	5005
f 5009 	5005 	3930
f 4715 	4767 	5004
f 4713 	4715 	5004
f 5006 	5005 	5007
f 5005 	5009 	5007
f 5009 	5017 	5007
f 5002 	5007 	5010
f 5033 	4781 	4718
f 5010 	5017 	5011
f 5011 	5003 	5010
f 5002 	5010 	5003
f 4450 	5013 	4448
f 5012 	4448 	5013
f 1270 	5011 	4991
f 5017 	4991 	5011
f 5014 	5000 	5012
f 1270 	5003 	5011
f 4995 	5016 	4996
f 5015 	4996 	5016
f 4998 	5017 	5018
f 3653 	5001 	5019
f 4798 	5019 	5001
f 4995 	4998 	5018
f 4995 	5018 	5016
f 5032 	5012 	5013
f 4996 	5015 	4999
f 5020 	4999 	5015
f 5032 	4791 	5012
f 5014 	5012 	4792
f 5016 	5009 	5015
f 6664 	5015 	5009
f 3653 	5019 	4798
f 5018 	5017 	5016
f 5009 	5016 	5017
f 5021 	5022 	5004
f 5010 	5007 	5017
f 4718 	5022 	5023
f 4718 	5023 	5033
f 5024 	5029 	5026
f 5029 	5111 	5026
f 3652 	5027 	5008
f 1286 	5038 	5028
f 5026 	5028 	5025
f 5026 	5025 	5024
f 5026 	5036 	1277
f 5021 	5325 	5022
f 1279 	1286 	5028
f 5033 	5023 	5022
f 5022 	5325 	5030
f 1279 	5028 	5026
f 1279 	5026 	1277
f 3661 	5027 	3652
f 5033 	5030 	5032
f 5025 	5028 	5031
f 5033 	5032 	4782
f 6651 	5031 	6657
f 5029 	5031 	6651
f 4996 	5029 	6651
f 5029 	5024 	5031
f 5025 	5031 	5024
f 5032 	5013 	4782
f 5013 	4450 	4782
f 5036 	5026 	5111
f 4410 	4394 	5037
f 4394 	5030 	5037
f 5034 	5112 	5038
f 5038 	5112 	5028
f 5038 	5036 	5035
f 5038 	5035 	5034
f 5041 	5671 	5039
f 5040 	5041 	5039
f 2580 	1386 	2462
f 1399 	2581 	1384
f 3654 	5042 	5043
f 5042 	5047 	5043
f 3654 	5679 	5042
f 1392 	2582 	1391
f 5037 	5044 	5039
f 4416 	4412 	5039
f 5037 	5039 	4412
f 5037 	4412 	4410
f 2585 	1402 	1395
f 5784 	5058 	3655
f 3655 	5058 	5051
f 1401 	1400 	2588
f 5047 	3656 	3654
f 3654 	5043 	5047
f 1405 	2459 	2589
f 1409 	1407 	2590
f 1406 	1405 	2589
f 1406 	2589 	1416
f 1410 	2605 	1407
f 2590 	1407 	2605
f 5045 	5040 	5044
f 5040 	5039 	5044
f 1418 	2593 	1421
f 1417 	2594 	1420
f 1420 	1424 	1417
f 1418 	1425 	2593
f 1422 	1424 	2599
f 5358 	5057 	5356
f 2594 	2599 	1423
f 5049 	5048 	5356
f 1448 	1428 	2615
f 5050 	5053 	5048
f 2585 	1396 	2606
f 2605 	1435 	2587
f 1436 	2608 	1431
f 2606 	1431 	2608
f 5053 	5054 	5052
f 5037 	5052 	5054
f 5788 	5054 	5053
f 2608 	1438 	2588
f 491 	1483 	1451
f 1483 	1427 	1451
f 5357 	5048 	5052
f 5048 	5357 	5356
f 5053 	5052 	5048
f 1447 	2610 	2614
f 5044 	5037 	5054
f 5046 	5044 	5054
f 2597 	1426 	2612
f 5689 	5055 	5044
f 5045 	5044 	5055
f 1454 	1448 	2612
f 2615 	2612 	1448
f 1430 	1446 	2614
f 1447 	2614 	1446
f 5689 	5044 	5694
f 5046 	5694 	5044
f 5040 	5045 	5041
f 5055 	5041 	5045
f 2618 	1484 	2621
f 5056 	3656 	5047
f 1430 	2621 	1456
f 5042 	5056 	5047
f 5042 	5041 	5055
f 5042 	5055 	5056
f 5048 	5057 	5701
f 5049 	5057 	5048
f 5703 	5701 	5057
f 1450 	1487 	2624
f 5788 	5053 	5705
f 1490 	1449 	2625
f 1490 	2625 	1491
f 5701 	5050 	5048
f 1514 	1492 	2636
f 5049 	5356 	5057
f 2624 	1502 	2628
f 2627 	1503 	2625
f 1455 	2628 	1501
f 5363 	5051 	5058
f 1503 	2627 	1504
f 5784 	5703 	5057
f 5784 	5057 	5058
f 1504 	37 	1449
f 1490 	1504 	1449
f 5358 	5363 	5057
f 5058 	5057 	5363
f 1455 	1508 	2640
f 2634 	1513 	2641
f 5050 	5705 	5053
f 2640 	1528 	1514
f 5694 	5046 	5054
f 1512 	2638 	1518
f 5064 	5065 	3658
f 1450 	2636 	1492
f 3647 	4768 	3658
f 5064 	3658 	4768
f 1519 	1518 	2638
f 4778 	4427 	4290
f 2641 	1524 	2644
f 1533 	1519 	2644
f 1532 	2644 	1524
f 5062 	5060 	5063
f 4715 	4714 	5063
f 5062 	5063 	4714
f 2649 	1545 	2657
f 5320 	5321 	5065
f 5065 	5064 	4767
f 4768 	4767 	5064
f 2649 	2695 	1576
f 5063 	5320 	5065
f 1551 	1558 	1460
f 4767 	4715 	5063
f 4767 	5063 	5065
f 2647 	1553 	2654
f 5059 	5061 	5060
f 5059 	5060 	4778
f 2035 	4642 	4641
f 1163 	4765 	4975
f 4977 	1200 	4975
f 1163 	4975 	1200
f 2035 	4641 	5491
f 4640 	4095 	5493
f 4093 	4639 	5489
f 2660 	1464 	1565
f 4640 	4641 	4095
f 4093 	4095 	4641
f 1205 	5067 	5066
f 1205 	5066 	1201
f 4181 	5493 	4095
f 4975 	5074 	4977
f 5069 	5068 	5070
f 5069 	5070 	5071
f 1467 	1587 	2689
f 2643 	2642 	4975
f 1570 	1565 	1464
f 4977 	1213 	1200
f 2038 	5070 	5068
f 2038 	5068 	2039
f 2834 	2693 	5076
f 5072 	5076 	2693
f 5066 	5081 	1201
f 5072 	2693 	5073
f 1473 	5073 	2693
f 2637 	4975 	2642
f 4100 	5068 	5069
f 1579 	1578 	2695
f 4765 	2238 	2643
f 5069 	5071 	4100
f 4102 	4100 	5071
f 2657 	1582 	2833
f 5074 	5075 	4977
f 5071 	5070 	4102
f 5074 	4975 	2637
f 2695 	2833 	1579
f 1583 	1579 	2833
f 1213 	4977 	5075
f 2834 	5076 	5079
f 1213 	5075 	5074
f 4801 	1178 	5074
f 4801 	5074 	2646
f 5066 	5067 	5081
f 5080 	5081 	5067
f 1585 	1587 	1467
f 1205 	1217 	5067
f 5080 	5067 	1217
f 2851 	2835 	5082
f 4104 	4113 	5077
f 5081 	5080 	1217
f 5093 	4112 	5078
f 5082 	2835 	5083
f 1482 	5083 	2835
f 2039 	5068 	5085
f 4106 	5085 	5068
f 1589 	1585 	2836
f 5087 	5085 	5084
f 5087 	5084 	5088
f 2660 	1566 	2837
f 2047 	2039 	5085
f 2047 	5085 	5087
f 2047 	5087 	2048
f 1172 	4797 	5086
f 1172 	5086 	1226
f 5089 	1226 	5086
f 5088 	4107 	5087
f 2689 	1571 	2839
f 2038 	2048 	5087
f 2038 	5087 	5070
f 2838 	2374 	2690
f 5084 	5085 	4106
f 4100 	4106 	5068
f 1231 	5090 	5091
f 1231 	5091 	1229
f 4107 	5088 	4106
f 5084 	4106 	5088
f 1229 	5091 	1239
f 2838 	1485 	2370
f 4102 	5070 	4107
f 5087 	4107 	5070
f 2646 	5074 	2637
f 2840 	2384 	2382
f 4801 	2646 	2470
f 5092 	4112 	5093
f 2840 	2843 	2384
f 2381 	2384 	2843
f 2648 	5086 	4797
f 2051 	5093 	2046
f 5078 	2046 	5093
f 2648 	2655 	5086
f 2392 	2416 	2844
f 1226 	5089 	5097
f 1226 	5097 	1242
f 2388 	2392 	2848
f 1241 	5098 	1231
f 4112 	4104 	5078
f 5077 	5078 	4104
f 539 	2394 	2382
f 5089 	5086 	5097
f 5096 	5097 	5086
f 2845 	2396 	2849
f 5100 	5091 	5090
f 2413 	2409 	1493
f 2848 	1493 	2409
f 1239 	5091 	5100
f 5095 	5078 	5094
f 5077 	5094 	5078
f 2399 	2401 	1494
f 2046 	5078 	2054
f 5095 	2054 	5078
f 5090 	1231 	5098
f 2851 	5082 	5099
f 5094 	5077 	4113
f 5094 	4113 	5095
f 2850 	2405 	2836
f 5090 	5098 	5100
f 2851 	5099 	5101
f 2851 	5101 	1544
f 2652 	4971 	5096
f 1190 	5096 	4971
f 1242 	5097 	5096
f 1242 	5096 	1190
f 5100 	5098 	1241
f 2061 	5103 	2056
f 2413 	1493 	2855
f 5104 	5214 	2854
f 4144 	4193 	5102
f 2651 	5086 	2655
f 2652 	5096 	2651
f 5096 	5086 	2651
f 5114 	4146 	5103
f 1277 	5036 	1285
f 5107 	5122 	5108
f 4113 	4145 	5095
f 5108 	5122 	1247
f 5106 	5092 	5109
f 5093 	5109 	5092
f 1285 	5036 	5038
f 1285 	5038 	1286
f 5123 	5115 	5110
f 5095 	5109 	2059
f 5111 	5029 	5020
f 4999 	5020 	5029
f 1248 	5123 	5110
f 2059 	5109 	5093
f 2059 	5093 	2051
f 1247 	1106 	5107
f 5107 	1106 	4676
f 5092 	5106 	4112
f 4145 	4112 	5106
f 5035 	5036 	5111
f 5107 	5108 	1247
f 5109 	5095 	4145
f 5106 	5109 	4145
f 5031 	5028 	5112
f 5110 	5115 	1248
f 5112 	6664 	6672
f 6664 	5112 	5111
f 6664 	5111 	5015
f 5020 	5015 	5111
f 2659 	2658 	5107
f 5113 	4146 	5114
f 5112 	5034 	5111
f 5035 	5111 	5034
f 5573 	5113 	5114
f 5107 	2198 	2659
f 5123 	5128 	5115
f 5103 	2061 	5114
f 2662 	5115 	2661
f 5128 	2661 	5115
f 5478 	6515 	5009
f 2671 	5134 	5115
f 5102 	5103 	4144
f 4146 	4144 	5103
f 5115 	2662 	2671
f 5107 	2658 	5119
f 5119 	5122 	5107
f 5121 	5120 	4603
f 5117 	5116 	1291
f 5117 	1291 	1290
f 2068 	2063 	5132
f 5120 	5132 	2063
f 1119 	1254 	5119
f 5122 	5119 	1254
f 1989 	5120 	2063
f 1294 	5117 	1290
f 5122 	1254 	1247
f 4157 	5120 	4152
f 5126 	5161 	3595
f 5121 	4603 	4152
f 4152 	4603 	4052
f 3595 	2346 	5126
f 1248 	1258 	5123
f 5124 	5125 	4154
f 2065 	5137 	5125
f 2666 	2202 	5119
f 5124 	5461 	5125
f 5135 	5126 	5127
f 2666 	5119 	2665
f 2665 	5119 	2658
f 2065 	5125 	5461
f 5128 	2669 	2668
f 2661 	5128 	2668
f 5120 	4157 	5132
f 5128 	1258 	1262
f 5123 	1258 	5128
f 5130 	5129 	5127
f 5130 	5127 	5126
f 5132 	5131 	4608
f 4607 	4608 	5131
f 5128 	5159 	2669
f 1262 	5159 	5128
f 2346 	5183 	5126
f 2068 	5132 	4608
f 2068 	4608 	1995
f 1267 	1246 	5134
f 1246 	5115 	5134
f 5133 	1267 	5134
f 5131 	5132 	4157
f 5121 	4152 	5120
f 5126 	5135 	5161
f 4056 	5131 	4157
f 4154 	5137 	4159
f 4154 	5125 	5137
f 5136 	4159 	5137
f 5138 	5139 	5166
f 5165 	5166 	5139
f 4954 	4961 	4957
f 4967 	4957 	5143
f 5117 	5118 	5140
f 2065 	2070 	5137
f 5161 	5135 	5140
f 5141 	5140 	5135
f 5149 	5146 	4758
f 5163 	5140 	5118
f 4961 	5151 	5143
f 4994 	5144 	4760
f 5142 	4967 	5143
f 5143 	4957 	4961
f 4758 	4763 	5149
f 5183 	5129 	5130
f 5184 	5127 	5129
f 5143 	5145 	5142
f 5191 	5192 	5140
f 5191 	5140 	5141
f 4912 	5148 	4959
f 5117 	5140 	5116
f 5192 	5116 	5140
f 4912 	5212 	5148
f 5141 	5135 	5191
f 5190 	5191 	5135
f 4764 	5147 	4769
f 5130 	5126 	5183
f 4766 	4892 	5152
f 5165 	5139 	1271
f 4769 	5147 	5150
f 5386 	5163 	5155
f 5153 	5154 	5163
f 5155 	5163 	5154
f 1271 	5139 	5138
f 1271 	5138 	1272
f 5152 	4892 	5156
f 5169 	5155 	5116
f 5166 	1287 	5138
f 1272 	5138 	1278
f 5117 	5154 	5153
f 5117 	5153 	5118
f 2673 	5159 	2670
f 4898 	4895 	5157
f 1294 	1293 	5155
f 1294 	5155 	5154
f 4896 	4901 	5162
f 5155 	1293 	5116
f 1291 	5116 	1293
f 5158 	5159 	1284
f 1284 	5159 	1262
f 5157 	5160 	4898
f 1294 	5154 	5117
f 5158 	1284 	1267
f 5158 	1267 	5133
f 5118 	5153 	5163
f 5167 	5162 	4901
f 5134 	5159 	5158
f 5134 	5158 	5133
f 5161 	5478 	3709
f 5009 	3709 	5478
f 2674 	2669 	5159
f 2671 	2670 	5134
f 5134 	2670 	5159
f 5386 	5481 	5163
f 1458 	1287 	5166
f 1458 	5166 	5165
f 5161 	5140 	5163
f 1271 	1458 	5165
f 5481 	5479 	5163
f 5163 	5479 	5161
f 4902 	5164 	4905
f 1278 	5138 	1287
f 4904 	4906 	5170
f 4905 	5164 	5168
f 2674 	5159 	2673
f 5170 	4906 	5173
f 5175 	4911 	4909
f 1466 	1461 	5172
f 4911 	5175 	5176
f 4914 	4915 	5179
f 4915 	5181 	5179
f 5172 	1461 	5171
f 1146 	5171 	1461
f 5127 	5180 	5135
f 1146 	4731 	5171
f 4919 	4918 	5182
f 5129 	5183 	5184
f 4919 	5182 	5185
f 5127 	5184 	5180
f 2229 	2677 	5171
f 4923 	4925 	5186
f 5180 	5184 	5183
f 5180 	5183 	5178
f 5171 	2677 	2676
f 2675 	5194 	2676
f 4925 	5187 	5186
f 5200 	5178 	2346
f 5183 	2346 	5178
f 5177 	5197 	5188
f 5204 	2679 	5188
f 5177 	5188 	1462
f 5190 	5135 	5180
f 5188 	2680 	2688
f 5193 	4927 	5189
f 5116 	5192 	5169
f 5204 	2684 	2678
f 5204 	2678 	2679
f 2680 	5188 	2679
f 5195 	5172 	5194
f 5171 	5194 	5172
f 5178 	5388 	5190
f 5178 	5190 	5180
f 5171 	2676 	5194
f 4929 	4927 	5193
f 1466 	5172 	5195
f 5191 	5190 	5192
f 5190 	5388 	5192
f 4926 	4930 	5196
f 5388 	5386 	5192
f 5198 	5196 	4930
f 1465 	5197 	5177
f 1465 	5177 	1462
f 5200 	5375 	5178
f 5388 	5178 	5375
f 5195 	5194 	1466
f 5194 	4750 	1156
f 5201 	5211 	5200
f 5194 	2683 	4750
f 2232 	4750 	2683
f 4934 	4933 	5202
f 5450 	5201 	5203
f 2675 	2683 	5194
f 5204 	5188 	5197
f 5205 	5450 	5203
f 5205 	5203 	5201
f 5205 	5201 	5200
f 5199 	5202 	4933
f 1465 	1468 	5204
f 1465 	5204 	5197
f 4932 	4935 	5206
f 5453 	5205 	5200
f 5206 	4935 	5207
f 5208 	5261 	5209
f 4941 	4937 	5210
f 1550 	5105 	2854
f 5104 	2854 	5105
f 5148 	5219 	5151
f 4940 	4943 	5217
f 5210 	5213 	4941
f 5214 	5215 	2856
f 4939 	5237 	5216
f 5221 	5217 	4943
f 5214 	2856 	2854
f 4912 	4922 	5212
f 5219 	5148 	5212
f 5216 	5212 	4922
f 4922 	4920 	5216
f 4939 	5216 	4920
f 2424 	2857 	2419
f 2424 	2855 	2857
f 5220 	5227 	5219
f 2436 	2428 	1556
f 5219 	5223 	5151
f 5143 	5151 	5223
f 4944 	5218 	4948
f 4947 	4949 	5224
f 5234 	5225 	5229
f 4948 	5218 	5222
f 5224 	4949 	5226
f 1556 	2862 	2436
f 5228 	4953 	4951
f 2429 	2863 	2859
f 5219 	5229 	5223
f 4953 	5228 	5230
f 5219 	5227 	5229
f 4956 	4955 	5233
f 5232 	5233 	4955
f 2861 	2446 	2865
f 5227 	5275 	5231
f 5225 	5223 	5229
f 2446 	2973 	2865
f 5231 	5275 	3645
f 5235 	5236 	4960
f 4958 	4960 	5236
f 2440 	2448 	1561
f 4962 	4964 	5238
f 4945 	5268 	5237
f 4964 	5240 	5238
f 5245 	4968 	4966
f 5245 	4966 	5241
f 5220 	5216 	5237
f 4945 	5237 	4939
f 5239 	2866 	5243
f 1560 	2867 	2450
f 2870 	2865 	2973
f 4969 	4970 	5247
f 4969 	5247 	5246
f 5209 	5261 	1469
f 2866 	5239 	5248
f 2866 	5248 	2871
f 5249 	4973 	4972
f 5209 	1469 	5208
f 1469 	1463 	5208
f 2688 	5208 	5188
f 2870 	2984 	2867
f 1463 	5188 	5208
f 5250 	1568 	2871
f 5250 	2871 	5248
f 4973 	5249 	5251
f 5073 	1473 	5079
f 4976 	4979 	5255
f 4976 	5255 	5254
f 1475 	5253 	5252
f 1475 	5252 	1474
f 5208 	5260 	5261
f 5083 	1544 	5101
f 5260 	5208 	2687
f 2688 	2687 	5208
f 5105 	1550 	5215
f 5264 	5265 	5253
f 5243 	1568 	5250
f 1475 	1597 	5253
f 5256 	5257 	4981
f 4985 	4981 	5257
f 4980 	4986 	5258
f 5259 	5258 	4986
f 2685 	5260 	2687
f 5260 	2685 	2692
f 5266 	5267 	4988
f 1469 	5261 	1479
f 5261 	5260 	1479
f 1468 	5260 	5204
f 5204 	5260 	2692
f 4988 	4992 	5266
f 5252 	5253 	5265
f 4993 	4989 	5263
f 4989 	5262 	5263
f 5264 	5253 	1597
f 651 	2987 	653
f 692 	653 	1373
f 5265 	5264 	1597
f 5265 	1597 	1596
f 672 	2975 	671
f 3073 	3072 	573
f 262 	573 	3072
f 1474 	5252 	1596
f 5265 	1596 	5252
f 5220 	5237 	5244
f 5269 	5272 	5244
f 5227 	5220 	5244
f 5270 	5284 	5271
f 5270 	4994 	4755
f 5270 	4755 	5284
f 5276 	5269 	5351
f 5272 	5275 	5227
f 5227 	5244 	5272
f 5271 	2876 	5270
f 5269 	5276 	5272
f 5284 	5285 	5271
f 5284 	4755 	4758
f 5277 	5276 	5351
f 5336 	5337 	5269
f 5268 	5336 	5269
f 5270 	1574 	5278
f 5142 	3645 	4965
f 5225 	3645 	5145
f 5234 	5231 	3645
f 5277 	3645 	5275
f 5225 	5234 	3645
f 5142 	5145 	3645
f 4873 	4886 	3645
f 5278 	4763 	4760
f 5144 	5278 	4760
f 4994 	5270 	5278
f 4994 	5278 	5144
f 4931 	4873 	5280
f 5283 	5282 	5279
f 5278 	5302 	4763
f 5286 	4931 	5280
f 5285 	5284 	2881
f 5280 	5279 	5281
f 5281 	5279 	5282
f 5284 	4758 	5146
f 5288 	5273 	5287
f 5274 	5287 	5273
f 5290 	4942 	5286
f 5268 	4945 	5336
f 1575 	5273 	5288
f 5302 	2917 	5284
f 5302 	5284 	5146
f 5290 	5289 	4945
f 5336 	4945 	5289
f 5294 	5298 	5292
f 5282 	5294 	5292
f 5282 	5292 	5281
f 5298 	5290 	5286
f 5286 	5292 	5298
f 5147 	5291 	5150
f 2884 	5295 	5296
f 5298 	5294 	5300
f 5297 	5298 	5300
f 5297 	5300 	5299
f 5303 	5340 	5299
f 5283 	5305 	5301
f 5149 	4763 	5302
f 4714 	5060 	5062
f 5294 	5301 	5300
f 5304 	5300 	5301
f 5283 	5279 	5305
f 6938 	4778 	6978
f 4290 	6978 	4778
f 5059 	4778 	5306
f 5310 	5305 	5279
f 5308 	5309 	5307
f 6934 	5309 	5308
f 3660 	5338 	5313
f 5314 	3660 	5313
f 6937 	5314 	5313
f 5312 	5301 	5305
f 5319 	5316 	5312
f 5335 	5309 	5313
f 5313 	5309 	6937
f 6934 	5308 	5307
f 5301 	5312 	5316
f 5318 	5623 	5315
f 5303 	5304 	5315
f 5315 	5304 	5316
f 5301 	5316 	5304
f 5306 	5307 	5311
f 3658 	5065 	5321
f 3658 	5321 	3661
f 5310 	5328 	5317
f 5328 	5319 	5317
f 5312 	5317 	5319
f 5324 	5059 	5306
f 5318 	5319 	5330
f 5325 	5060 	5061
f 5320 	5063 	5325
f 5060 	5325 	5063
f 5061 	5059 	5324
f 5021 	5004 	5320
f 5329 	3661 	5321
f 5329 	5321 	5008
f 5310 	5279 	5322
f 5004 	5008 	5320
f 5321 	5320 	5008
f 5322 	5279 	5323
f 5325 	5061 	5326
f 5320 	5325 	5327
f 5310 	5322 	5328
f 5326 	5061 	5324
f 5320 	5327 	5021
f 5330 	5331 	5318
f 5008 	5027 	5329
f 5350 	5030 	5324
f 5033 	5022 	5030
f 5319 	5328 	5330
f 5326 	5324 	5325
f 5324 	5030 	5325
f 5021 	5327 	5325
f 5330 	5328 	5332
f 5027 	3661 	5329
f 1373 	5333 	5279
f 5323 	5279 	5332
f 3660 	3662 	5338
f 5334 	5279 	5333
f 5330 	5332 	5334
f 5332 	5279 	5334
f 5307 	5309 	5344
f 5335 	5344 	5309
f 5336 	5289 	5339
f 5346 	5311 	5344
f 5307 	5344 	5311
f 5341 	5306 	5346
f 5311 	5346 	5306
f 5335 	5313 	5338
f 5351 	5269 	5337
f 5289 	5297 	5339
f 5315 	5347 	5303
f 5339 	5299 	5340
f 5297 	5299 	5339
f 5306 	5341 	5324
f 5343 	5344 	5335
f 5339 	5340 	5342
f 5340 	5345 	5342
f 6995 	5343 	5335
f 5340 	5303 	5347
f 5348 	5338 	3662
f 5347 	5624 	5349
f 5324 	5341 	5350
f 5343 	6990 	5344
f 6990 	5350 	5344
f 5341 	5346 	5344
f 5348 	3662 	6998
f 5052 	5030 	5350
f 5352 	5277 	5351
f 5342 	5353 	5351
f 5351 	5337 	5342
f 5353 	5342 	5355
f 5878 	5358 	5357
f 5356 	5357 	5358
f 5342 	5345 	5355
f 5349 	5355 	5345
f 5359 	5354 	5879
f 5359 	5879 	5357
f 5353 	5355 	5360
f 5355 	5361 	5360
f 5362 	5363 	3663
f 5362 	5051 	5363
f 5878 	5880 	5363
f 5358 	5878 	5363
f 672 	677 	2975
f 5052 	5385 	5354
f 5369 	5354 	5385
f 677 	5662 	2975
f 4891 	6201 	5366
f 5354 	5359 	5357
f 5354 	5357 	5052
f 3655 	5051 	3663
f 5362 	3663 	5051
f 686 	5662 	677
f 3665 	5888 	5379
f 6216 	5870 	5366
f 5372 	5373 	5371
f 5375 	5200 	5211
f 5375 	5368 	5389
f 5389 	5368 	5174
f 5211 	5370 	5368
f 5211 	5368 	5375
f 5378 	5386 	5155
f 5381 	3665 	5379
f 5378 	5155 	5169
f 5393 	6236 	5382
f 5386 	5378 	5169
f 5885 	5373 	5379
f 5379 	5373 	7064
f 5174 	5466 	5383
f 5389 	5174 	5383
f 7037 	7039 	5385
f 5386 	5508 	5481
f 5376 	5369 	5371
f 5385 	5371 	5369
f 5169 	5192 	5386
f 5385 	5052 	5350
f 5380 	6231 	5390
f 4812 	5391 	4810
f 5392 	4810 	5391
f 5391 	4414 	5392
f 6259 	6245 	6344
f 5394 	5392 	4416
f 4418 	4414 	5391
f 4418 	5391 	5395
f 4416 	5039 	5671
f 5394 	4416 	5671
f 5395 	4812 	4418
f 4421 	4418 	4812
f 5392 	5394 	5671
f 3749 	3374 	3750
f 3749 	3405 	3375
f 5398 	3750 	3374
f 4812 	5395 	5391
f 5399 	3382 	3762
f 3384 	3438 	3382
f 3848 	3762 	3429
f 3764 	3761 	3383
f 3390 	3388 	3442
f 5402 	3764 	3383
f 5405 	3392 	3845
f 3843 	3845 	3392
f 3392 	3394 	3843
f 3798 	3419 	3847
f 3401 	3847 	3400
f 3749 	3847 	3401
f 3401 	3405 	3749
f 5404 	4815 	5403
f 4814 	5403 	4815
f 3412 	3847 	3419
f 5400 	5403 	4814
f 5400 	4814 	5789
f 3429 	3427 	3848
f 3435 	3459 	3427
f 4810 	5670 	4814
f 3761 	3905 	3430
f 3442 	3761 	3432
f 3848 	3427 	3459
f 3905 	3832 	3430
f 3854 	3843 	3471
f 5799 	5409 	5410
f 3854 	3471 	3487
f 5400 	5401 	5409
f 5410 	5409 	5401
f 5412 	3863 	3499
f 5414 	3513 	3873
f 3560 	3555 	3513
f 4819 	5415 	5416
f 4819 	5416 	4818
f 3862 	3874 	3522
f 3522 	3527 	3862
f 3863 	3862 	3499
f 5416 	5415 	5403
f 5404 	5403 	5415
f 5409 	4818 	5416
f 3543 	3537 	3874
f 5403 	5400 	5409
f 5403 	5409 	5416
f 3558 	3567 	3554
f 3513 	3516 	3560
f 3554 	3865 	3555
f 5404 	5415 	4819
f 5404 	4819 	4815
f 6285 	5418 	5411
f 3888 	3887 	3580
f 5420 	3888 	3580
f 5419 	6300 	5413
f 3894 	5422 	3597
f 3635 	3895 	3640
f 3597 	3592 	3895
f 3887 	3601 	3602
f 3602 	3607 	3887
f 6423 	5423 	6304
f 4343 	3620 	3897
f 6292 	6305 	5417
f 3895 	3635 	3631
f 3631 	3784 	3903
f 3797 	3798 	3904
f 3847 	3904 	3798
f 5426 	5434 	5427
f 3816 	3817 	3904
f 3799 	3904 	3817
f 3828 	3827 	3906
f 3827 	3834 	3906
f 5425 	6307 	5428
f 5427 	4826 	5426
f 4823 	4826 	5427
f 5426 	4826 	6453
f 3831 	3832 	3905
f 3465 	3430 	3832
f 6443 	5421 	5426
f 3849 	3906 	3851
f 5430 	6440 	6332
f 5427 	5424 	4823
f 3487 	3490 	3854
f 3868 	3875 	3861
f 5434 	5435 	5427
f 4225 	3854 	4121
f 5421 	6443 	5437
f 5428 	6312 	5431
f 3904 	4206 	3883
f 3904 	3883 	3816
f 5434 	5426 	5437
f 5421 	5437 	5426
f 3893 	3896 	4206
f 3896 	3899 	3884
f 3885 	3884 	3899
f 5435 	5424 	5427
f 3909 	3850 	3913
f 3905 	3913 	3850
f 5438 	5439 	5449
f 5440 	5449 	5439
f 5174 	5368 	5440
f 5441 	4833 	5424
f 4823 	5424 	4833
f 5441 	5424 	5435
f 5435 	5434 	4830
f 5440 	5439 	1607
f 5440 	1607 	1606
f 1607 	5439 	1614
f 4159 	5136 	5468
f 1606 	5466 	5440
f 5446 	4161 	5445
f 5448 	5211 	5447
f 5211 	5201 	5447
f 5446 	5445 	4612
f 5449 	5440 	5368
f 5201 	5450 	5447
f 5445 	2075 	4612
f 1999 	4612 	2075
f 5448 	5452 	5211
f 5370 	5211 	5452
f 5453 	5450 	5205
f 5449 	5368 	5452
f 5370 	5452 	5368
f 5446 	4611 	4161
f 4063 	4161 	4611
f 5453 	5200 	5455
f 5456 	5457 	4165
f 5485 	4165 	5457
f 5447 	5455 	5448
f 5453 	5455 	5447
f 2078 	5485 	5457
f 5447 	5450 	5453
f 5449 	5452 	5448
f 5448 	5715 	5449
f 5462 	5461 	5124
f 2083 	2081 	5461
f 5455 	5200 	2346
f 2065 	5461 	2081
f 4154 	5462 	5124
f 5466 	5467 	5470
f 5389 	5383 	5466
f 5464 	5470 	5467
f 5468 	5469 	4169
f 4167 	4169 	5461
f 5467 	5439 	5464
f 5438 	5464 	5439
f 5462 	4154 	4167
f 5174 	5440 	5466
f 5461 	4169 	5469
f 1615 	1614 	5467
f 1615 	5467 	5466
f 5137 	5469 	5468
f 5137 	5468 	5136
f 1614 	5439 	5467
f 2083 	5461 	5469
f 1615 	5466 	1606
f 2083 	5469 	5137
f 2083 	5137 	2070
f 5389 	5466 	5470
f 5462 	4167 	5461
f 5721 	5389 	5470
f 4159 	5468 	4169
f 5438 	5449 	5464
f 5470 	5464 	5449
f 5472 	4170 	5471
f 5455 	5715 	5448
f 5717 	5715 	5723
f 5470 	5449 	5715
f 6467 	6444 	6452
f 5472 	5471 	5457
f 5472 	5457 	5456
f 5473 	5474 	5482
f 5475 	5482 	5474
f 5471 	2087 	5457
f 2078 	5457 	2087
f 5487 	5475 	5474
f 5474 	5473 	1623
f 5474 	1623 	1622
f 5456 	4165 	5472
f 4170 	5472 	4165
f 1622 	5487 	5474
f 5445 	4161 	5477
f 5476 	4633 	5477
f 4772 	4770 	4777
f 5478 	5161 	5480
f 2075 	5445 	5477
f 2075 	5477 	2089
f 5507 	5480 	5479
f 4777 	4779 	4772
f 2089 	5477 	2024
f 4786 	4784 	4794
f 4176 	4087 	5476
f 4794 	4795 	4786
f 5483 	5511 	5482
f 4161 	4176 	5477
f 5476 	5477 	4176
f 4831 	4828 	4837
f 5480 	5507 	5483
f 4837 	4838 	4831
f 4165 	5485 	4179
f 5484 	4179 	5485
f 5479 	5480 	5161
f 4863 	4862 	4869
f 5485 	5517 	5484
f 5514 	5484 	5517
f 5475 	5496 	5482
f 5483 	5482 	5480
f 4869 	4870 	4863
f 5485 	2078 	2091
f 5487 	5488 	5496
f 2091 	5517 	5485
f 389 	388 	5492
f 2324 	5492 	388
f 5498 	5488 	5473
f 5487 	5486 	5475
f 1629 	1628 	5488
f 1629 	5488 	5487
f 5490 	5491 	4181
f 5493 	4181 	5491
f 1623 	5473 	5488
f 1623 	5488 	1628
f 5492 	5500 	389
f 1629 	5487 	1622
f 4642 	5490 	5489
f 5492 	2324 	5666
f 5494 	5492 	4775
f 5491 	5490 	2093
f 5491 	2093 	2095
f 6516 	6515 	5478
f 5480 	5482 	5478
f 6516 	5478 	5495
f 2331 	5666 	2324
f 2093 	5490 	4642
f 2093 	4642 	2030
f 5486 	5487 	5496
f 5500 	2326 	389
f 2035 	5491 	2095
f 5496 	5667 	5497
f 6272 	5810 	5500
f 5497 	5667 	5495
f 5478 	5482 	5496
f 5486 	5496 	5475
f 4180 	4093 	5489
f 5496 	5497 	5495
f 5495 	5478 	5496
f 5489 	5490 	4180
f 4181 	4180 	5490
f 5482 	5511 	5473
f 5492 	5494 	5500
f 5499 	5500 	5494
f 4789 	5499 	4775
f 5494 	4775 	5499
f 5504 	5505 	4183
f 5501 	4183 	5505
f 5502 	5688 	5516
f 5499 	4789 	5500
f 5500 	4789 	6272
f 5479 	5506 	5507
f 5503 	5523 	5504
f 5657 	392 	5509
f 2099 	2097 	5505
f 2099 	5505 	5504
f 5479 	5481 	5508
f 5479 	5508 	5506
f 5510 	5511 	5483
f 5512 	4790 	5659
f 5498 	5473 	5511
f 5657 	5509 	5659
f 5512 	5659 	5509
f 2099 	5504 	5523
f 5510 	5483 	5507
f 5388 	5664 	5507
f 5506 	5388 	5507
f 2327 	5822 	5509
f 5508 	5386 	5506
f 5386 	5388 	5506
f 5510 	5507 	5511
f 5507 	5664 	5511
f 4184 	5504 	4183
f 5503 	5504 	4184
f 5665 	5498 	5511
f 4189 	5524 	4184
f 5503 	4184 	5524
f 5471 	4170 	5517
f 5519 	5515 	5722
f 2087 	5471 	5517
f 2087 	5517 	2101
f 5389 	5721 	5518
f 2101 	5517 	2091
f 5519 	5722 	5516
f 4179 	5484 	5514
f 4187 	4179 	5514
f 5375 	5513 	5520
f 5515 	5520 	5513
f 5389 	5513 	5375
f 4170 	4187 	5517
f 5514 	5517 	4187
f 3918 	4211 	3919
f 3924 	4734 	3918
f 3923 	4209 	3922
f 4119 	4115 	3923
f 5522 	5523 	4189
f 5524 	4189 	5523
f 4121 	4125 	4130
f 4130 	4225 	4121
f 5521 	5501 	5522
f 5505 	5522 	5501
f 4130 	4129 	4225
f 5524 	5523 	5503
f 4261 	4259 	3921
f 3921 	4259 	4260
f 3921 	4260 	3874
f 5523 	5522 	2104
f 5523 	2104 	2106
f 4270 	4272 	3921
f 2104 	5522 	5505
f 2104 	5505 	2097
f 2099 	5523 	2106
f 4280 	4279 	3865
f 4292 	4228 	4279
f 4279 	4284 	4292
f 4183 	5501 	5521
f 4188 	4183 	5521
f 5521 	5522 	4188
f 4189 	4188 	5522
f 4231 	4312 	4302
f 4270 	3921 	4302
f 4231 	4741 	4311
f 4312 	4231 	4311
f 4305 	4302 	4312
f 4228 	4319 	4331
f 3865 	4279 	4228
f 4325 	4331 	4319
f 4332 	4742 	4328
f 5102 	5525 	5103
f 5526 	5103 	5525
f 4325 	4335 	4331
f 5204 	2692 	2684
f 5526 	2118 	2112
f 4742 	4228 	4328
f 2363 	2127 	1802
f 1731 	1802 	2127
f 3897 	4342 	4343
f 4349 	3620 	4343
f 4399 	3936 	4442
f 4399 	4404 	3936
f 5149 	5302 	5146
f 5527 	5528 	5530
f 5529 	5530 	5528
f 4417 	3903 	3783
f 3937 	3903 	4415
f 4415 	4423 	3937
f 4472 	4203 	4439
f 5532 	5533 	5535
f 5534 	5535 	5533
f 5150 	5291 	5531
f 2883 	2921 	5291
f 4455 	4456 	4235
f 4464 	4444 	4456
f 5536 	5537 	5539
f 5538 	5539 	5537
f 2888 	2883 	5293
f 4473 	4723 	4203
f 4472 	4473 	4203
f 3937 	4439 	4203
f 2886 	5558 	2884
f 5541 	5543 	5540
f 5542 	5540 	5543
f 5544 	5545 	5547
f 5546 	5547 	5545
f 5147 	4764 	5291
f 5564 	5291 	4764
f 5548 	5549 	5551
f 5550 	5551 	5549
f 5295 	2884 	5558
f 5552 	5553 	5555
f 5554 	5555 	5553
f 5564 	5293 	5291
f 5558 	5296 	5295
f 5557 	5560 	5556
f 5559 	5556 	5560
f 5296 	5558 	5561
f 5558 	2886 	5561
f 5296 	5561 	1580
f 4764 	4766 	5564
f 5152 	5564 	4766
f 5564 	5565 	5293
f 2888 	5565 	5564
f 5568 	4769 	5531
f 5150 	5531 	4769
f 5156 	4892 	5568
f 5568 	4892 	4769
f 5156 	5568 	5152
f 5564 	5152 	5568
f 5567 	5566 	5576
f 5562 	5569 	5572
f 5572 	5563 	5562
f 5526 	2112 	5103
f 2056 	5103 	2112
f 5525 	5102 	4193
f 5525 	4193 	5526
f 5570 	5571 	4196
f 2120 	5571 	2114
f 5570 	4196 	5584
f 4193 	4197 	5526
f 5573 	5114 	5574
f 5566 	5575 	5576
f 5574 	2118 	5526
f 2118 	5574 	5114
f 2118 	5114 	2061
f 5573 	4197 	5113
f 4146 	5113 	4197
f 5577 	5578 	5580
f 5579 	5580 	5578
f 5573 	5574 	4197
f 5574 	5526 	4197
f 4196 	5571 	4198
f 5583 	4198 	5571
f 5582 	4198 	5583
f 4689 	5580 	5579
f 4689 	5581 	5580
f 5577 	5580 	5581
f 5583 	5587 	5582
f 5571 	2120 	5583
f 2120 	5587 	5583
f 4198 	5582 	5586
f 5576 	5578 	5567
f 4199 	4202 	5585
f 5585 	5571 	5584
f 5570 	5584 	5571
f 5585 	2122 	5571
f 2114 	5571 	2122
f 4196 	4199 	5584
f 5584 	4199 	5585
f 5576 	5579 	5578
f 5588 	5589 	5590
f 5587 	5586 	5582
f 5591 	5592 	5590
f 2122 	5585 	5587
f 2124 	3825 	2122
f 5590 	5593 	5588
f 2124 	5587 	2120
f 5590 	1368 	5593
f 4202 	4198 	5586
f 5593 	5572 	5588
f 5569 	5588 	5572
f 5587 	5585 	4202
f 5586 	5587 	4202
f 5597 	5596 	5595
f 5597 	5595 	5594
f 2128 	2133 	5595
f 2128 	5595 	5596
f 2128 	5596 	2129
f 5575 	5598 	5579
f 5575 	5579 	5576
f 5596 	4208 	5602
f 2133 	5599 	5595
f 5599 	4214 	5595
f 5602 	2132 	5596
f 2129 	5596 	2132
f 2132 	5602 	5599
f 2132 	5599 	2133
f 4214 	4207 	5595
f 5597 	4208 	5596
f 4208 	4215 	5602
f 4208 	5597 	4207
f 5594 	4207 	5597
f 5603 	5633 	5604
f 2135 	2134 	5606
f 2135 	5606 	5604
f 2135 	5604 	5633
f 5604 	4210 	5603
f 5607 	5599 	5602
f 5607 	5602 	5609
f 5607 	5609 	4215
f 5594 	5595 	4207
f 4214 	5599 	5607
f 5609 	5602 	4215
f 4215 	4214 	5607
f 5600 	5589 	5601
f 5615 	5611 	4217
f 5610 	4216 	4217
f 5610 	4217 	5611
f 5612 	4221 	5606
f 5589 	5588 	5601
f 5604 	5606 	4210
f 4210 	5606 	4221
f 5644 	4221 	5612
f 4476 	4238 	4717
f 4203 	4717 	4238
f 4728 	3893 	4206
f 3898 	3893 	4728
f 4211 	4734 	4206
f 4728 	4206 	4734
f 5589 	5600 	5605
f 5605 	5590 	5589
f 2149 	5618 	5614
f 4211 	3918 	4734
f 3913 	4209 	3923
f 5615 	5614 	5610
f 5615 	5610 	5611
f 2145 	2149 	5614
f 5615 	2148 	2146
f 4129 	4740 	4225
f 2145 	5614 	5615
f 2145 	5615 	2146
f 4228 	4742 	4741
f 5616 	4226 	5618
f 5591 	5605 	5608
f 2148 	5615 	5619
f 5618 	5619 	5617
f 5618 	5617 	5616
f 5513 	5389 	5518
f 5355 	5349 	5620
f 5515 	5519 	5516
f 5515 	5516 	5520
f 5388 	5375 	5520
f 3974 	2146 	2148
f 2148 	5619 	5618
f 2148 	5618 	2149
f 5616 	5617 	4227
f 5616 	4227 	4226
f 4747 	4455 	4235
f 4216 	5618 	4226
f 5610 	5614 	4216
f 4216 	5614 	5618
f 5347 	5315 	5623
f 4235 	4228 	693
f 4217 	4227 	5619
f 5617 	5619 	4227
f 4217 	5619 	5615
f 4238 	4753 	4747
f 5347 	5623 	5624
f 5630 	5620 	5624
f 5626 	5627 	4229
f 5625 	4229 	5627
f 5399 	3762 	3750
f 5399 	3750 	5398
f 5623 	5318 	5628
f 5923 	5626 	5613
f 5405 	3845 	3764
f 5405 	3764 	5402
f 2157 	2152 	5627
f 2157 	5627 	5626
f 5318 	5637 	5628
f 5629 	5628 	5638
f 5629 	5630 	5624
f 2157 	5626 	5923
f 2157 	5923 	2174
f 5625 	5920 	4229
f 5349 	5624 	5620
f 5630 	5631 	5620
f 5412 	3873 	3863
f 5613 	5626 	4222
f 4222 	5626 	4229
f 5414 	3873 	5412
f 5621 	5620 	5631
f 5420 	3894 	3888
f 5634 	5633 	5603
f 5422 	3894 	5420
f 5630 	5629 	5635
f 5629 	5638 	5635
f 5633 	5632 	2159
f 5633 	2159 	2161
f 5271 	5285 	2876
f 5635 	5645 	5636
f 2159 	5632 	5606
f 2159 	5606 	2134
f 2135 	5633 	2161
f 4210 	5634 	5603
f 4236 	5633 	4233
f 2877 	5274 	5273
f 2877 	5273 	1573
f 5331 	5333 	5637
f 5318 	5331 	5637
f 5634 	4210 	4233
f 5638 	5628 	5637
f 2881 	2876 	5285
f 5639 	6175 	5640
f 2880 	5287 	2877
f 5274 	2877 	5287
f 2164 	2163 	5641
f 2164 	5641 	5640
f 5637 	5333 	5642
f 1373 	5642 	5333
f 2881 	5284 	2917
f 5642 	1373 	5643
f 1575 	5288 	2880
f 5287 	2880 	5288
f 2164 	5640 	6175
f 5640 	4234 	5639
f 5633 	4236 	5632
f 5638 	5643 	5645
f 2883 	5291 	5293
f 5612 	5606 	5632
f 5612 	5632 	5644
f 5645 	5646 	5636
f 5638 	5645 	5635
f 5923 	5613 	5647
f 5643 	5648 	5645
f 5613 	4222 	5647
f 4237 	5647 	4222
f 5634 	4233 	5633
f 5644 	5632 	4236
f 5531 	5291 	2921
f 5643 	1373 	5648
f 4236 	4221 	5644
f 5565 	2888 	5293
f 5650 	4239 	5641
f 1580 	5561 	2886
f 3645 	5277 	5352
f 5360 	1373 	5352
f 5361 	1373 	5360
f 5631 	1373 	5621
f 5636 	5646 	1373
f 5649 	5648 	1373
f 5646 	5649 	1373
f 5631 	5636 	1373
f 5361 	5621 	1373
f 3645 	5352 	1373
f 4790 	5512 	5509
f 1580 	1577 	5296
f 5568 	2925 	5564
f 5157 	4895 	5651
f 2890 	5654 	2918
f 5652 	5653 	4672
f 4872 	5652 	4672
f 392 	391 	5509
f 2327 	5509 	391
f 4872 	1372 	5656
f 5655 	5656 	3069
f 2330 	392 	5657
f 3069 	5656 	1373
f 1373 	653 	2987
f 1372 	1373 	5656
f 5656 	5652 	4872
f 5622 	5488 	5498
f 4790 	4800 	5659
f 5655 	5661 	5656
f 5660 	5656 	5661
f 5656 	5660 	5653
f 5656 	5653 	5652
f 5654 	2890 	5651
f 5502 	5711 	5663
f 5278 	2891 	5658
f 5659 	4800 	5657
f 686 	688 	5662
f 5663 	5688 	5502
f 5651 	4896 	5726
f 4895 	4896 	5651
f 5162 	5726 	4896
f 688 	1373 	5662
f 394 	5666 	395
f 2334 	5810 	394
f 6642 	5495 	5664
f 5654 	5651 	5726
f 5622 	5665 	5488
f 5496 	5488 	5665
f 2331 	395 	5666
f 5665 	5667 	5496
f 5302 	5278 	5658
f 5495 	5667 	5664
f 5279 	5662 	1373
f 2916 	5651 	2890
f 4833 	5441 	5435
f 4833 	5435 	4830
f 4803 	4807 	5669
f 6261 	5492 	5666
f 5789 	4814 	5670
f 6261 	5666 	4802
f 5668 	4802 	5666
f 688 	692 	1373
f 3069 	1373 	2987
f 5041 	5672 	5671
f 5671 	5672 	5673
f 1887 	2575 	5674
f 2710 	2731 	5674
f 5674 	5662 	5279
f 5674 	5279 	4873
f 5658 	2891 	2917
f 5680 	398 	2333
f 5673 	5689 	5671
f 4877 	4879 	5675
f 4877 	5675 	5676
f 5670 	5392 	5671
f 4810 	5392 	5670
f 5736 	5676 	5675
f 5680 	2333 	2332
f 5680 	5834 	401
f 5740 	5736 	5675
f 5740 	5675 	5677
f 5683 	399 	403
f 5678 	5679 	3668
f 3654 	3668 	5679
f 4877 	5676 	4884
f 5696 	5679 	5678
f 5681 	5682 	4879
f 5677 	5675 	5682
f 4879 	5682 	5675
f 5388 	6648 	5664
f 5665 	5511 	5664
f 2336 	401 	5834
f 401 	398 	5680
f 5672 	5042 	5679
f 5041 	5042 	5672
f 5682 	5681 	5757
f 5696 	5672 	5679
f 5622 	5498 	5665
f 5677 	5682 	5684
f 3669 	3679 	5783
f 5667 	5665 	5664
f 5684 	5682 	5760
f 5783 	5784 	3669
f 3655 	3669 	5784
f 5757 	5681 	4879
f 5695 	3668 	3670
f 4882 	5686 	5687
f 3656 	5696 	3670
f 5727 	5688 	5663
f 5832 	5831 	5686
f 5687 	5686 	5831
f 5690 	5691 	5689
f 5055 	5689 	5691
f 5737 	5685 	5693
f 5692 	5832 	5686
f 5688 	5737 	5693
f 5590 	5605 	5591
f 5670 	5671 	5689
f 5690 	5689 	5673
f 5685 	5520 	5688
f 5520 	5516 	5688
f 5690 	5673 	5691
f 5672 	5691 	5673
f 5688 	5693 	5685
f 5678 	3668 	5695
f 5588 	5569 	5601
f 5562 	5601 	5569
f 3656 	5056 	5696
f 5695 	3670 	5696
f 5708 	5699 	5700
f 5708 	5700 	5707
f 5678 	5695 	5696
f 5708 	2520 	5699
f 5056 	5055 	5691
f 5056 	5691 	5696
f 5700 	5699 	5697
f 5672 	5696 	5691
f 2513 	2517 	5699
f 5877 	5701 	5702
f 5563 	5697 	5698
f 5697 	5707 	5700
f 5702 	5701 	5703
f 5704 	5984 	5698
f 5697 	5704 	5698
f 5697 	5699 	5704
f 5699 	2518 	5704
f 2517 	2518 	5699
f 5705 	5050 	5701
f 5877 	5702 	5703
f 2513 	5699 	2520
f 5709 	5710 	5719
f 5710 	5711 	5719
f 5502 	5516 	5711
f 5707 	5706 	5708
f 5706 	5714 	5708
f 5714 	2524 	5708
f 2520 	5708 	2522
f 5706 	5697 	5563
f 5707 	5697 	5706
f 5712 	4901 	4898
f 5160 	5712 	4898
f 5711 	5710 	1689
f 5711 	1689 	1688
f 2916 	5713 	5712
f 5157 	5651 	5712
f 1689 	5710 	1694
f 2522 	5708 	2524
f 5160 	5157 	5712
f 2916 	5712 	5651
f 5706 	5716 	5714
f 5713 	5746 	5712
f 5717 	5515 	5715
f 5513 	5715 	5515
f 5724 	5714 	5716
f 5746 	4901 	5712
f 5719 	5711 	5516
f 5773 	5718 	5720
f 5773 	5720 	5772
f 5513 	5518 	5715
f 5721 	5715 	5518
f 5773 	2548 	5718
f 5722 	5515 	5717
f 5724 	5716 	5718
f 5720 	5718 	5716
f 2530 	2531 	5718
f 2526 	2530 	5718
f 5722 	5719 	5516
f 2918 	5726 	2923
f 5563 	5716 	5706
f 5716 	5774 	5720
f 5772 	5720 	5774
f 5719 	5717 	5723
f 5455 	5723 	5715
f 2920 	5738 	5768
f 3352 	5724 	2531
f 3365 	2545 	3364
f 5724 	5718 	2531
f 5721 	5470 	5715
f 2925 	5739 	2921
f 5990 	5730 	5724
f 5722 	5717 	5719
f 2534 	2535 	5704
f 5531 	2921 	5739
f 5733 	5725 	5719
f 5725 	5733 	5728
f 5654 	5726 	5729
f 5728 	5710 	5725
f 5709 	5725 	5710
f 2918 	5654 	5729
f 2542 	2541 	5730
f 5714 	5730 	2541
f 5727 	5663 	5711
f 5302 	5658 	5731
f 5714 	5724 	5730
f 1695 	1694 	5728
f 1695 	5728 	5727
f 5731 	5658 	2917
f 6026 	2936 	5730
f 1694 	5710 	5728
f 5162 	5746 	5726
f 5746 	2923 	5726
f 1695 	5727 	5711
f 1695 	5711 	1688
f 5729 	5726 	2918
f 2917 	5302 	5731
f 6790 	5685 	5732
f 4882 	5687 	5831
f 5727 	5728 	5733
f 5688 	5727 	5733
f 5736 	4890 	4884
f 5735 	5736 	4884
f 5685 	5737 	5732
f 5676 	5736 	5735
f 5733 	5737 	5688
f 5760 	5736 	5740
f 6790 	5732 	5723
f 5733 	5719 	5723
f 5709 	5719 	5725
f 5676 	5735 	4884
f 5164 	5734 	5168
f 5732 	5737 	5733
f 5732 	5733 	5723
f 5738 	2920 	5734
f 5713 	2916 	2923
f 5743 	5759 	5744
f 5741 	5767 	5745
f 5743 	5744 	5899
f 5750 	5741 	5745
f 5744 	5904 	1698
f 5754 	5734 	2924
f 1698 	5899 	5744
f 5746 	5713 	5748
f 5746 	5167 	4901
f 5741 	5749 	5747
f 5741 	5747 	5742
f 2346 	5756 	5455
f 5748 	5713 	2923
f 5750 	5765 	5749
f 5748 	2923 	5746
f 5750 	5749 	5741
f 5162 	5167 	5746
f 5749 	4886 	5747
f 5752 	5751 	5753
f 5752 	5753 	5756
f 2920 	2924 	5734
f 5168 	5734 	5754
f 4888 	5747 	4886
f 5742 	5747 	4888
f 5754 	2924 	5755
f 5736 	5758 	4890
f 5757 	4890 	5758
f 5752 	5756 	5909
f 2926 	2920 	5768
f 2346 	2358 	5756
f 5758 	5682 	5757
f 5759 	5918 	5744
f 5736 	5760 	5758
f 5775 	1584 	5766
f 5760 	5682 	5758
f 4879 	4890 	5757
f 5164 	4902 	5734
f 5769 	4893 	5763
f 5743 	5897 	5759
f 5741 	4888 	5764
f 5742 	4888 	5741
f 5759 	5901 	5762
f 5761 	5759 	5762
f 5768 	5738 	5734
f 5769 	5763 	5764
f 5753 	5762 	5756
f 5568 	5531 	5739
f 5765 	5763 	5749
f 5455 	5756 	5901
f 5775 	5766 	5170
f 5755 	2924 	3080
f 5767 	5741 	5764
f 5734 	4904 	5766
f 4902 	4904 	5734
f 5170 	5766 	4904
f 5768 	5766 	2926
f 5767 	5764 	5763
f 5767 	5763 	5765
f 5770 	5739 	2925
f 5943 	5969 	3081
f 5768 	5734 	5766
f 5568 	5739 	5770
f 5764 	5771 	5769
f 2545 	2546 	5724
f 5990 	5724 	2546
f 3426 	2940 	2546
f 5724 	3364 	2545
f 3352 	3364 	5724
f 5770 	2925 	5568
f 1586 	3082 	5946
f 3080 	1584 	5775
f 5168 	5754 	4905
f 5969 	5970 	3083
f 2526 	5718 	2548
f 3083 	3081 	5969
f 5774 	5716 	5563
f 5173 	4906 	5775
f 5754 	5775 	4906
f 5754 	4906 	4905
f 5963 	3085 	1588
f 5772 	5774 	5773
f 5777 	5773 	5774
f 5755 	3080 	5776
f 5754 	5755 	5775
f 5776 	5775 	5755
f 2555 	2551 	5773
f 2548 	5773 	2551
f 5170 	5173 	5775
f 5796 	5777 	5786
f 5775 	5776 	3080
f 5786 	5774 	5563
f 2379 	1588 	3093
f 2555 	5773 	5777
f 3082 	3085 	5945
f 3089 	5947 	3081
f 5952 	5947 	3089
f 5779 	5780 	5781
f 5779 	5781 	5782
f 5780 	2561 	5781
f 2558 	5781 	2561
f 5779 	5778 	5780
f 5780 	5778 	5797
f 5784 	5783 	5881
f 2563 	2561 	5780
f 5806 	5807 	5778
f 5797 	2568 	5780
f 5796 	5786 	5781
f 5782 	5781 	5786
f 5670 	5787 	5785
f 5785 	5787 	5788
f 5781 	2558 	2567
f 5787 	5054 	5788
f 2567 	2571 	5781
f 5694 	5054 	5787
f 5779 	5782 	5786
f 5779 	5786 	5778
f 5701 	5785 	5788
f 5705 	5701 	5788
f 5787 	5670 	5689
f 5694 	5787 	5689
f 3482 	3446 	5797
f 2563 	5780 	2568
f 5802 	5804 	3671
f 5796 	5781 	2571
f 5790 	5400 	5789
f 5401 	5400 	5790
f 5774 	5786 	5777
f 2576 	5777 	2577
f 5792 	2577 	5777
f 5799 	5410 	5401
f 5799 	5401 	5790
f 5777 	5796 	5792
f 5791 	5793 	5790
f 5804 	5801 	5793
f 2961 	3470 	5792
f 5815 	5793 	5791
f 5804 	5794 	3672
f 3672 	5794 	5795
f 2893 	5796 	2892
f 2893 	3632 	5796
f 3444 	3477 	2571
f 2571 	2892 	5796
f 5804 	5793 	5794
f 2897 	3482 	5797
f 5815 	5791 	5790
f 2897 	5797 	5798
f 5798 	5797 	5821
f 4818 	5409 	5872
f 5409 	5799 	5872
f 5799 	5846 	5872
f 5800 	5846 	5799
f 2897 	5798 	2899
f 5790 	5801 	5799
f 5790 	5793 	5801
f 5800 	5799 	5801
f 3644 	5798 	2970
f 5809 	5803 	5805
f 5809 	5805 	5808
f 3672 	3671 	5804
f 5809 	2908 	5803
f 2332 	399 	5683
f 5807 	5806 	5803
f 5805 	5803 	5806
f 5803 	2901 	2903
f 4881 	6283 	5683
f 5683 	6283 	5680
f 5669 	5680 	4803
f 5797 	5778 	5807
f 2332 	5683 	5680
f 5808 	5805 	5806
f 5680 	6283 	4803
f 5866 	5867 	3673
f 3676 	3673 	5829
f 5806 	5778 	5563
f 5778 	5786 	5563
f 3671 	3675 	5851
f 5802 	3671 	5851
f 2903 	2905 	5803
f 5807 	5803 	2905
f 2334 	2326 	5810
f 3675 	3678 	5819
f 5807 	5821 	5797
f 406 	5822 	2335
f 2901 	5803 	2908
f 5666 	394 	5810
f 5811 	5820 	5809
f 5811 	5809 	5808
f 5810 	5814 	5668
f 5810 	5668 	5666
f 5820 	2911 	5809
f 2908 	5809 	2910
f 5849 	5816 	5812
f 5815 	5812 	5816
f 4805 	5668 	5814
f 5816 	5793 	5815
f 5834 	5680 	5817
f 5808 	5806 	5811
f 5817 	5669 	4807
f 5818 	5819 	3678
f 5811 	5806 	5563
f 5819 	5818 	5794
f 5795 	5794 	5818
f 2326 	5500 	5810
f 4805 	5810 	6272
f 2927 	3687 	5820
f 2910 	5809 	2911
f 5814 	5810 	4805
f 5816 	5849 	5819
f 2913 	5821 	2912
f 2913 	3674 	5821
f 5821 	5807 	2912
f 5817 	4807 	5834
f 5794 	5793 	5816
f 5794 	5816 	5819
f 5855 	4811 	5823
f 4160 	3324 	3677
f 5812 	5815 	5790
f 5790 	5789 	5812
f 5822 	5855 	5823
f 2927 	5820 	2928
f 5818 	3678 	5795
f 3672 	5795 	3678
f 5826 	5827 	5825
f 3698 	2928 	3330
f 4182 	3698 	3330
f 2335 	5822 	2327
f 5828 	5825 	5864
f 5822 	5823 	4811
f 4893 	4886 	5749
f 5749 	5763 	4893
f 5830 	3676 	5829
f 5771 	5764 	4894
f 4888 	4894 	5764
f 5771 	4894 	4893
f 5771 	4893 	5769
f 5830 	5829 	5896
f 2337 	5836 	403
f 5831 	5832 	4897
f 5961 	4897 	5832
f 5829 	5863 	5827
f 5829 	5827 	5896
f 5966 	5961 	5832
f 5966 	5832 	5833
f 5833 	5832 	5692
f 5842 	2340 	2339
f 5831 	4897 	4882
f 5669 	5817 	5680
f 5838 	5825 	5828
f 5683 	403 	5836
f 5840 	5835 	5837
f 6197 	5683 	5836
f 4807 	6284 	5834
f 5836 	2337 	5834
f 2336 	5834 	2337
f 5825 	5838 	5902
f 5837 	4900 	5841
f 5836 	5834 	6284
f 5837 	5841 	5840
f 5839 	5812 	5789
f 5813 	5812 	5839
f 5838 	5839 	5789
f 5838 	5789 	5902
f 5976 	5840 	5843
f 2339 	411 	5844
f 5670 	5785 	5789
f 5846 	5812 	5813
f 5846 	5813 	5847
f 5843 	5840 	5841
f 5843 	5841 	5845
f 5844 	6286 	5842
f 2339 	5844 	5842
f 5849 	5812 	5846
f 5848 	5849 	5846
f 5976 	4899 	5840
f 5835 	5840 	4899
f 5800 	5801 	5849
f 5800 	5849 	5848
f 4913 	5841 	4900
f 6201 	4891 	5844
f 4900 	5837 	4899
f 5835 	4899 	5837
f 5850 	3675 	5819
f 5851 	3675 	5850
f 5802 	5851 	5804
f 5850 	5804 	5851
f 406 	405 	5854
f 2341 	5854 	405
f 5852 	5853 	4903
f 4882 	4903 	5853
f 4882 	5853 	5686
f 5819 	5849 	5850
f 5822 	406 	5854
f 5801 	5804 	5849
f 5850 	5849 	5804
f 5686 	5853 	5856
f 5875 	5872 	5846
f 5847 	5875 	5846
f 4813 	4827 	5824
f 5824 	4827 	5857
f 5848 	5846 	5800
f 5854 	5855 	5822
f 5869 	5824 	5857
f 2330 	5657 	2341
f 5854 	2341 	5657
f 5858 	5954 	5860
f 5825 	5863 	5862
f 5861 	5862 	5863
f 5996 	5858 	5860
f 6339 	5366 	4827
f 5864 	5825 	5862
f 413 	409 	5842
f 2340 	5842 	409
f 5829 	3673 	5867
f 5868 	5858 	4908
f 5859 	4908 	5858
f 415 	5844 	411
f 411 	198 	415
f 5867 	5863 	5829
f 5825 	5827 	5863
f 2344 	5870 	415
f 2343 	413 	5869
f 5842 	5869 	413
f 5861 	5905 	5862
f 5842 	5824 	5869
f 5870 	5844 	415
f 5869 	4827 	5366
f 5869 	5366 	5870
f 2343 	5869 	5870
f 2343 	5870 	2344
f 5864 	5862 	5871
f 6340 	5871 	5862
f 5864 	5871 	5838
f 5838 	5828 	5864
f 2345 	5873 	416
f 5875 	5847 	5839
f 5813 	5839 	5847
f 2348 	5921 	5873
f 5921 	6295 	5873
f 2348 	5873 	2345
f 5871 	6340 	5872
f 5871 	5872 	5875
f 5874 	5873 	4835
f 5871 	5875 	5838
f 5839 	5838 	5875
f 3679 	5881 	5783
f 3663 	5363 	3679
f 5363 	5880 	3679
f 5878 	5357 	5876
f 5877 	5878 	5876
f 5357 	5879 	5876
f 5703 	5878 	5877
f 3088 	3090 	6012
f 5881 	3679 	5880
f 6028 	2379 	3091
f 5881 	5880 	5784
f 5703 	5784 	5878
f 5880 	5878 	5784
f 6028 	6048 	2379
f 5877 	5876 	5701
f 6024 	3090 	6049
f 3095 	6049 	3090
f 5354 	5369 	5882
f 5879 	5354 	5882
f 5889 	5890 	5882
f 5785 	5876 	5882
f 5701 	5876 	5785
f 5879 	5882 	5876
f 2387 	3101 	2383
f 5890 	5902 	5785
f 6080 	3097 	3098
f 6078 	6077 	3099
f 3665 	3680 	5888
f 5371 	5885 	5884
f 5883 	5884 	5885
f 5886 	5889 	5376
f 3099 	6077 	2386
f 5371 	5884 	5376
f 5886 	5376 	5884
f 5885 	5379 	5888
f 5887 	5888 	3680
f 5887 	7189 	5888
f 5371 	5373 	5885
f 7189 	5885 	5888
f 5889 	5882 	5369
f 5369 	5376 	5889
f 3104 	6131 	2391
f 5785 	5882 	5890
f 5890 	5889 	5884
f 5886 	5884 	5889
f 5914 	5866 	3681
f 3673 	3681 	5866
f 3681 	3682 	5896
f 5895 	5896 	3682
f 5830 	5895 	3676
f 3682 	3676 	5895
f 6316 	3110 	6315
f 5891 	5892 	5893
f 5892 	5827 	5826
f 5892 	5826 	5893
f 5913 	3681 	5896
f 5830 	5896 	5895
f 5898 	5899 	5897
f 5892 	5913 	5896
f 5899 	5898 	5743
f 5896 	5827 	5892
f 1700 	1707 	5899
f 1700 	5899 	1698
f 5743 	5898 	5897
f 5756 	5762 	5901
f 5897 	5901 	5759
f 5825 	5902 	5891
f 5826 	5825 	5893
f 5891 	5893 	5825
f 5897 	6005 	5901
f 5891 	5902 	5900
f 5894 	5891 	5900
f 6353 	5900 	5902
f 5991 	5904 	5903
f 5789 	5785 	5902
f 1698 	5904 	1704
f 5905 	5907 	5891
f 5906 	5907 	5905
f 5892 	5891 	5907
f 1704 	5904 	5991
f 1704 	5991 	1707
f 5891 	5894 	5908
f 5891 	5908 	5905
f 5910 	5911 	5752
f 5751 	5752 	5911
f 5861 	5863 	5907
f 5861 	5907 	5906
f 5909 	5912 	5910
f 5911 	5910 	5912
f 5914 	3681 	5913
f 5912 	5753 	5911
f 5751 	5911 	5753
f 5866 	5914 	5867
f 5913 	5867 	5914
f 5913 	5892 	5907
f 3111 	2397 	3109
f 5863 	5867 	5907
f 5913 	5907 	5867
f 5906 	5905 	5861
f 5905 	6342 	5862
f 419 	416 	5915
f 5915 	416 	5873
f 2347 	419 	5915
f 5917 	5915 	5874
f 5873 	5874 	5915
f 5915 	4846 	6309
f 4846 	5915 	5917
f 5640 	5641 	4234
f 4234 	5641 	4239
f 6181 	4239 	5650
f 4835 	4846 	5874
f 5917 	5874 	4846
f 5904 	5744 	5918
f 5903 	5904 	5918
f 5919 	5918 	5761
f 5759 	5761 	5918
f 5918 	5926 	5938
f 421 	5936 	5921
f 2348 	421 	5921
f 5923 	4237 	5922
f 5647 	4237 	5923
f 5924 	5921 	5937
f 5936 	5937 	5921
f 5627 	5922 	5920
f 5627 	5920 	5625
f 5924 	5937 	4848
f 5923 	5922 	2173
f 5923 	2173 	2174
f 2173 	5922 	5627
f 2173 	5627 	2152
f 4850 	5940 	5925
f 5919 	5926 	5918
f 4848 	6295 	5921
f 4835 	5873 	6295
f 5919 	5761 	5762
f 5919 	5762 	5926
f 4245 	4229 	5920
f 5921 	5924 	4848
f 6328 	3114 	6331
f 4237 	4245 	5922
f 5920 	5922 	4245
f 6316 	6336 	3110
f 5928 	5929 	4257
f 5927 	4257 	5929
f 3116 	2400 	3115
f 6186 	5927 	5929
f 2350 	5930 	423
f 428 	233 	423
f 6188 	5928 	5916
f 5950 	5931 	424
f 430 	5950 	424
f 5938 	5926 	5909
f 5912 	5909 	5926
f 2178 	2175 	5929
f 2178 	5929 	5928
f 5949 	423 	5930
f 5912 	5926 	5762
f 5912 	5762 	5753
f 5940 	5949 	5925
f 5909 	5756 	2358
f 2178 	5928 	6188
f 2178 	6188 	2629
f 2349 	424 	5931
f 3117 	3113 	6329
f 5916 	5928 	4241
f 4241 	5928 	4257
f 5411 	6306 	5931
f 2349 	5931 	5930
f 2349 	5930 	2350
f 5930 	5931 	6306
f 2180 	5981 	5934
f 5932 	4357 	5935
f 5935 	5934 	5933
f 5935 	5933 	5932
f 2351 	5936 	426
f 2347 	5915 	5936
f 2347 	5936 	2351
f 421 	426 	5936
f 2180 	5934 	5935
f 2180 	5935 	2181
f 4358 	4357 	5932
f 4358 	5932 	5933
f 5933 	5934 	4358
f 5909 	5910 	5752
f 4858 	4848 	5937
f 5946 	3082 	5945
f 4850 	4861 	5940
f 2393 	3119 	6410
f 3121 	3118 	5951
f 5944 	5951 	3118
f 2353 	5950 	430
f 5943 	3081 	5947
f 5944 	3118 	5948
f 2404 	5948 	3118
f 2352 	428 	5949
f 5930 	5925 	5949
f 6324 	6547 	3112
f 3123 	6556 	2398
f 6294 	5931 	5950
f 5175 	4909 	5947
f 5949 	4861 	5950
f 2352 	5949 	5950
f 2352 	5950 	2353
f 5940 	4861 	5949
f 3121 	5951 	5953
f 3121 	5953 	2407
f 5952 	5973 	4911
f 5176 	5952 	4911
f 6309 	5418 	4861
f 3120 	2397 	6541
f 5954 	5858 	5868
f 5175 	5947 	5952
f 3125 	3122 	5955
f 5954 	5868 	6004
f 5175 	5952 	5176
f 2354 	5958 	434
f 5958 	5967 	434
f 4916 	6001 	4907
f 5955 	3122 	5956
f 2412 	5956 	3122
f 5865 	5868 	4907
f 4907 	5868 	4908
f 5967 	5958 	5957
f 3085 	5963 	5962
f 5994 	4917 	4908
f 5994 	4908 	5859
f 432 	434 	5967
f 2355 	432 	5967
f 5959 	5852 	4910
f 4903 	4910 	5852
f 4866 	5957 	5958
f 6068 	6320 	5958
f 3125 	5955 	5960
f 1588 	1586 	5963
f 4897 	5961 	4910
f 5959 	4910 	5961
f 5958 	2354 	6068
f 3124 	6662 	3123
f 5946 	5945 	5962
f 5946 	5962 	5963
f 5852 	5959 	5961
f 5852 	5961 	5853
f 5957 	4866 	4874
f 5957 	4874 	5964
f 3125 	5960 	5965
f 3125 	5965 	2417
f 5967 	5957 	5964
f 3085 	5962 	5945
f 5856 	5853 	5961
f 5856 	5961 	5966
f 4913 	5975 	5968
f 5181 	5973 	5970
f 5964 	4874 	5967
f 4874 	6327 	5967
f 5967 	6327 	6093
f 4913 	5968 	5971
f 2355 	5967 	6093
f 5971 	5968 	5975
f 5947 	5970 	5969
f 5947 	5969 	5943
f 436 	6093 	437
f 5179 	5181 	5970
f 5841 	5971 	5972
f 4914 	5970 	4909
f 5179 	5970 	4914
f 5947 	4909 	5970
f 6015 	5973 	5952
f 2192 	5989 	5977
f 6692 	6691 	3129
f 5971 	5975 	5976
f 5993 	5977 	5939
f 5977 	2185 	2192
f 2185 	5977 	5993
f 5972 	5971 	5976
f 5972 	5976 	5978
f 5939 	5977 	4359
f 2421 	3129 	6691
f 3128 	3131 	6701
f 5979 	4362 	5981
f 5981 	4362 	5934
f 6261 	5820 	6135
f 5820 	5811 	6135
f 5935 	4363 	5982
f 6135 	5811 	5572
f 5563 	5572 	5811
f 5980 	5979 	5981
f 5980 	5981 	5982
f 6090 	5698 	5984
f 2180 	2188 	5981
f 5704 	2535 	5984
f 2929 	5984 	2535
f 2929 	2930 	5984
f 2930 	3705 	5984
f 2427 	5985 	3132
f 5983 	3132 	5985
f 2181 	5935 	5982
f 2181 	5982 	2187
f 2187 	5982 	5981
f 2187 	5981 	2188
f 5979 	5980 	4363
f 5979 	4363 	4362
f 2935 	5730 	2936
f 5986 	5987 	3134
f 4358 	5934 	4362
f 6026 	5730 	5990
f 5980 	5982 	4363
f 4357 	4363 	5935
f 3134 	3132 	5986
f 5983 	5986 	3132
f 6026 	2938 	2936
f 5988 	4366 	5989
f 5989 	4366 	5977
f 6728 	6716 	3135
f 6716 	3133 	3135
f 5989 	6041 	6039
f 5989 	6039 	5988
f 5990 	2546 	2940
f 2943 	5990 	3738
f 2942 	3730 	5990
f 2942 	5990 	2940
f 2192 	6041 	5989
f 5990 	6029 	6026
f 5938 	5941 	5918
f 5903 	5918 	5941
f 5941 	5942 	5903
f 4369 	4366 	6039
f 5897 	5899 	5941
f 5942 	5941 	5991
f 6029 	5990 	2943
f 3730 	3738 	5990
f 4359 	5977 	4366
f 4359 	5992 	5939
f 4913 	4912 	5975
f 5897 	5941 	6034
f 4899 	5976 	4912
f 5975 	4912 	5976
f 5941 	5938 	6035
f 5939 	5992 	5993
f 5971 	5841 	4913
f 5903 	5942 	5991
f 6002 	4917 	5995
f 1707 	5991 	5899
f 5991 	5941 	5899
f 2185 	5993 	2194
f 5995 	5994 	5858
f 5859 	5858 	5994
f 4359 	4367 	5992
f 6041 	5993 	4369
f 5996 	6004 	5995
f 6044 	4370 	6045
f 5997 	6006 	6000
f 5996 	5995 	5858
f 5998 	6218 	5999
f 2197 	6045 	5999
f 6000 	6030 	1710
f 2197 	5999 	6218
f 1713 	6000 	1710
f 5865 	6001 	5868
f 6002 	5868 	6001
f 5897 	6034 	6003
f 5973 	5181 	4915
f 772 	754 	4915
f 4915 	4911 	5973
f 6002 	5995 	6004
f 6003 	6034 	6005
f 5973 	3093 	5970
f 6004 	5868 	6002
f 6006 	6038 	6000
f 5865 	4907 	6001
f 6008 	6042 	6007
f 3089 	3093 	6015
f 6001 	4916 	6002
f 5994 	5995 	4917
f 4917 	6002 	4916
f 6005 	6042 	6008
f 5897 	6003 	6005
f 6005 	6008 	5901
f 6015 	5952 	3089
f 5997 	6016 	6006
f 4918 	6028 	6012
f 5182 	4918 	6012
f 6009 	6008 	6006
f 6007 	6006 	6008
f 6011 	6010 	6019
f 6013 	6012 	6028
f 6013 	6028 	6031
f 6009 	5901 	6008
f 6031 	3091 	6013
f 6009 	5723 	5901
f 5455 	5901 	5723
f 6010 	6014 	6019
f 6020 	6019 	6014
f 6104 	4922 	6019
f 6000 	6017 	6016
f 6000 	6016 	5997
f 6012 	6013 	3088
f 6019 	6018 	6011
f 1713 	6047 	6017
f 6020 	6107 	6019
f 1713 	6017 	6000
f 6024 	6022 	3090
f 6016 	6017 	6021
f 6022 	4919 	5185
f 6049 	6022 	6024
f 2932 	2945 	5984
f 3743 	2947 	2945
f 5182 	6012 	5185
f 6022 	5185 	6012
f 6012 	3090 	6022
f 2947 	6091 	2945
f 2948 	6091 	2947
f 6009 	6006 	6021
f 6021 	6006 	6016
f 6021 	6023 	6025
f 6021 	6025 	6009
f 2938 	6026 	2951
f 3088 	6013 	3091
f 6026 	6097 	2952
f 2953 	2952 	6097
f 2952 	4029 	6026
f 6097 	6026 	6029
f 4918 	4923 	6028
f 6028 	4923 	5186
f 6047 	6030 	6027
f 4041 	6029 	4034
f 2958 	4034 	6029
f 2943 	2958 	6029
f 5186 	6048 	6028
f 6049 	3095 	6048
f 1710 	6030 	1716
f 6029 	6098 	6097
f 3091 	6031 	6028
f 1716 	6030 	6047
f 1716 	6047 	1719
f 6098 	6029 	2959
f 2960 	6098 	2959
f 6029 	4041 	2959
f 4042 	2959 	4041
f 5973 	6015 	6033
f 5792 	6032 	2962
f 5792 	2962 	2961
f 5973 	6033 	3093
f 6034 	5941 	6035
f 3093 	6033 	6015
f 5792 	6037 	6032
f 6034 	6035 	6005
f 2379 	6048 	3095
f 2967 	6037 	2966
f 5796 	2966 	6037
f 5998 	4368 	4496
f 6030 	6000 	6038
f 6027 	6030 	6038
f 5792 	5796 	6037
f 5988 	6039 	4366
f 6040 	6038 	6007
f 6006 	6007 	6038
f 6039 	6041 	4369
f 4367 	4369 	5993
f 5992 	4367 	5993
f 6038 	6042 	6036
f 6036 	6050 	6038
f 6040 	6042 	6038
f 6041 	2199 	5993
f 2194 	5993 	2199
f 6040 	6007 	6042
f 2199 	6041 	2192
f 6036 	6042 	5938
f 6035 	5938 	6042
f 4108 	4094 	6043
f 6035 	6042 	6005
f 5998 	5999 	4368
f 2970 	5798 	6043
f 2970 	6043 	2972
f 6027 	6038 	6046
f 6045 	6225 	6044
f 6046 	6050 	6047
f 6045 	2197 	2201
f 4110 	4108 	2977
f 6027 	6046 	6047
f 1719 	6047 	1713
f 6047 	6050 	6017
f 4925 	4919 	6048
f 5187 	4925 	6048
f 6022 	6049 	6048
f 5186 	5187 	6048
f 6021 	6017 	6050
f 6023 	6021 	6051
f 6050 	6051 	6021
f 6050 	6046 	6038
f 6036 	6052 	6050
f 6051 	6050 	6052
f 2964 	6032 	2981
f 6052 	6025 	6051
f 6023 	6051 	6025
f 6032 	6037 	6125
f 6058 	6081 	2383
f 2983 	2981 	6119
f 4679 	2986 	6119
f 2986 	2983 	6119
f 6032 	6119 	2981
f 6858 	6025 	6052
f 6053 	5189 	4927
f 6061 	3203 	6043
f 2977 	6043 	3203
f 3204 	3319 	6125
f 4132 	3319 	3204
f 1726 	6056 	1722
f 6125 	6037 	3204
f 2979 	3204 	6037
f 6057 	6072 	6056
f 6072 	6117 	6056
f 6054 	3096 	6053
f 3096 	2383 	3101
f 3320 	6125 	3319
f 4683 	6125 	3320
f 6055 	1723 	1722
f 6055 	1722 	6056
f 6119 	6032 	6125
f 2383 	3097 	6058
f 6059 	6058 	3097
f 6054 	6053 	6078
f 6077 	6078 	6053
f 3321 	4150 	6061
f 4926 	6077 	4927
f 6053 	4927 	6077
f 3096 	6054 	6078
f 6069 	6064 	6060
f 6063 	6060 	6064
f 6063 	6062 	6060
f 6123 	3323 	6061
f 3321 	6061 	3323
f 6064 	2358 	6063
f 6064 	5909 	2358
f 5821 	3324 	6065
f 3326 	6065 	3324
f 5821 	3677 	3324
f 6067 	6053 	3101
f 5798 	5821 	6043
f 6065 	6079 	6043
f 6065 	6043 	5821
f 6079 	6065 	3329
f 3326 	4162 	6065
f 5189 	6053 	6067
f 6070 	6069 	6113
f 5189 	6067 	5193
f 2356 	437 	6068
f 6134 	6067 	6112
f 3331 	3330 	6071
f 3330 	2928 	6071
f 5974 	4875 	6068
f 4875 	6320 	6068
f 6261 	6283 	5820
f 5193 	6067 	4929
f 6067 	6088 	4929
f 6073 	6064 	6069
f 6066 	6082 	4876
f 3099 	3096 	6078
f 2356 	6068 	2354
f 6069 	6070 	6072
f 6095 	6073 	6072
f 6069 	6072 	6073
f 6059 	3097 	6080
f 6075 	6010 	4921
f 6011 	4924 	6010
f 6057 	6095 	6072
f 2357 	6082 	439
f 5938 	5909 	6073
f 6064 	6073 	5909
f 2385 	6081 	3098
f 6080 	3098 	6081
f 6014 	6010 	6075
f 6014 	6075 	6076
f 6060 	6105 	6113
f 6060 	6113 	6069
f 2385 	2383 	6081
f 6071 	6084 	3333
f 6060 	6062 	6105
f 6106 	6105 	6062
f 6082 	6100 	439
f 6077 	4926 	5196
f 4200 	6079 	3334
f 3329 	3334 	6079
f 443 	6185 	444
f 2367 	6185 	443
f 6063 	6106 	6062
f 6080 	6081 	6059
f 6058 	6059 	6081
f 6043 	6079 	6061
f 6116 	6072 	6070
f 6083 	6185 	6375
f 3339 	6128 	3337
f 6128 	6079 	3337
f 4200 	4649 	6079
f 440 	439 	6100
f 2358 	6111 	6063
f 6128 	6061 	6079
f 6083 	444 	6185
f 2359 	444 	6083
f 5198 	6077 	5196
f 6084 	3340 	3333
f 6083 	6330 	6082
f 6085 	6086 	6095
f 6086 	6087 	6122
f 2359 	6083 	6082
f 2359 	6082 	2357
f 3343 	3341 	6133
f 6084 	6133 	3341
f 4930 	4929 	6088
f 5198 	4930 	6088
f 6085 	6057 	6086
f 6056 	6086 	6057
f 3103 	2386 	6088
f 5198 	6088 	6077
f 2355 	6093 	2364
f 1726 	1725 	6087
f 1726 	6087 	6086
f 2201 	6225 	6045
f 6089 	4878 	5974
f 1723 	6055 	6087
f 1723 	6087 	1725
f 4370 	6044 	6224
f 6090 	5984 	6091
f 4876 	4880 	6066
f 6066 	4880 	6092
f 6056 	1726 	6086
f 4368 	5999 	4370
f 6045 	4370 	5999
f 5984 	2945 	6091
f 6089 	5974 	6093
f 6068 	6093 	5974
f 6090 	6091 	5566
f 6094 	6153 	6096
f 2364 	6093 	436
f 6068 	437 	6093
f 4878 	6089 	6093
f 4675 	2953 	6097
f 6095 	6358 	6073
f 5443 	6185 	4880
f 6098 	2960 	4678
f 6057 	6085 	6095
f 6098 	5566 	6097
f 6091 	6097 	5566
f 6372 	5938 	6073
f 6082 	6066 	6100
f 6100 	6066 	6092
f 6091 	4675 	6097
f 6124 	6087 	6102
f 6055 	6056 	6117
f 6075 	6074 	6104
f 6103 	6104 	6074
f 3100 	2387 	6109
f 6104 	6019 	6107
f 6106 	6063 	6108
f 6109 	6132 	6110
f 6104 	6107 	6075
f 6076 	6075 	6107
f 6106 	6108 	6105
f 6111 	6105 	6108
f 4921 	4920 	6103
f 4921 	6103 	6074
f 3101 	3103 	6112
f 6103 	4920 	6104
f 6018 	6019 	4922
f 4922 	6104 	4920
f 6110 	3100 	6109
f 6063 	6111 	6108
f 6074 	6075 	4921
f 4921 	6010 	4924
f 6120 	5199 	6109
f 4924 	6011 	4922
f 6018 	4922 	6011
f 6112 	6067 	3101
f 4928 	6114 	6115
f 6109 	6131 	6132
f 6070 	6113 	6116
f 6146 	6145 	6114
f 6115 	6114 	6145
f 6117 	6072 	6116
f 6109 	5199 	4933
f 4932 	6131 	4933
f 6109 	4933 	6131
f 6142 	6118 	6114
f 6102 	6055 	6117
f 6088 	6067 	6134
f 6118 	6146 	6114
f 6111 	6126 	6113
f 6111 	6113 	6105
f 6145 	4936 	6115
f 4928 	6115 	4936
f 6113 	6126 	6117
f 6116 	6113 	6117
f 3102 	3105 	6121
f 6102 	6117 	6122
f 3102 	6121 	6120
f 6109 	2387 	6120
f 2365 	6126 	6111
f 6120 	4934 	5202
f 6125 	5566 	6119
f 6098 	6119 	5566
f 2365 	6111 	2360
f 2358 	2360 	6111
f 6098 	4679 	6119
f 6095 	6086 	6122
f 6124 	6122 	6087
f 6120 	5202 	5199
f 4681 	3323 	6123
f 6055 	6102 	6087
f 6120 	6121 	6136
f 6138 	6136 	6121
f 6126 	6493 	6122
f 6122 	6117 	6126
f 6136 	5207 	4935
f 6120 	6136 	4934
f 4935 	4934 	6136
f 6122 	6124 	6102
f 6128 	5566 	6123
f 4681 	6123 	6125
f 4681 	6125 	4683
f 6132 	3104 	6110
f 6123 	5566 	6125
f 6134 	6112 	3103
f 4684 	6133 	6128
f 3339 	4684 	6128
f 6123 	6061 	6128
f 6380 	6127 	6130
f 6128 	6133 	5566
f 6131 	4932 	5206
f 6130 	6129 	1737
f 6130 	1737 	1736
f 3100 	6110 	3104
f 1737 	6129 	1740
f 3104 	6132 	6131
f 6136 	2391 	6131
f 6071 	6343 	6084
f 6134 	3103 	6088
f 6734 	3136 	6751
f 6265 	6137 	6139
f 6265 	6139 	6264
f 6265 	4777 	6137
f 3105 	6138 	6121
f 6140 	6141 	4931
f 6141 	6114 	4931
f 4928 	4931 	6114
f 6138 	3105 	6136
f 3105 	2391 	6136
f 6136 	6131 	5207
f 5206 	5207 	6131
f 3140 	6788 	3138
f 6142 	6114 	6141
f 6144 	3109 	3106
f 6142 	6141 	6237
f 3108 	6302 	3106
f 3140 	3139 	6760
f 5210 	4937 	6143
f 6146 	4942 	4936
f 6145 	6146 	4936
f 6237 	6146 	6147
f 6144 	3106 	6143
f 6147 	6146 	6118
f 4940 	6143 	4937
f 5217 	6310 	4940
f 2207 	6152 	6099
f 6148 	6244 	6150
f 6099 	4380 	6101
f 6157 	6148 	6150
f 6101 	2208 	2207
f 6101 	2207 	6099
f 3145 	3142 	6151
f 6152 	6153 	4379
f 6094 	4372 	6153
f 6238 	4945 	6155
f 2439 	6156 	3142
f 6151 	3142 	6156
f 6148 	6155 	6154
f 6148 	6154 	6149
f 6101 	6096 	6153
f 6238 	6155 	6157
f 6153 	6152 	2211
f 6153 	2211 	2212
f 3145 	6151 	6158
f 2211 	6152 	2207
f 6157 	6155 	6148
f 2208 	6101 	6153
f 2208 	6153 	2212
f 6163 	6152 	4379
f 6159 	2444 	3145
f 6159 	3145 	6158
f 6164 	4380 	6099
f 2407 	5948 	2404
f 4379 	6153 	4372
f 5948 	2407 	5953
f 6094 	6096 	4372
f 4375 	4372 	6096
f 6096 	6101 	4375
f 4380 	4375 	6101
f 5956 	2417 	5965
f 5985 	2427 	5987
f 6162 	4382 	6161
f 6156 	2439 	2444
f 6156 	2444 	6159
f 2215 	2213 	6162
f 2215 	6162 	6161
f 573 	4338 	4485
f 4492 	4489 	4493
f 4490 	4493 	4489
f 4377 	4383 	6160
f 4494 	4497 	4511
f 4382 	4377 	6161
f 4499 	4498 	4504
f 4504 	4503 	4499
f 6164 	6099 	6163
f 6152 	6163 	6099
f 4509 	4508 	4523
f 4497 	4512 	4511
f 4380 	6164 	6163
f 4380 	6163 	4379
f 4515 	4519 	4516
f 4515 	4516 	4513
f 4523 	4522 	4509
f 4528 	4525 	4527
f 4528 	4527 	4530
f 4538 	4536 	4537
f 6160 	6161 	4377
f 6165 	4382 	6162
f 4383 	6166 	6160
f 4537 	4539 	4538
f 6166 	4383 	6168
f 4542 	4541 	4546
f 4546 	4545 	4542
f 6168 	6161 	6166
f 6160 	6166 	6161
f 6168 	6167 	2220
f 6168 	2220 	2222
f 4549 	4558 	4552
f 2220 	6167 	6162
f 2220 	6162 	2213
f 6168 	2222 	6161
f 2215 	6161 	2222
f 4547 	4551 	4550
f 4547 	4550 	4548
f 4385 	6168 	4383
f 4556 	4555 	4586
f 6171 	4388 	6170
f 4561 	4560 	4578
f 2228 	2224 	6171
f 2228 	6171 	6170
f 4552 	4558 	4576
f 2224 	6249 	6171
f 4578 	4577 	4561
f 4384 	6170 	4388
f 6169 	6170 	4384
f 6167 	6168 	4385
f 6172 	6167 	4385
f 4586 	4585 	4556
f 6165 	6162 	6167
f 6165 	6167 	6172
f 4385 	4382 	6165
f 6172 	4385 	6165
f 6173 	4388 	6171
f 4646 	4598 	4644
f 4646 	4644 	4648
f 6173 	6171 	6396
f 4662 	4661 	4654
f 4651 	4654 	4661
f 4597 	4557 	4656
f 4579 	4656 	4557
f 4657 	4583 	4658
f 4582 	4658 	4583
f 6176 	6175 	5639
f 6175 	6174 	2233
f 6175 	2233 	2234
f 4668 	4666 	4667
f 4668 	4667 	4669
f 2233 	6174 	5641
f 2233 	5641 	2163
f 2164 	6175 	2234
f 4234 	6176 	5639
f 4393 	6175 	4391
f 40 	18 	39
f 17 	39 	18
f 6176 	4234 	4391
f 6179 	4478 	6178
f 55 	105 	32
f 6177 	6204 	6178
f 2237 	2236 	6179
f 2237 	6179 	6178
f 105 	49 	32
f 2236 	6203 	6179
f 115 	67 	113
f 64 	113 	67
f 2237 	6178 	6204
f 6180 	2987 	4487
f 5073 	5079 	5072
f 5076 	5072 	5079
f 6175 	4393 	6174
f 5083 	5101 	5099
f 5083 	5099 	5082
f 5650 	5641 	6174
f 5650 	6174 	6181
f 5214 	5104 	5215
f 5105 	5215 	5104
f 5243 	5250 	5239
f 5916 	6182 	6188
f 4241 	6182 	5916
f 6176 	4391 	6175
f 6181 	6174 	4393
f 4393 	4239 	6181
f 4481 	6187 	4395
f 6182 	4241 	4395
f 6183 	4478 	6179
f 6177 	6178 	4392
f 4478 	4392 	6178
f 6100 	2366 	440
f 4480 	6210 	6184
f 6375 	6185 	5443
f 6100 	4880 	6185
f 6092 	4880 	6100
f 6182 	4395 	6188
f 2366 	6100 	6185
f 2366 	6185 	2367
f 6186 	5929 	6187
f 448 	447 	6190
f 2368 	6190 	447
f 6188 	6187 	2476
f 6188 	2476 	2629
f 2476 	6187 	5929
f 2476 	5929 	2175
f 5683 	6197 	6189
f 6189 	6197 	4881
f 4257 	5927 	6186
f 4481 	4257 	6186
f 6191 	6199 	6190
f 6187 	6188 	4395
f 6186 	6187 	4481
f 6199 	448 	6190
f 6193 	6194 	4482
f 6192 	4482 	6194
f 5683 	6189 	4881
f 2368 	6195 	6190
f 6195 	4885 	6190
f 6191 	6190 	4883
f 5250 	5248 	5239
f 3374 	5399 	5398
f 450 	6195 	451
f 3374 	3382 	5399
f 2369 	451 	6195
f 3383 	5405 	5402
f 3383 	3392 	5405
f 3429 	3401 	3400
f 2369 	6195 	2368
f 3400 	3427 	3429
f 6195 	6196 	4885
f 3472 	3432 	3430
f 6199 	2371 	448
f 3430 	3471 	3472
f 3499 	3513 	5412
f 5414 	5412 	3513
f 6197 	4887 	4881
f 3520 	3554 	3555
f 3520 	3555 	3522
f 6198 	6199 	6191
f 5422 	5420 	3597
f 3580 	3597 	5420
f 4883 	4889 	6191
f 6198 	6191 	4889
f 3635 	3602 	3631
f 3601 	3631 	3602
f 6198 	4889 	6199
f 4889 	6333 	6199
f 2371 	6199 	6206
f 6215 	455 	6200
f 6202 	5242 	6217
f 2633 	2631 	6194
f 2633 	6194 	6193
f 6215 	6200 	6217
f 6202 	6217 	6200
f 2373 	2376 	6200
f 2633 	6193 	6214
f 6286 	5844 	4891
f 5242 	6202 	6200
f 6184 	6193 	4480
f 4480 	6193 	4482
f 2375 	6206 	450
f 6204 	4488 	6203
f 6206 	2375 	2371
f 6183 	6179 	6203
f 6205 	6204 	6177
f 6204 	6203 	2637
f 6204 	2637 	2642
f 2637 	6203 	2236
f 6195 	450 	6206
f 2237 	6204 	2642
f 6206 	6207 	6196
f 6206 	6196 	6195
f 5364 	4885 	6196
f 5364 	6196 	6207
f 6205 	6177 	4484
f 4392 	4484 	6177
f 6206 	6199 	6333
f 6203 	4488 	6208
f 6203 	6208 	6183
f 6207 	6206 	5364
f 6183 	6208 	4488
f 2376 	460 	6209
f 6214 	6193 	6184
f 6210 	6214 	6184
f 6220 	6211 	6209
f 6204 	4484 	4488
f 6205 	4484 	6204
f 6209 	5242 	6200
f 6209 	6200 	2376
f 6183 	4488 	4478
f 6209 	6211 	5365
f 5365 	5242 	6209
f 4491 	6210 	4480
f 2377 	456 	6215
f 456 	455 	6215
f 2373 	6200 	455
f 6213 	6214 	4495
f 6210 	4491 	6214
f 6212 	6192 	6213
f 6194 	6213 	6192
f 6216 	5366 	6201
f 5242 	5367 	6217
f 6214 	6213 	2651
f 6214 	2651 	2655
f 2651 	6213 	6194
f 2651 	6194 	2631
f 6216 	6201 	5870
f 6201 	5844 	5870
f 2633 	6214 	2655
f 4482 	6192 	6212
f 4495 	4482 	6212
f 6217 	5367 	6215
f 6215 	2378 	2377
f 6212 	6213 	4495
f 4495 	6214 	4491
f 6219 	4496 	6218
f 6339 	6215 	5367
f 6219 	6218 	5998
f 2665 	2658 	6218
f 2197 	6218 	2658
f 460 	459 	6220
f 2378 	6220 	459
f 6219 	5998 	4496
f 2378 	6215 	6220
f 6220 	6209 	460
f 6223 	4507 	4501
f 6221 	6223 	4501
f 5365 	6211 	5374
f 6222 	5374 	6211
f 6221 	6234 	6223
f 6222 	6211 	6220
f 6222 	6220 	5374
f 6215 	6339 	6220
f 2661 	6223 	6234
f 655 	654 	6226
f 2469 	6226 	654
f 4496 	4505 	6218
f 6243 	6226 	6227
f 6224 	6044 	6225
f 6226 	6245 	655
f 2665 	6218 	6225
f 5377 	5384 	6227
f 2665 	6225 	2201
f 6343 	5377 	6226
f 6227 	6226 	5377
f 4505 	4370 	6224
f 2473 	6230 	2469
f 6225 	6218 	4505
f 6224 	6225 	4505
f 6223 	6229 	4507
f 6228 	4507 	6229
f 660 	659 	6259
f 4939 	4938 	6154
f 6149 	6154 	4938
f 6223 	2661 	2668
f 6223 	2668 	6229
f 4939 	6155 	4945
f 6154 	6155 	4939
f 6230 	6260 	6231
f 2473 	660 	6230
f 6228 	6239 	4507
f 6146 	6233 	4942
f 6232 	4942 	6233
f 6260 	5390 	6231
f 6233 	6141 	6140
f 6233 	6140 	6232
f 6235 	6234 	6221
f 6146 	6237 	6233
f 6234 	6241 	2673
f 6234 	2673 	2670
f 2661 	6234 	2670
f 6231 	5380 	6230
f 5380 	6343 	6230
f 6237 	6141 	6233
f 6221 	4501 	6235
f 6343 	6226 	6230
f 2469 	6230 	6226
f 6232 	6140 	4942
f 4931 	4942 	6140
f 6241 	6234 	4514
f 6236 	6437 	5382
f 6235 	4501 	4510
f 6149 	4938 	6148
f 6235 	4510 	6234
f 6229 	6241 	6239
f 6229 	6239 	6228
f 2673 	6241 	6229
f 2673 	6229 	2668
f 6244 	6148 	6240
f 6226 	6243 	6245
f 4514 	4507 	6239
f 6244 	6240 	6238
f 6244 	6238 	6242
f 655 	6245 	2478
f 6239 	6241 	4514
f 4510 	4514 	6234
f 6243 	6227 	5384
f 6247 	4518 	6250
f 6243 	5384 	6245
f 6246 	6238 	6248
f 6240 	6248 	6238
f 6169 	6247 	6170
f 6250 	6170 	6247
f 6273 	663 	6251
f 4946 	4945 	6246
f 4946 	6246 	6248
f 6250 	6249 	2675
f 6250 	2675 	2676
f 6252 	5387 	6274
f 6246 	4945 	6238
f 2675 	6249 	2224
f 6273 	6251 	6274
f 6252 	6274 	6251
f 6248 	6240 	4946
f 6240 	6148 	4946
f 4938 	4946 	6148
f 6250 	2676 	6170
f 2228 	6170 	2676
f 2479 	2482 	6251
f 4950 	6253 	6254
f 6247 	6169 	4518
f 4384 	4518 	6169
f 5387 	6252 	6251
f 6249 	6250 	4524
f 6259 	659 	2480
f 6368 	6256 	6253
f 6364 	6253 	6256
f 6139 	6137 	6135
f 4770 	4773 	6137
f 6260 	6230 	6259
f 5572 	6263 	6135
f 6230 	660 	6259
f 6262 	6441 	6236
f 6135 	6137 	6261
f 6137 	4775 	6261
f 4773 	4775 	6137
f 6262 	6236 	5393
f 6259 	2480 	6245
f 5384 	6344 	6245
f 6260 	6259 	5390
f 2478 	6245 	2480
f 4770 	6137 	4777
f 5393 	6441 	6262
f 6264 	6263 	6265
f 6263 	6272 	6265
f 2482 	667 	6266
f 4777 	6265 	4780
f 6139 	6135 	6263
f 6139 	6263 	6264
f 5397 	5408 	6268
f 6275 	6272 	6269
f 6279 	6267 	6266
f 5396 	6349 	6266
f 6266 	6251 	2482
f 6275 	6269 	6270
f 6271 	6270 	6269
f 6266 	6267 	5396
f 4787 	4790 	6270
f 4784 	4787 	6270
f 5397 	6268 	6444
f 6269 	6263 	5572
f 663 	662 	6251
f 2479 	6251 	662
f 6272 	4789 	6265
f 4780 	6265 	4789
f 2483 	663 	6273
f 6263 	6269 	6272
f 6274 	5387 	5406
f 5509 	6275 	4790
f 6275 	6270 	4790
f 6284 	6272 	6275
f 5406 	6402 	6273
f 6273 	6279 	2483
f 6277 	6270 	6276
f 6271 	6276 	6270
f 6273 	6274 	5406
f 6277 	4794 	6270
f 6278 	6276 	6271
f 6271 	6269 	6278
f 667 	666 	6279
f 2486 	6279 	666
f 6276 	6278 	6277
f 6278 	6282 	6277
f 6279 	6266 	667
f 6282 	4800 	6277
f 5396 	6267 	5407
f 6280 	5407 	6267
f 6278 	6295 	6282
f 6281 	6268 	5408
f 6279 	6280 	6267
f 4796 	6277 	4800
f 2486 	2483 	6279
f 5407 	6280 	6279
f 6261 	4802 	4803
f 5408 	6452 	6281
f 6071 	5820 	6283
f 6287 	673 	2489
f 6287 	2489 	2490
f 4807 	4805 	6284
f 6272 	6284 	4805
f 6286 	6275 	4811
f 4813 	6286 	4811
f 5824 	5842 	4813
f 5822 	4811 	6275
f 6275 	5509 	5822
f 6287 	6297 	673
f 6284 	6275 	6286
f 6284 	6333 	4887
f 4887 	5836 	6284
f 6284 	6286 	6333
f 5413 	6300 	6288
f 6286 	4813 	5842
f 6285 	5411 	5931
f 6288 	6287 	5413
f 4827 	6282 	6339
f 4824 	6282 	4827
f 5657 	6282 	5854
f 4824 	5854 	6282
f 2490 	676 	6289
f 6304 	6292 	6289
f 6295 	6293 	6290
f 6291 	6290 	6293
f 6408 	5413 	6287
f 6289 	6287 	2490
f 6290 	4828 	4832
f 5417 	6408 	6289
f 6292 	5417 	6289
f 6295 	6278 	6293
f 6304 	2493 	2491
f 6293 	6278 	5572
f 6291 	6293 	6296
f 6278 	6269 	5572
f 6285 	5931 	6294
f 4832 	4835 	6290
f 6295 	6290 	4835
f 6295 	6306 	6282
f 5418 	6285 	6294
f 678 	673 	6297
f 2491 	678 	6297
f 6299 	6290 	6298
f 6291 	6298 	6290
f 6287 	6288 	6300
f 6287 	6300 	6297
f 6299 	4837 	6290
f 6297 	5419 	6423
f 2491 	6297 	6304
f 6298 	6296 	6299
f 6300 	5419 	6297
f 4839 	4837 	6299
f 6296 	6320 	6309
f 6325 	6302 	6303
f 6296 	6309 	6299
f 6309 	4846 	6299
f 6289 	676 	6304
f 681 	6304 	676
f 2493 	6304 	681
f 6325 	4943 	4941
f 5213 	6302 	4941
f 6325 	4941 	6302
f 6298 	6291 	6296
f 6292 	6304 	6305
f 6304 	6297 	6423
f 3108 	6303 	6302
f 6143 	3106 	6302
f 6143 	6302 	5213
f 6143 	5213 	5210
f 5423 	5417 	6305
f 5936 	5915 	6309
f 6403 	6324 	6301
f 4839 	6299 	4846
f 6307 	682 	2495
f 6326 	6325 	6303
f 4850 	6306 	4848
f 5925 	5930 	4850
f 6295 	4848 	6306
f 6339 	6282 	6306
f 6307 	6332 	682
f 6306 	4850 	5930
f 6303 	3108 	3111
f 6311 	6310 	3109
f 6314 	5428 	6307
f 6308 	6307 	5425
f 2395 	6328 	6315
f 2395 	6315 	3110
f 6309 	4858 	5936
f 6307 	2497 	6314
f 685 	1360 	6338
f 5937 	5936 	4858
f 6307 	2495 	2497
f 6143 	4940 	6310
f 6320 	6330 	6309
f 6311 	6144 	6310
f 6143 	6310 	6144
f 6311 	3109 	6144
f 5429 	6341 	6313
f 6423 	5418 	6309
f 6325 	6310 	5217
f 6312 	5428 	6314
f 4858 	6309 	4861
f 6325 	3109 	6310
f 6294 	5950 	5418
f 6322 	6317 	6318
f 6322 	6318 	6321
f 6322 	4869 	6317
f 6320 	6319 	6317
f 6318 	6317 	6319
f 6317 	4862 	4864
f 6319 	6320 	6296
f 6321 	6318 	6319
f 6319 	6296 	5572
f 6296 	6293 	5572
f 6326 	6303 	3111
f 4864 	4866 	6317
f 6320 	6317 	4866
f 3114 	3116 	6331
f 4862 	6317 	4869
f 5218 	6315 	6328
f 6323 	6327 	6322
f 6323 	6322 	6321
f 4869 	6322 	4871
f 6324 	3112 	6301
f 3107 	6301 	3112
f 6327 	6323 	5593
f 6323 	6319 	5572
f 6321 	6319 	6323
f 6325 	5221 	4943
f 5593 	6323 	5572
f 4878 	6093 	6327
f 6327 	4874 	6322
f 4871 	6322 	4874
f 6326 	3111 	6325
f 5221 	6325 	5217
f 6330 	6320 	4876
f 4876 	6082 	6330
f 4875 	4876 	6320
f 4866 	5958 	6320
f 6423 	6309 	6330
f 6345 	5433 	6083
f 6331 	6395 	6328
f 4878 	6327 	4880
f 6454 	4880 	6327
f 5222 	5218 	6328
f 6313 	6526 	5429
f 3115 	3110 	6336
f 2497 	685 	6314
f 6343 	6071 	6283
f 6336 	6334 	3115
f 4881 	4883 	6283
f 6261 	4803 	6283
f 6190 	4885 	4883
f 5218 	4944 	6315
f 6334 	6315 	4944
f 6336 	6316 	6334
f 6315 	6334 	6316
f 6332 	6307 	6308
f 6332 	6308 	6335
f 4944 	4947 	6334
f 6334 	4947 	5224
f 6333 	4889 	4887
f 1358 	682 	6332
f 2499 	1358 	6332
f 2499 	6332 	6338
f 5430 	6332 	6335
f 6332 	6440 	6338
f 6338 	2500 	2499
f 4891 	5242 	6286
f 5425 	5430 	6308
f 6335 	6308 	5430
f 5364 	6206 	6333
f 6344 	6333 	6349
f 2500 	6338 	1360
f 5900 	5908 	5894
f 6337 	6338 	5431
f 6286 	5242 	6349
f 5365 	6349 	5242
f 6337 	5431 	6312
f 6339 	5367 	5366
f 6471 	6523 	5432
f 5908 	6342 	5905
f 6340 	5862 	6342
f 5429 	5432 	6341
f 5900 	6342 	5908
f 6337 	6312 	6338
f 6314 	6338 	6312
f 5374 	6220 	6339
f 6402 	5374 	6339
f 6436 	6340 	6342
f 6133 	6084 	6343
f 5900 	6353 	6342
f 6283 	4885 	6343
f 5377 	6343 	4885
f 6314 	685 	6338
f 6463 	6133 	6343
f 6343 	5380 	6463
f 5380 	5382 	6463
f 6286 	6349 	6333
f 3685 	6430 	3683
f 6426 	6430 	3685
f 6430 	6354 	3683
f 6351 	6377 	1759
f 2503 	6351 	1759
f 5384 	5364 	6344
f 6333 	6344 	5364
f 6083 	6375 	6345
f 6347 	6348 	6346
f 6349 	6465 	6344
f 6345 	6375 	5433
f 6350 	6346 	6374
f 6251 	6266 	6349
f 5387 	6251 	6349
f 5365 	5387 	6349
f 6376 	6351 	6352
f 6374 	6353 	6350
f 5436 	5444 	6352
f 6361 	5442 	6351
f 6352 	6351 	5436
f 6355 	3683 	6354
f 2503 	6361 	6351
f 6355 	6354 	7213
f 6361 	2503 	2505
f 6430 	6370 	6348
f 6430 	6348 	6354
f 1762 	1761 	6386
f 2505 	1762 	6361
f 6356 	6357 	4952
f 6381 	6379 	6357
f 6359 	7207 	6346
f 6356 	6254 	6357
f 6253 	6357 	6254
f 6346 	6353 	6359
f 6350 	6353 	6346
f 6381 	6357 	6364
f 6365 	6360 	6497
f 5902 	6359 	6353
f 6253 	6364 	6357
f 6362 	5442 	6361
f 6254 	6356 	4952
f 6254 	4952 	4950
f 6365 	6497 	6498
f 6365 	6498 	6366
f 6330 	5436 	5442
f 6367 	6368 	4954
f 6368 	6253 	4954
f 4950 	4954 	6253
f 5902 	5890 	6359
f 6127 	6366 	6130
f 6498 	6130 	6366
f 6369 	6346 	6370
f 6369 	6370 	6371
f 6358 	6360 	6372
f 6372 	6073 	6358
f 1760 	1759 	6377
f 6374 	6346 	6369
f 6095 	6363 	6358
f 6373 	6368 	6381
f 6360 	6365 	6366
f 6360 	6366 	6372
f 6369 	6371 	7227
f 5443 	5433 	6375
f 6127 	6380 	6366
f 6380 	6489 	6366
f 6376 	6377 	6351
f 4952 	6379 	4957
f 4952 	6357 	6379
f 6378 	4957 	6379
f 2506 	1760 	6377
f 6036 	5938 	6372
f 6368 	6367 	6379
f 6378 	6379 	6367
f 6376 	6352 	5444
f 6383 	6502 	6382
f 6395 	6331 	3116
f 6381 	6368 	6379
f 4954 	4957 	6378
f 4954 	6378 	6367
f 6376 	5444 	6377
f 5444 	6454 	6377
f 6377 	6454 	6386
f 6130 	6382 	6380
f 5148 	6384 	4959
f 4959 	6384 	6385
f 6334 	3116 	3115
f 1741 	1740 	6383
f 1741 	6383 	6382
f 6362 	6361 	6386
f 6362 	6386 	6387
f 6392 	4949 	6328
f 5222 	6328 	4948
f 1740 	6129 	6383
f 6384 	6442 	6388
f 6361 	1762 	6386
f 2507 	6386 	1761
f 6130 	1736 	6382
f 1741 	6382 	1736
f 6394 	6384 	6388
f 5451 	6362 	6387
f 5442 	6362 	5451
f 2679 	2678 	6258
f 2679 	6258 	6257
f 6387 	6386 	5451
f 2506 	6377 	6386
f 6328 	6395 	6392
f 2678 	6512 	6258
f 2506 	6386 	2507
f 4961 	6391 	6448
f 6390 	6391 	4961
f 6394 	6448 	6391
f 5226 	4949 	6392
f 4948 	6328 	4949
f 6390 	6385 	6391
f 6384 	6391 	6385
f 3117 	6329 	6393
f 6255 	6257 	4521
f 4526 	4521 	6257
f 6397 	6417 	1763
f 2508 	6397 	1763
f 6384 	6394 	6391
f 6398 	6417 	6397
f 4961 	4959 	6390
f 6385 	6390 	4959
f 1764 	1763 	6417
f 5393 	5390 	6464
f 6344 	6464 	5390
f 5390 	6259 	6344
f 6392 	6334 	5226
f 5224 	5226 	6334
f 6334 	6392 	3116
f 4963 	4967 	6399
f 4963 	6399 	6400
f 6464 	6344 	6465
f 3117 	6393 	6595
f 6395 	3116 	6392
f 6405 	6400 	6399
f 6397 	6406 	6455
f 6398 	6397 	5454
f 6465 	6349 	5396
f 5397 	6465 	5396
f 6410 	6403 	2393
f 2393 	6403 	3107
f 6399 	6413 	6401
f 6401 	6405 	6399
f 5228 	4951 	6403
f 6397 	2508 	2509
f 6279 	6273 	6402
f 5374 	6402 	5406
f 2512 	6427 	1765
f 6404 	6405 	4965
f 6421 	6419 	6405
f 5408 	5407 	6467
f 6402 	6467 	5407
f 6279 	6402 	5407
f 6428 	6407 	6406
f 6405 	6404 	6400
f 6301 	3107 	6403
f 5413 	6408 	5411
f 6306 	5411 	6408
f 6405 	6409 	6421
f 6422 	6567 	6410
f 2509 	1766 	6406
f 6339 	6306 	6408
f 6402 	6339 	6408
f 6409 	6405 	6401
f 6541 	4955 	4953
f 5230 	6410 	4953
f 6541 	4953 	6410
f 6407 	6428 	5458
f 6287 	6289 	6408
f 6400 	6404 	4965
f 6400 	4965 	4963
f 5228 	6403 	6410
f 6431 	6530 	6411
f 6412 	6413 	4967
f 4967 	6413 	6399
f 5228 	6410 	5230
f 5459 	5465 	6411
f 6396 	6171 	6249
f 6407 	5458 	6406
f 5458 	6455 	6406
f 4388 	6173 	6396
f 4524 	4388 	6396
f 6413 	6414 	6401
f 7494 	6401 	6414
f 1315 	4953 	4955
f 2509 	6406 	6397
f 6396 	6249 	4524
f 4518 	4524 	6250
f 6414 	6413 	6421
f 6403 	4956 	6547
f 4951 	4956 	6403
f 5233 	6547 	4956
f 6257 	6258 	4526
f 6415 	4526 	6258
f 5142 	6412 	4967
f 6547 	6324 	6403
f 6416 	6417 	6398
f 4965 	6419 	5142
f 4965 	6405 	6419
f 6418 	5142 	6419
f 4526 	6415 	4531
f 6417 	2510 	1764
f 6413 	6412 	6419
f 6418 	6419 	6412
f 6398 	5454 	5460
f 6416 	6398 	5460
f 6541 	6410 	6567
f 6416 	5460 	6417
f 5460 	6458 	6417
f 6421 	6413 	6419
f 6417 	2512 	2510
f 5142 	6418 	6412
f 5143 	6424 	6425
f 7227 	6371 	6370
f 6428 	6406 	6427
f 6424 	6620 	6429
f 1765 	6427 	1766
f 6406 	1766 	6427
f 5418 	6423 	5419
f 6428 	5463 	5458
f 6346 	6348 	6370
f 6305 	6304 	5423
f 5423 	6423 	6440
f 6432 	6433 	5145
f 6431 	6411 	5465
f 6424 	6433 	6432
f 6424 	6432 	6425
f 5463 	6428 	6427
f 6417 	6458 	6427
f 6417 	6427 	2512
f 5428 	6474 	5425
f 5417 	5425 	6408
f 6424 	6429 	6433
f 6435 	6433 	6429
f 6436 	6369 	6434
f 6374 	6369 	6436
f 7227 	7226 	6369
f 6476 	6536 	5465
f 6402 	6408 	6474
f 5145 	5143 	6432
f 6425 	6432 	5143
f 6374 	6436 	6353
f 5429 	6474 	5428
f 6408 	5425 	6474
f 6438 	6439 	5148
f 5148 	6439 	6384
f 6463 	5382 	6437
f 6436 	6434 	6340
f 6236 	6441 	6437
f 6442 	6384 	6439
f 6342 	6353 	6436
f 6281 	6452 	6268
f 6268 	6452 	6444
f 5423 	6440 	5430
f 6445 	6447 	6443
f 5151 	4961 	6448
f 6446 	5151 	6448
f 6441 	6463 	6437
f 5431 	6338 	6440
f 6439 	6438 	6448
f 6446 	6448 	6438
f 3688 	3691 	6449
f 3688 	6449 	6450
f 6394 	6451 	6448
f 6450 	6449 	6462
f 3828 	3798 	3797
f 6449 	6487 	6447
f 6487 	6485 	6447
f 6440 	6471 	5431
f 6449 	6447 	6462
f 5433 	5436 	6330
f 6330 	6083 	5433
f 3797 	3827 	3828
f 6453 	6443 	5426
f 6330 	6455 	6423
f 6445 	6443 	6456
f 6351 	5442 	5436
f 3849 	3816 	3908
f 3688 	6450 	3690
f 3875 	3850 	3909
f 5451 	6386 	6454
f 6454 	5444 	5443
f 6453 	4826 	4818
f 6454 	6327 	5593
f 3864 	3832 	3861
f 3831 	3861 	3832
f 6454 	6458 	5451
f 5593 	5598 	6454
f 6458 	6454 	5598
f 3816 	3883 	3908
f 6450 	6461 	3690
f 5454 	6397 	6455
f 6330 	5442 	6455
f 5454 	6455 	5442
f 3919 	3896 	3893
f 6440 	6423 	6455
f 5459 	6475 	5458
f 6455 	6475 	6440
f 5463 	6427 	6458
f 6458 	5460 	5451
f 3893 	3918 	3919
f 6459 	6456 	6460
f 6447 	6445 	6460
f 6459 	6460 	6445
f 3922 	4130 	3923
f 5465 	5463 	6476
f 6458 	6476 	5463
f 3909 	4121 	3875
f 6461 	6462 	3690
f 3922 	4129 	4130
f 6462 	6461 	6450
f 6463 	5575 	6133
f 6460 	6492 	6462
f 6462 	6447 	6460
f 6441 	5393 	6464
f 4259 	4279 	4280
f 4259 	4280 	4260
f 6443 	6453 	6456
f 6457 	6456 	6478
f 6465 	5397 	6444
f 6467 	5575 	6465
f 6465 	5575 	6464
f 6464 	5575 	6463
f 6445 	6456 	6459
f 6463 	6441 	6464
f 4302 	4319 	4270
f 6465 	6444 	6467
f 6402 	6474 	6467
f 6452 	5408 	6467
f 4319 	4292 	4270
f 6469 	6470 	6466
f 6474 	5575 	6467
f 4311 	4328 	4331
f 4311 	4331 	4312
f 6607 	6470 	6469
f 6471 	6440 	6475
f 6473 	3689 	6472
f 5432 	5431 	6471
f 6613 	6473 	6472
f 4417 	4343 	4415
f 4342 	4415 	4343
f 6500 	6470 	6472
f 6471 	5575 	6474
f 6475 	5575 	6471
f 4472 	4439 	4399
f 6472 	6470 	6613
f 4717 	4456 	4455
f 6468 	6477 	6466
f 6466 	6477 	6604
f 6455 	5458 	6475
f 4399 	4442 	4472
f 6466 	6604 	6469
f 6607 	6469 	6604
f 6476 	5575 	6475
f 4455 	4476 	4717
f 6180 	3068 	2987
f 6476 	6458 	5598
f 5951 	5944 	5948
f 5566 	6133 	5575
f 5948 	5953 	5951
f 5575 	6476 	5598
f 5956 	5965 	5960
f 5956 	5960 	5955
f 6478 	6453 	6477
f 6602 	6477 	6453
f 5985 	5987 	5983
f 6602 	6604 	6477
f 5987 	5986 	5983
f 6453 	6478 	6456
f 6156 	6159 	6151
f 6159 	6158 	6151
f 2518 	2517 	2524
f 2522 	2524 	2517
f 6443 	6481 	5437
f 6443 	6447 	6481
f 6484 	6481 	6485
f 6479 	6480 	6483
f 6482 	6483 	6480
f 1803 	1730 	6479
f 2530 	2551 	2531
f 2555 	2531 	2551
f 6492 	6511 	6485
f 6482 	1803 	6483
f 6479 	6483 	1803
f 6486 	6487 	3691
f 6487 	6449 	3691
f 2534 	2541 	2542
f 2534 	2542 	2535
f 6527 	6480 	6488
f 6485 	6481 	6447
f 2577 	2546 	2545
f 5434 	6582 	4830
f 5437 	6481 	5434
f 6481 	6484 	6511
f 6511 	6509 	6481
f 6503 	6490 	6489
f 6380 	6382 	6489
f 6490 	6503 	6389
f 2568 	2571 	2567
f 2568 	2567 	2563
f 6490 	6389 	6489
f 6389 	6372 	6489
f 6571 	6504 	3692
f 3689 	3692 	6472
f 2545 	2576 	2577
f 6372 	6366 	6489
f 6514 	3691 	3693
f 3690 	6462 	3693
f 3693 	6496 	6514
f 2892 	2897 	2899
f 2892 	2899 	2893
f 6130 	6498 	6129
f 6456 	6457 	6510
f 6505 	6383 	6491
f 6383 	6129 	6491
f 6456 	6509 	6460
f 6494 	6360 	6493
f 6358 	6493 	6360
f 6358 	6363 	6493
f 6495 	6493 	6363
f 2903 	2910 	2905
f 6497 	6360 	6494
f 6496 	3693 	6462
f 6363 	6095 	6495
f 6122 	6495 	6095
f 6514 	6496 	6487
f 6487 	6486 	6514
f 2911 	2905 	2910
f 6462 	6492 	6496
f 6491 	6129 	6498
f 2912 	2928 	2913
f 6485 	6487 	6492
f 6496 	6492 	6487
f 6126 	6499 	6494
f 6126 	6494 	6493
f 2912 	2927 	2928
f 6478 	6510 	6457
f 6493 	6495 	6122
f 6497 	6494 	6498
f 6468 	6466 	6520
f 6519 	6520 	6466
f 6466 	6470 	6519
f 6500 	6519 	6470
f 2365 	6499 	6126
f 2936 	2930 	2935
f 2929 	2935 	2930
f 6503 	6489 	6502
f 6500 	6472 	6504
f 6505 	6502 	6383
f 6489 	6382 	6502
f 2940 	2961 	2962
f 2940 	2962 	2942
f 6503 	6501 	6389
f 7090 	7084 	6499
f 6501 	6502 	6499
f 2945 	2932 	2938
f 6503 	6502 	6501
f 6502 	6498 	6499
f 6494 	6499 	6498
f 6581 	6582 	6477
f 6491 	6498 	6505
f 6498 	6502 	6505
f 6468 	6520 	6477
f 2945 	2938 	2951
f 2947 	2952 	2953
f 2947 	2953 	2948
f 6506 	6507 	6517
f 6508 	6517 	6507
f 6509 	6456 	6510
f 2981 	2958 	2943
f 6511 	6492 	6509
f 6492 	6460 	6509
f 2986 	2960 	2959
f 6507 	6506 	1749
f 6507 	1749 	1748
f 6484 	6485 	6511
f 6420 	4529 	6513
f 1752 	6507 	1748
f 6415 	6258 	6512
f 6513 	6257 	6420
f 6255 	6420 	6257
f 6513 	6512 	2685
f 6513 	2685 	2687
f 6515 	6693 	5009
f 6510 	6582 	6509
f 2685 	6512 	2678
f 5434 	6481 	6509
f 6513 	2687 	6257
f 2679 	6257 	2687
f 5495 	6642 	6516
f 6420 	6255 	4529
f 4521 	4529 	6255
f 6486 	3691 	6514
f 6517 	6518 	6644
f 6643 	6644 	6518
f 6415 	6521 	4531
f 6516 	6643 	6518
f 6512 	4531 	6521
f 6522 	6519 	6500
f 6512 	6521 	6415
f 6784 	6522 	6500
f 6512 	6513 	4531
f 6513 	4529 	4531
f 6448 	6451 	6439
f 6442 	6439 	6451
f 6446 	6438 	5151
f 5148 	5151 	6438
f 1233 	1202 	1381
f 1194 	1186 	1381
f 1381 	1202 	1194
f 6526 	6313 	6523
f 6341 	6523 	6313
f 6341 	5432 	6523
f 6480 	6527 	6482
f 6474 	5429 	6526
f 6474 	6526 	6523
f 6474 	6523 	6471
f 6599 	6524 	6528
f 6549 	6515 	6517
f 6515 	6516 	6517
f 6518 	6517 	6516
f 6549 	6517 	6508
f 6475 	5459 	6530
f 6411 	6530 	5459
f 6532 	6533 	6549
f 6534 	6549 	6533
f 6524 	5212 	6535
f 6536 	6530 	6431
f 6591 	6534 	6506
f 6431 	5465 	6536
f 6507 	6533 	6532
f 6507 	6532 	6508
f 6530 	6536 	6476
f 6476 	6475 	6530
f 1752 	1751 	6534
f 1752 	6534 	6533
f 6528 	6524 	6535
f 6528 	6535 	6537
f 4688 	4712 	382
f 4688 	382 	2321
f 1749 	6506 	6534
f 1749 	6534 	1751
f 5608 	6538 	6539
f 1752 	6533 	6507
f 6540 	6543 	6539
f 6556 	6559 	2398
f 6508 	6532 	6549
f 6539 	6542 	5608
f 6664 	5009 	6693
f 6543 	6542 	6539
f 5232 	4955 	6541
f 6544 	6545 	6515
f 6693 	6515 	6545
f 6542 	6546 	5608
f 6667 	6545 	6544
f 6548 	6552 	6546
f 6550 	5608 	6546
f 6554 	5608 	6550
f 6567 	3120 	6541
f 6671 	6551 	6549
f 6552 	6550 	6546
f 5232 	6541 	6547
f 5232 	6547 	5233
f 6553 	6558 	6554
f 6541 	2397 	6547
f 6545 	6667 	6677
f 6545 	6677 	6555
f 6554 	6557 	5608
f 6544 	6515 	6549
f 6558 	6557 	6554
f 6549 	6551 	6544
f 6555 	6821 	6545
f 6560 	6563 	6561
f 6563 	6564 	6561
f 5236 	5235 	6556
f 5235 	6559 	6556
f 6329 	3113 	6559
f 3113 	2398 	6559
f 6561 	5608 	6557
f 3072 	3073 	6529
f 5608 	6561 	6564
f 6422 	3119 	3120
f 6565 	5591 	6564
f 1072 	6562 	1070
f 6562 	6529 	1070
f 3073 	2975 	6529
f 6566 	6569 	6565
f 6568 	5591 	6565
f 6567 	6422 	3120
f 6565 	6569 	6568
f 6570 	5591 	6568
f 6573 	5591 	6570
f 6504 	6472 	3692
f 6572 	6574 	6570
f 6575 	5591 	6573
f 1600 	6482 	1601
f 6527 	1601 	6482
f 6581 	6477 	6520
f 6570 	6574 	6573
f 6580 	6579 	6575
f 6575 	6576 	6580
f 6579 	5591 	6575
f 6519 	6522 	6784
f 6780 	6519 	6784
f 262 	3072 	6529
f 6577 	262 	6529
f 6583 	5591 	6579
f 3692 	6792 	6571
f 6478 	6477 	6582
f 6584 	6587 	6583
f 6529 	6578 	6577
f 6582 	6510 	6478
f 6587 	5591 	6583
f 6581 	6585 	6582
f 6585 	4830 	6582
f 6586 	6587 	6584
f 5592 	5591 	6587
f 6519 	6585 	6581
f 6520 	6519 	6581
f 5608 	6564 	5591
f 5434 	6509 	6582
f 1237 	1243 	1381
f 6578 	6529 	6562
f 6539 	6538 	4057
f 3694 	3689 	6473
f 3694 	6473 	6612
f 5527 	6540 	6539
f 3694 	6612 	6613
f 4105 	6542 	5530
f 6543 	5530 	6542
f 3123 	6662 	6588
f 5532 	6548 	6546
f 3123 	6588 	6556
f 2400 	6600 	3124
f 6600 	6662 	3124
f 6552 	5535 	6550
f 5536 	6553 	6554
f 6600 	4964 	6556
f 5236 	6556 	4958
f 6557 	6558 	5539
f 2966 	2970 	2972
f 2966 	2972 	2967
f 6561 	5540 	6560
f 2943 	2964 	2981
f 2959 	2983 	2986
f 6564 	6563 	5542
f 2979 	2977 	3204
f 3203 	3204 	2977
f 6540 	5527 	6543
f 6543 	5527 	5530
f 3319 	3321 	3323
f 3319 	3323 	3320
f 6548 	5532 	6552
f 6552 	5532 	5535
f 3331 	3326 	3324
f 6553 	5536 	6558
f 6558 	5536 	5539
f 3324 	3330 	3331
f 6527 	6488 	1206
f 6590 	1206 	6488
f 5540 	5542 	6560
f 3333 	3340 	3334
f 3333 	3334 	3329
f 5542 	6563 	6560
f 3343 	3339 	3337
f 3337 	3341 	3343
f 556 	1367 	562
f 2763 	2996 	5662
f 644 	6589 	6578
f 644 	6578 	6562
f 5544 	6566 	6565
f 2710 	5674 	2702
f 2731 	2739 	5674
f 2739 	2734 	5674
f 2757 	2763 	5674
f 5662 	5674 	2763
f 1072 	644 	6562
f 6569 	5547 	6568
f 4789 	4775 	4773
f 4789 	4773 	4780
f 5548 	6572 	6570
f 6517 	6644 	6506
f 6593 	6592 	4244
f 4787 	4796 	4790
f 2519 	4057 	6538
f 6574 	5551 	6573
f 6539 	4057 	5527
f 6592 	5527 	4057
f 5528 	5527 	6592
f 5552 	6576 	6575
f 6592 	6594 	5528
f 4800 	4790 	4796
f 6594 	6592 	6593
f 6579 	6580 	5555
f 4057 	4244 	6592
f 5555 	6740 	6579
f 4802 	4805 	4807
f 4802 	4807 	4803
f 6583 	5556 	6584
f 4251 	6598 	4244
f 6556 	6662 	6600
f 6525 	5219 	5212
f 5235 	4960 	6559
f 4105 	6601 	6542
f 5530 	6594 	4105
f 5529 	6594 	5530
f 6531 	6535 	5216
f 5212 	5216 	6535
f 6525 	5212 	6524
f 4960 	4962 	6559
f 6595 	6559 	4962
f 6595 	4962 	5238
f 6594 	5529 	5528
f 6606 	5219 	6597
f 6329 	6559 	6393
f 6595 	6393 	6559
f 6593 	4244 	6598
f 6597 	6596 	6524
f 6525 	6524 	6596
f 5238 	5240 	6595
f 6593 	6598 	6594
f 6594 	6598 	4251
f 6599 	6610 	6597
f 6340 	6453 	5872
f 6599 	6597 	6524
f 6527 	1206 	1278
f 4258 	6609 	6601
f 6604 	6605 	6783
f 6546 	6542 	6601
f 6604 	6780 	6608
f 6607 	6604 	6608
f 6546 	6601 	5532
f 6601 	6609 	5532
f 5533 	5532 	6609
f 6606 	6535 	6603
f 6531 	6603 	6535
f 6608 	6470 	6607
f 6606 	6597 	6610
f 6527 	1278 	1601
f 6606 	6610 	6535
f 6537 	6535 	6610
f 6473 	6613 	6612
f 5219 	6525 	6596
f 6531 	5216 	6603
f 5220 	6603 	5216
f 6608 	6785 	6791
f 6608 	6791 	6613
f 6614 	2696 	1605
f 1604 	6614 	1605
f 2698 	2728 	1604
f 6589 	6614 	6615
f 6611 	4258 	4834
f 6603 	5220 	6606
f 6596 	6597 	5219
f 5219 	6606 	5220
f 6613 	6470 	6608
f 6605 	6602 	6783
f 6658 	6783 	6602
f 6616 	6617 	5223
f 5143 	5223 	6617
f 5143 	6617 	6424
f 4694 	6619 	4834
f 6554 	6550 	6626
f 6634 	2754 	1609
f 1608 	6618 	1609
f 2705 	6618 	1608
f 6634 	1609 	6618
f 6550 	5535 	4694
f 5535 	6619 	4694
f 5534 	6619 	5535
f 6620 	6424 	6617
f 6618 	6614 	6589
f 6618 	2705 	6614
f 6605 	6604 	6602
f 5534 	5533 	6619
f 6609 	6619 	5533
f 2696 	6614 	2705
f 6620 	6617 	6627
f 6609 	6611 	6619
f 6621 	6619 	6611
f 6622 	6623 	6618
f 5225 	6616 	5223
f 6621 	6611 	4834
f 6622 	2723 	1613
f 1612 	6623 	1613
f 6622 	1613 	6623
f 5145 	6625 	5225
f 6433 	6625 	5145
f 6624 	5225 	6625
f 6619 	6621 	4834
f 6622 	6618 	6589
f 4818 	5872 	6453
f 6617 	6616 	6625
f 6624 	6625 	6616
f 4860 	6636 	6626
f 6433 	6435 	6627
f 6433 	6627 	6625
f 6615 	6614 	6628
f 6627 	6617 	6625
f 6628 	1604 	2728
f 1617 	6628 	2733
f 6614 	1604 	6628
f 5225 	6624 	6616
f 6630 	6615 	6628
f 6628 	1617 	1616
f 6628 	1616 	6630
f 4865 	6646 	4867
f 1619 	2760 	6634
f 6647 	6646 	6636
f 6647 	6636 	6637
f 6639 	3695 	6638
f 6579 	6740 	6583
f 6646 	5537 	6636
f 7384 	6639 	6638
f 6637 	6636 	4860
f 6636 	5537 	5536
f 6554 	6626 	5536
f 6636 	5536 	6626
f 6586 	5559 	6587
f 7104 	6587 	5559
f 6640 	6686 	6654
f 4694 	6626 	6550
f 7104 	5592 	6587
f 6638 	6641 	7385
f 6638 	7385 	7384
f 6637 	4860 	6647
f 6645 	7385 	6641
f 6566 	5544 	6569
f 6591 	6506 	6644
f 6647 	4867 	6646
f 6569 	5544 	5547
f 6633 	6645 	6641
f 6516 	6642 	6643
f 6572 	5548 	6574
f 6642 	5664 	6648
f 6574 	5548 	5551
f 6602 	6453 	6629
f 6453 	7395 	6629
f 6643 	6642 	6644
f 6642 	6648 	6644
f 6557 	5539 	4865
f 6646 	4865 	5539
f 6646 	5539 	5538
f 6646 	5538 	5537
f 6635 	6629 	6633
f 7386 	6633 	7381
f 6648 	6671 	6644
f 6631 	6655 	6649
f 6647 	4860 	4867
f 2 	6631 	6649
f 6650 	6648 	5520
f 5388 	5520 	6648
f 6651 	6557 	4865
f 6561 	6557 	6651
f 6792 	3692 	3697
f 6631 	5229 	6655
f 6656 	6652 	6794
f 3694 	6613 	3697
f 6613 	6791 	3697
f 6657 	6672 	5541
f 6656 	6794 	6654
f 5240 	4964 	6600
f 4958 	6556 	4964
f 6655 	6660 	6649
f 7557 	6649 	6660
f 6650 	5520 	6652
f 5685 	6652 	5520
f 6672 	6657 	6659
f 6660 	6655 	12
f 5541 	5540 	6657
f 5540 	6651 	6657
f 6561 	6651 	5540
f 2400 	6595 	6600
f 5240 	6600 	6595
f 6652 	6656 	6654
f 6652 	6654 	6650
f 5227 	5231 	6653
f 5031 	6659 	6657
f 6661 	6671 	6534
f 6661 	6534 	6591
f 6653 	6655 	5227
f 5229 	5227 	6655
f 6632 	5229 	6631
f 5031 	5112 	6659
f 6556 	6588 	6662
f 6671 	6661 	6591
f 6665 	6663 	6631
f 6632 	6631 	6663
f 6640 	6782 	6666
f 2 	12 	6665
f 6670 	3126 	6668
f 6666 	6686 	6640
f 6659 	5112 	6673
f 6631 	2 	6665
f 6667 	6544 	6669
f 4966 	6691 	6668
f 5241 	4966 	6668
f 6672 	6659 	6673
f 6632 	6663 	5229
f 6670 	6668 	6691
f 6670 	6691 	6692
f 5541 	6672 	5543
f 6549 	6534 	6671
f 3126 	6670 	6692
f 6551 	6671 	6675
f 5241 	6668 	5245
f 3126 	2418 	6668
f 6674 	5231 	6676
f 6544 	6551 	6675
f 6544 	6675 	6669
f 6664 	6564 	5542
f 5543 	6672 	5542
f 6664 	5542 	6672
f 6653 	6674 	6676
f 6653 	6676 	6655
f 6673 	5112 	6672
f 12 	6676 	6665
f 5234 	6665 	6676
f 3128 	6701 	6683
f 12 	6655 	6676
f 6667 	6669 	6678
f 6648 	6678 	6669
f 6679 	3127 	6706
f 5231 	6674 	6653
f 6648 	6669 	6671
f 6591 	6644 	6671
f 3128 	6681 	2418
f 5234 	5229 	6663
f 6675 	6671 	6669
f 6663 	6665 	5234
f 5234 	6676 	5231
f 5268 	6680 	5237
f 5237 	6680 	6682
f 1354 	4968 	4970
f 6681 	6699 	4968
f 6681 	4968 	5245
f 6648 	6650 	6678
f 6834 	6678 	6650
f 6701 	6699 	6683
f 6681 	6683 	6699
f 2365 	4532 	5592
f 6666 	6801 	6686
f 6808 	6686 	6801
f 6680 	25 	35
f 5245 	6668 	6681
f 6668 	2418 	6681
f 6809 	6684 	6687
f 577 	1367 	584
f 562 	1367 	577
f 556 	526 	1367
f 522 	519 	1367
f 1381 	1367 	1282
f 6683 	6681 	3128
f 6690 	5269 	5244
f 6689 	6690 	5244
f 4966 	4969 	6691
f 6691 	4969 	5246
f 6687 	6686 	6809
f 6808 	6809 	6686
f 6689 	6682 	6690
f 6680 	6690 	6682
f 2996 	2998 	5662
f 2998 	3000 	5662
f 3004 	3014 	5662
f 3028 	5662 	3018
f 3032 	5662 	3028
f 3032 	3030 	5662
f 35 	53 	6690
f 5246 	6699 	6691
f 6691 	6699 	2421
f 6564 	6664 	6693
f 35 	6690 	6680
f 5244 	5237 	6689
f 6682 	6689 	5237
f 3129 	3126 	6692
f 6580 	6576 	5555
f 5555 	6576 	5552
f 6565 	6693 	5544
f 6693 	6694 	5544
f 5545 	5544 	6694
f 6697 	3130 	6679
f 6694 	6705 	5545
f 3131 	2421 	6699
f 3131 	6699 	6701
f 6705 	6694 	6696
f 5556 	5559 	6584
f 6679 	6720 	6697
f 6586 	6584 	5559
f 6698 	5661 	3069
f 3127 	6679 	3130
f 5247 	4970 	6699
f 6678 	6705 	6832
f 5740 	5677 	6700
f 6699 	5246 	5247
f 6711 	6702 	5760
f 5684 	5760 	6702
f 6834 	6568 	6678
f 3133 	6710 	2420
f 3127 	2420 	6706
f 6700 	6704 	5740
f 6568 	5547 	6678
f 5547 	6705 	6678
f 5546 	6705 	5547
f 4972 	6720 	6706
f 5249 	4972 	6706
f 6705 	5546 	5545
f 6707 	5750 	5745
f 6679 	6706 	6720
f 6696 	6832 	6708
f 6705 	6696 	6708
f 6707 	6709 	5750
f 6706 	2420 	6710
f 6708 	6832 	6705
f 1824 	4973 	4979
f 6710 	6724 	4973
f 6710 	4973 	5251
f 6570 	6568 	6834
f 6570 	6834 	5548
f 6834 	6712 	5548
f 5549 	5548 	6712
f 5767 	5765 	6715
f 5251 	5249 	6710
f 5249 	6706 	6710
f 6715 	5765 	6713
f 6703 	6717 	5692
f 5833 	5692 	6717
f 6716 	6710 	3133
f 6718 	6719 	5845
f 3135 	2422 	6724
f 6720 	6724 	2422
f 6724 	6728 	3135
f 6838 	6851 	6714
f 5254 	5255 	6720
f 5843 	5845 	6719
f 4972 	4976 	6720
f 6720 	4976 	5254
f 6573 	5551 	6805
f 5551 	6722 	6805
f 5550 	6722 	5551
f 6725 	6851 	6722
f 3130 	6697 	6720
f 6723 	5996 	5860
f 5550 	5549 	6722
f 6712 	6722 	5549
f 5255 	4979 	6724
f 6712 	6714 	6722
f 6725 	6722 	6714
f 5954 	6004 	6726
f 6716 	6728 	6710
f 5255 	6724 	6720
f 6721 	5856 	5966
f 6721 	5966 	6727
f 6724 	6710 	6728
f 5978 	6730 	5972
f 6729 	5972 	6730
f 6732 	6742 	6731
f 6742 	5553 	6731
f 6723 	6733 	5996
f 6735 	3136 	6734
f 6871 	6903 	6731
f 6732 	6731 	6903
f 6731 	5553 	5552
f 6575 	6871 	5552
f 6731 	5552 	6871
f 6004 	6736 	6726
f 6573 	6805 	6575
f 6737 	6020 	6014
f 2435 	3138 	3136
f 6737 	6738 	6020
f 5256 	6734 	6751
f 6743 	7025 	6742
f 6760 	6735 	6734
f 7025 	6743 	6903
f 6734 	5256 	4981
f 4980 	6760 	4981
f 6734 	4981 	6760
f 6739 	6076 	6107
f 6739 	6107 	6741
f 6743 	6742 	6732
f 6740 	7081 	6583
f 6742 	6740 	5555
f 6742 	5555 	5554
f 6753 	6745 	6237
f 6142 	6237 	6745
f 6742 	5554 	5553
f 6744 	6746 	6118
f 6147 	6118 	6746
f 6749 	6157 	6150
f 6754 	6752 	7121
f 6749 	6750 	6157
f 6752 	6764 	5557
f 3137 	6940 	6747
f 6764 	6752 	6754
f 3138 	6748 	6751
f 6751 	3136 	3138
f 6244 	6242 	6756
f 5557 	5556 	6752
f 5556 	7081 	6752
f 6583 	7081 	5556
f 6751 	5257 	5256
f 6756 	6242 	6755
f 6770 	3141 	6747
f 6364 	6256 	6757
f 6364 	6757 	6758
f 6747 	6940 	6770
f 6751 	6748 	6789
f 6788 	6789 	6748
f 7121 	7133 	6754
f 6754 	6766 	6764
f 6751 	6789 	4985
f 5257 	6751 	4985
f 4986 	4985 	6789
f 6373 	6381 	6759
f 6735 	6760 	6761
f 6759 	6381 	6762
f 6760 	4980 	5258
f 3136 	6735 	3139
f 3139 	6735 	6761
f 6763 	6394 	6388
f 5557 	6764 	5560
f 3139 	6761 	6760
f 6763 	6765 	6394
f 6766 	6754 	7133
f 6760 	5258 	5259
f 5560 	6764 	5559
f 7104 	5559 	6764
f 6748 	3138 	6788
f 6767 	6768 	6401
f 6409 	6401 	6768
f 6766 	7133 	6764
f 6760 	6789 	3140
f 6414 	6421 	6769
f 3137 	6747 	3141
f 6769 	6421 	6771
f 4811 	4827 	4813
f 4811 	4824 	4827
f 6695 	6774 	5268
f 5268 	6774 	6680
f 6774 	6695 	6775
f 6774 	44 	6680
f 25 	6680 	44
f 5268 	5269 	6695
f 6775 	6695 	5269
f 4846 	4835 	4832
f 4846 	4832 	4839
f 6690 	6776 	5269
f 6775 	5269 	6776
f 6774 	6775 	6776
f 6834 	6650 	6685
f 6688 	6835 	6685
f 6684 	6685 	6650
f 6690 	53 	6776
f 6650 	6654 	6686
f 44 	6774 	6776
f 44 	6776 	53
f 6686 	6687 	6684
f 6686 	6684 	6650
f 5276 	6777 	5272
f 5272 	6777 	6779
f 6629 	6924 	6602
f 6779 	6777 	6787
f 6778 	6781 	6793
f 6781 	6782 	6793
f 6640 	6654 	6782
f 6780 	6604 	6783
f 6777 	110 	59
f 6785 	6608 	6780
f 6784 	6785 	6780
f 4848 	4858 	4861
f 4848 	4861 	4850
f 6500 	6785 	6784
f 6782 	6781 	1801
f 6782 	1801 	1800
f 6787 	5275 	6779
f 5272 	6779 	5275
f 1801 	6781 	1806
f 6777 	6786 	6787
f 4874 	4866 	4864
f 6777 	59 	6786
f 99 	6786 	59
f 5685 	6790 	6652
f 6792 	3697 	6791
f 6787 	6786 	5275
f 4864 	4871 	4874
f 6793 	6782 	6654
f 126 	140 	99
f 6792 	6791 	6571
f 6504 	6571 	6791
f 6794 	6652 	6790
f 4880 	4876 	4875
f 6794 	6793 	6654
f 6795 	6796 	5276
f 5276 	6796 	6777
f 4875 	4878 	4880
f 6500 	6504 	6785
f 6791 	6785 	6504
f 5723 	6797 	6790
f 6799 	6796 	6795
f 6797 	6808 	6793
f 6796 	110 	6777
f 109 	59 	110
f 6797 	6793 	6790
f 6794 	6790 	6793
f 6585 	6658 	6931
f 6799 	110 	6796
f 6797 	5723 	6009
f 5277 	6795 	5276
f 6808 	6798 	6793
f 6799 	6795 	6800
f 6798 	6808 	6802
f 110 	6799 	140
f 6778 	6798 	6802
f 6778 	6802 	6781
f 5277 	6800 	6795
f 6801 	6666 	6782
f 6800 	5277 	6799
f 6786 	6799 	5277
f 6786 	5277 	5275
f 1807 	1806 	6802
f 1807 	6802 	6801
f 1806 	6781 	6802
f 6799 	6786 	140
f 6786 	99 	140
f 1807 	6801 	6782
f 1807 	6782 	1800
f 6804 	6803 	6829
f 6806 	6807 	6805
f 6797 	6805 	6807
f 6797 	6807 	6808
f 6806 	6685 	6807
f 6684 	6807 	6685
f 6778 	6793 	6798
f 6803 	3379 	6829
f 3407 	6829 	3379
f 6801 	6802 	6808
f 6684 	6809 	6807
f 6688 	6685 	6806
f 6688 	6806 	6811
f 3379 	6803 	6810
f 3379 	6810 	3380
f 6808 	6807 	6809
f 3380 	6810 	3411
f 5280 	5281 	6803
f 5280 	6803 	6804
f 6810 	5281 	6816
f 6813 	6812 	6815
f 6813 	6815 	6814
f 6812 	6818 	1810
f 5281 	6850 	6816
f 1816 	6815 	1813
f 1813 	6815 	6812
f 1813 	6812 	1810
f 6812 	6821 	6818
f 6803 	5281 	6810
f 6817 	5282 	6820
f 5283 	6820 	5282
f 1816 	6819 	6815
f 1815 	6818 	6819
f 1815 	6819 	1816
f 6565 	6564 	6693
f 6555 	6677 	6821
f 6832 	6696 	6822
f 3473 	6820 	3393
f 6821 	6831 	6818
f 6813 	6821 	6812
f 6822 	6815 	6832
f 6814 	6815 	6822
f 6819 	6832 	6815
f 6822 	6694 	6693
f 6696 	6694 	6822
f 6821 	6822 	6693
f 6693 	6545 	6821
f 6814 	6822 	6821
f 6814 	6821 	6813
f 6824 	3395 	6820
f 3393 	6820 	3395
f 3395 	6824 	3476
f 5301 	6870 	5283
f 6818 	6825 	6826
f 6818 	6826 	6819
f 6823 	6824 	5283
f 6824 	6820 	5283
f 6804 	6829 	6828
f 6827 	6830 	6838
f 3411 	6829 	3407
f 6821 	6677 	6831
f 6825 	6818 	6831
f 6810 	6816 	6850
f 6833 	6810 	6850
f 6819 	6826 	6832
f 3411 	6833 	6829
f 6833 	5292 	6829
f 6677 	6667 	6831
f 6667 	6678 	6831
f 6831 	6678 	6832
f 6825 	6831 	6832
f 6825 	6832 	6826
f 3411 	6810 	6833
f 6850 	5292 	6833
f 6804 	6828 	5280
f 5286 	5280 	6828
f 6688 	6811 	6835
f 6834 	6835 	6838
f 6838 	6835 	6827
f 6834 	6685 	6835
f 6714 	6712 	6838
f 6838 	6712 	6834
f 6827 	6835 	6841
f 6836 	6840 	6839
f 6836 	6839 	6837
f 6842 	6838 	6830
f 3421 	3424 	6840
f 6842 	6830 	6841
f 6827 	6841 	6830
f 6836 	3416 	6840
f 3421 	6840 	3416
f 1827 	1833 	6842
f 1827 	6842 	6841
f 1827 	6841 	1826
f 1826 	6841 	6847
f 6844 	6851 	6848
f 3424 	6843 	6840
f 6848 	6847 	6845
f 6848 	6845 	6844
f 6846 	3425 	6836
f 3416 	6836 	3425
f 6849 	6847 	6841
f 1826 	6847 	1832
f 1833 	6848 	6842
f 6838 	6842 	6848
f 3425 	6846 	6843
f 3425 	6843 	3424
f 1832 	6847 	6848
f 1832 	6848 	1833
f 6839 	6840 	5289
f 6843 	5297 	6840
f 6846 	6836 	5298
f 6836 	6837 	5290
f 6845 	6847 	6849
f 6849 	6841 	6835
f 5290 	6839 	5289
f 6837 	6839 	5290
f 6849 	6835 	6811
f 6838 	6848 	6851
f 6725 	6714 	6851
f 6811 	6806 	6849
f 6849 	6805 	6851
f 6845 	6849 	6851
f 6845 	6851 	6844
f 6805 	6849 	6806
f 6817 	6820 	6852
f 6805 	6722 	6851
f 5282 	6817 	5294
f 6852 	5294 	6817
f 6853 	6854 	6855
f 6828 	6829 	5286
f 5292 	5286 	6829
f 6879 	6853 	6856
f 5281 	5292 	6850
f 6855 	6854 	6862
f 6852 	6867 	5294
f 6854 	6874 	1836
f 6857 	5297 	6843
f 6879 	6856 	6858
f 6846 	6859 	6843
f 6857 	6843 	6859
f 6855 	6862 	6853
f 5297 	6857 	6859
f 6856 	6853 	6858
f 6853 	6864 	6858
f 6025 	6858 	6009
f 6009 	6871 	6797
f 1837 	6884 	6863
f 6854 	6863 	6862
f 5289 	6840 	5297
f 6859 	6846 	5298
f 5290 	5298 	6836
f 6854 	1836 	6863
f 1837 	6863 	1836
f 6859 	5298 	5297
f 6862 	6863 	6864
f 5300 	6861 	5299
f 6860 	5299 	6861
f 6867 	6852 	6820
f 3473 	3476 	6867
f 6864 	6866 	6858
f 6864 	6853 	6862
f 3473 	6867 	6820
f 6864 	6865 	6866
f 6009 	6858 	6871
f 6866 	6871 	6858
f 6868 	6902 	6869
f 6867 	6872 	5301
f 6866 	6869 	6871
f 6872 	6824 	6870
f 6823 	6870 	6824
f 6805 	6797 	6871
f 3476 	6872 	6867
f 3476 	6824 	6872
f 6854 	6878 	6874
f 6823 	5283 	6870
f 6870 	5301 	6872
f 5301 	5294 	6867
f 1836 	6874 	1842
f 1842 	6874 	1844
f 6885 	5303 	6886
f 6877 	6875 	6860
f 6877 	6860 	6861
f 6854 	6853 	6878
f 6873 	6874 	6878
f 3483 	6886 	6875
f 6853 	6879 	6878
f 6876 	6887 	6878
f 3483 	6875 	6877
f 3483 	6877 	3485
f 6878 	6880 	6876
f 6879 	6880 	6878
f 6879 	6858 	6880
f 6876 	6880 	6036
f 6052 	6036 	6880
f 6861 	5300 	6877
f 6858 	6052 	6880
f 6887 	6883 	6873
f 6882 	3489 	6877
f 3485 	6877 	3489
f 6883 	6887 	6884
f 6884 	6887 	6863
f 6873 	6883 	6884
f 6873 	6884 	6874
f 1837 	1844 	6884
f 6885 	6886 	6882
f 6885 	6882 	6881
f 1844 	6874 	6884
f 6886 	3483 	3492
f 6864 	6863 	6887
f 6886 	3492 	6882
f 3489 	6882 	3492
f 6865 	6864 	6888
f 6887 	6888 	6864
f 6873 	6878 	6887
f 6881 	5304 	6885
f 5303 	6885 	5304
f 6876 	6889 	6887
f 6888 	6887 	6889
f 5299 	6886 	5303
f 6875 	6886 	5299
f 6860 	6875 	5299
f 6865 	6888 	6889
f 6865 	6889 	6866
f 6882 	6877 	5304
f 6881 	6882 	5304
f 5304 	6877 	5300
f 5305 	5310 	6890
f 5305 	6890 	6891
f 6891 	6890 	6900
f 3519 	3511 	6897
f 6890 	6897 	3511
f 6740 	7026 	6893
f 6889 	6876 	6893
f 6869 	6893 	6868
f 6892 	6868 	6893
f 6740 	6893 	6876
f 6900 	5305 	6891
f 6889 	6893 	6869
f 6889 	6869 	6866
f 6902 	6895 	6896
f 6894 	6897 	5310
f 6897 	6890 	5310
f 6899 	7016 	7025
f 6960 	6897 	6894
f 6896 	6895 	6899
f 6896 	6899 	6898
f 6960 	3565 	6897
f 3519 	6897 	3565
f 1848 	7016 	6899
f 6900 	6901 	5312
f 6901 	3530 	3565
f 1848 	6899 	6895
f 1848 	6895 	1847
f 6900 	6890 	6901
f 6902 	6896 	6898
f 3560 	3565 	3530
f 6902 	6871 	6869
f 6903 	6871 	6902
f 6890 	3511 	6901
f 3530 	6901 	3511
f 6871 	6575 	6805
f 6900 	5312 	5305
f 6902 	7026 	6895
f 6903 	6899 	7025
f 6898 	6899 	6903
f 6904 	6963 	3541
f 6898 	6903 	6902
f 6772 	6773 	6429
f 6435 	6429 	6773
f 6907 	7025 	6906
f 6442 	6911 	6909
f 6783 	6658 	6780
f 6658 	6585 	6780
f 6519 	6780 	6585
f 4889 	4883 	4887
f 4881 	4887 	4883
f 6911 	6442 	6451
f 6634 	6910 	1621
f 6634 	1621 	1619
f 5367 	5242 	4891
f 5367 	4891 	5366
f 6623 	6914 	6634
f 6912 	6599 	6528
f 5384 	4885 	5364
f 6634 	6618 	6623
f 6920 	6638 	3699
f 2792 	1625 	6623
f 1624 	6914 	1625
f 6623 	1625 	6914
f 6912 	6915 	6599
f 6910 	6634 	6914
f 6658 	6602 	6924
f 6537 	6610 	6916
f 6537 	6916 	6913
f 6926 	6635 	6925
f 6633 	6925 	6635
f 6630 	2821 	1627
f 1627 	1631 	6630
f 5377 	4885 	5384
f 6620 	6627 	6919
f 6620 	6919 	6917
f 6633 	6641 	6925
f 6918 	6925 	6641
f 2831 	1683 	1631
f 1635 	1632 	6922
f 1632 	6910 	6922
f 3695 	3699 	6638
f 6921 	2 	6649
f 5387 	5365 	5406
f 11 	6923 	12
f 6660 	12 	6923
f 1686 	3325 	6922
f 5380 	5390 	5393
f 5380 	5393 	5382
f 6641 	6638 	6920
f 6641 	6920 	6918
f 6921 	3 	2
f 5408 	5397 	5396
f 6926 	6924 	6635
f 6629 	6635 	6924
f 5406 	5365 	5374
f 6914 	6922 	6910
f 26 	35 	25
f 5396 	5407 	5408
f 6914 	1636 	1639
f 6914 	1639 	1690
f 2872 	6622 	6927
f 6589 	6927 	6622
f 35 	26 	36
f 6928 	6925 	6918
f 6961 	1652 	6927
f 2872 	6927 	1642
f 1642 	6927 	1643
f 7403 	6928 	6918
f 52 	45 	44
f 6930 	6966 	6927
f 6920 	3699 	6929
f 5419 	5413 	5411
f 5419 	5411 	5418
f 44 	53 	52
f 1645 	1644 	6930
f 100 	59 	58
f 6930 	6927 	6589
f 6658 	6924 	6931
f 99 	59 	100
f 6931 	6924 	6925
f 6926 	6925 	6924
f 130 	111 	110
f 5430 	5425 	5417
f 5430 	5417 	5423
f 6925 	6928 	7403
f 7403 	7401 	6925
f 110 	140 	130
f 5428 	5431 	5432
f 5428 	5432 	5429
f 3069 	5661 	5655
f 5444 	5436 	5433
f 3377 	3408 	3379
f 3407 	3379 	3408
f 6585 	6931 	982
f 1000 	982 	6931
f 5433 	5443 	5444
f 6936 	6937 	3700
f 3411 	3386 	3380
f 3660 	5314 	3700
f 6936 	3700 	5314
f 5454 	5442 	5460
f 5465 	5459 	5458
f 3390 	3443 	3393
f 5451 	5460 	5442
f 3395 	3476 	3396
f 6934 	6932 	6935
f 5458 	5463 	5465
f 4712 	4688 	5581
f 4712 	5581 	4689
f 5309 	6934 	6935
f 6935 	6997 	6937
f 381 	382 	1047
f 4689 	1371 	382
f 1047 	382 	1371
f 5314 	6937 	6936
f 2320 	381 	1047
f 3414 	3422 	3416
f 3421 	3416 	3422
f 6937 	5309 	6935
f 5590 	5592 	1368
f 5307 	6939 	6932
f 5307 	6932 	6934
f 3440 	3386 	3411
f 1368 	1371 	5593
f 1371 	5598 	5593
f 4778 	6938 	5306
f 6939 	5306 	6938
f 3425 	3424 	3457
f 3425 	3457 	3460
f 1371 	1377 	1047
f 6788 	3140 	6789
f 3473 	3393 	3443
f 3476 	3475 	3396
f 6760 	5259 	6789
f 4986 	6789 	5259
f 3466 	3464 	3485
f 3483 	3485 	3464
f 6941 	6940 	2435
f 1771 	1791 	763
f 3492 	3491 	3489
f 3486 	3489 	3491
f 6944 	4993 	6941
f 3511 	3510 	3531
f 3137 	2435 	6940
f 3518 	3519 	3565
f 5262 	6940 	6941
f 5262 	6941 	5263
f 6943 	6770 	6940
f 3530 	3511 	3531
f 6940 	5262 	4989
f 4988 	6943 	4989
f 5267 	6943 	4988
f 6940 	4989 	6943
f 3541 	3539 	3544
f 3545 	3544 	3539
f 6942 	6944 	6941
f 4993 	6944 	4992
f 5263 	6941 	4993
f 3143 	3144 	6942
f 3565 	3564 	3518
f 3143 	6942 	6941
f 769 	1782 	775
f 3574 	3569 	3568
f 6945 	6944 	6942
f 3574 	3568 	3575
f 775 	1782 	776
f 3585 	3609 	3587
f 5266 	4992 	6944
f 9 	797 	782
f 6944 	2442 	6943
f 6770 	6943 	3141
f 6943 	5267 	5266
f 6943 	5266 	6944
f 144 	1788 	781
f 3144 	2442 	6944
f 3144 	6945 	6942
f 6945 	3144 	6944
f 573 	4485 	3073
f 649 	63 	6180
f 652 	657 	649
f 63 	649 	657
f 145 	801 	789
f 3587 	3609 	3617
f 63 	657 	714
f 46 	63 	714
f 3500 	3149 	714
f 709 	46 	714
f 696 	46 	709
f 1050 	1051 	6
f 3626 	3624 	3623
f 144 	781 	798
f 144 	798 	9
f 797 	9 	798
f 3630 	3626 	3623
f 65 	6 	1051
f 1051 	4338 	65
f 145 	146 	801
f 803 	801 	146
f 2451 	4338 	1051
f 3588 	3616 	3596
f 3642 	3596 	3616
f 803 	146 	791
f 3785 	3793 	3629
f 3627 	3629 	3793
f 3800 	3819 	3801
f 1470 	1055 	7
f 807 	148 	808
f 38 	1470 	7
f 147 	149 	811
f 3819 	3800 	3820
f 3146 	3149 	3500
f 150 	807 	812
f 3150 	709 	3149
f 714 	3149 	709
f 811 	149 	150
f 811 	150 	812
f 3812 	3824 	3835
f 821 	151 	815
f 817 	815 	151
f 310 	318 	817
f 3853 	3835 	3824
f 151 	310 	817
f 4487 	649 	6180
f 3876 	3842 	3859
f 573 	262 	4338
f 1883 	1889 	821
f 6480 	6479 	6488
f 69 	6488 	6479
f 1730 	1731 	6479
f 69 	6479 	1731
f 3866 	3842 	3876
f 311 	151 	821
f 6578 	6589 	65
f 65 	262 	6578
f 3869 	3879 	3870
f 6589 	6590 	65
f 69 	6590 	6488
f 1892 	830 	823
f 69 	65 	6590
f 823 	313 	824
f 3870 	3879 	3878
f 318 	821 	827
f 3901 	3886 	3885
f 827 	817 	318
f 6615 	6946 	6589
f 312 	319 	824
f 824 	319 	829
f 6946 	6590 	6589
f 313 	823 	320
f 320 	823 	830
f 3885 	3902 	3901
f 1808 	69 	1805
f 5562 	69 	1808
f 2519 	5608 	1808
f 320 	830 	319
f 829 	319 	830
f 2126 	2511 	1805
f 3929 	3911 	3892
f 4116 	4124 	3915
f 321 	834 	322
f 836 	322 	834
f 321 	323 	834
f 834 	323 	838
f 3892 	3907 	3929
f 323 	842 	838
f 842 	322 	836
f 4135 	4124 	4116
f 4126 	4138 	4127
f 1887 	4873 	4168
f 325 	341 	844
f 4127 	4138 	4137
f 1731 	2127 	2126
f 1805 	69 	2126
f 1731 	2126 	69
f 325 	844 	326
f 846 	326 	844
f 4262 	4273 	4263
f 328 	332 	848
f 5307 	5306 	6939
f 6933 	6932 	6939
f 4262 	4275 	4273
f 3704 	6953 	3701
f 4297 	4287 	4286
f 328 	848 	330
f 850 	330 	848
f 4297 	4286 	4298
f 332 	853 	848
f 1908 	848 	853
f 4307 	4306 	4317
f 6948 	6949 	6947
f 332 	334 	853
f 3544 	6904 	3541
f 6950 	6947 	7015
f 334 	330 	850
f 334 	850 	855
f 855 	853 	334
f 7015 	6957 	6950
f 7131 	6949 	6948
f 6904 	6952 	6951
f 6904 	6951 	6905
f 6954 	3701 	6953
f 3544 	6971 	6952
f 7135 	6954 	6953
f 6904 	3544 	6952
f 336 	859 	339
f 861 	339 	859
f 2878 	6955 	1646
f 6953 	7020 	6949
f 341 	863 	844
f 1921 	844 	863
f 6953 	6949 	7135
f 5318 	5315 	6952
f 341 	343 	863
f 4316 	4307 	4317
f 865 	326 	846
f 6947 	6950 	6957
f 1646 	6955 	1647
f 4336 	4324 	4326
f 865 	863 	343
f 6589 	6955 	6930
f 4326 	4337 	4336
f 345 	346 	867
f 345 	867 	870
f 2878 	2874 	6930
f 6955 	2878 	6930
f 6986 	6956 	1648
f 1649 	1648 	6956
f 2889 	1649 	6956
f 867 	346 	872
f 7140 	7142 	6938
f 6939 	6938 	6957
f 4413 	4350 	4348
f 6956 	6986 	6955
f 6986 	6968 	6955
f 875 	872 	349
f 875 	349 	350
f 6589 	6956 	6955
f 346 	349 	872
f 6958 	2894 	6956
f 5563 	70 	5562
f 69 	5562 	70
f 70 	5563 	5566
f 70 	5566 	5567
f 5567 	5577 	70
f 5578 	5577 	5567
f 5577 	4688 	70
f 350 	345 	875
f 875 	345 	870
f 4406 	4413 	4348
f 5581 	4688 	5577
f 353 	859 	336
f 5601 	5562 	5600
f 5600 	5562 	1808
f 2889 	6956 	2894
f 5608 	5605 	5600
f 5608 	5600 	1808
f 353 	355 	877
f 6589 	644 	6956
f 6090 	5563 	5698
f 5316 	6951 	5315
f 6905 	6951 	5316
f 880 	355 	861
f 6958 	1651 	1650
f 2894 	6958 	1650
f 5312 	6901 	5317
f 6960 	5317 	6901
f 6959 	5317 	6960
f 880 	877 	355
f 6960 	6894 	6959
f 357 	358 	882
f 357 	882 	886
f 2898 	1643 	1652
f 6960 	6901 	3565
f 882 	358 	888
f 6961 	1653 	1652
f 6959 	6894 	5317
f 5310 	5317 	6894
f 6090 	5566 	5563
f 6963 	6904 	5319
f 6905 	5316 	6904
f 6965 	1884 	6964
f 1045 	1046 	2320
f 70 	2320 	1046
f 6971 	6963 	6962
f 1644 	6966 	6930
f 6961 	6927 	6966
f 6963 	3568 	3541
f 3568 	3567 	3541
f 6964 	329 	266
f 1046 	1049 	70
f 327 	6964 	266
f 6971 	3568 	6963
f 1647 	6968 	2919
f 6955 	6968 	1647
f 6970 	6977 	1893
f 6967 	5318 	6971
f 6964 	6970 	6969
f 6964 	6969 	6965
f 2291 	1381 	3645
f 1380 	1381 	2291
f 3645 	1381 	4873
f 2922 	2919 	6968
f 327 	6970 	6964
f 2915 	1655 	6966
f 1655 	1654 	6966
f 6972 	6966 	1654
f 6972 	1654 	2933
f 4411 	4426 	4351
f 6964 	1884 	6973
f 329 	6964 	6973
f 1049 	4672 	70
f 1656 	2922 	6968
f 6974 	1656 	6968
f 4411 	4438 	4426
f 63 	70 	4672
f 4465 	4451 	4445
f 6975 	6973 	1890
f 1656 	6974 	1657
f 6976 	6975 	1890
f 1663 	1661 	152
f 6961 	152 	1661
f 1661 	2944 	6961
f 6976 	1893 	6977
f 6966 	6972 	6961
f 6976 	6977 	6975
f 6973 	6975 	6977
f 1049 	6978 	4672
f 4290 	4672 	6978
f 2949 	1663 	152
f 6970 	331 	6977
f 6961 	6972 	152
f 331 	329 	6977
f 4451 	4465 	4470
f 4672 	5653 	63
f 2954 	6974 	1665
f 6980 	1894 	6979
f 5660 	5661 	5653
f 63 	5653 	5661
f 4469 	4474 	4452
f 4873 	1887 	5674
f 4688 	2320 	70
f 2321 	2320 	4688
f 6967 	6971 	6962
f 7022 	348 	6979
f 1381 	4168 	4873
f 2933 	2955 	6972
f 6971 	3544 	3575
f 1668 	159 	1664
f 3568 	6971 	3575
f 5608 	2519 	6538
f 6698 	6180 	5661
f 6180 	63 	5661
f 6577 	6578 	262
f 6979 	6982 	6981
f 6979 	6981 	6980
f 6972 	1664 	159
f 1668 	3157 	159
f 65 	4338 	262
f 5319 	5318 	6967
f 5319 	6967 	6962
f 351 	7029 	335
f 159 	152 	6972
f 6951 	6952 	5315
f 6952 	6971 	5318
f 71 	70 	63
f 71 	63 	62
f 6974 	6991 	162
f 6982 	6979 	335
f 6979 	333 	335
f 6962 	6963 	5319
f 5319 	6904 	5316
f 66 	65 	69
f 66 	69 	68
f 162 	3163 	1669
f 1669 	1665 	162
f 6985 	1898 	6984
f 3700 	6937 	3702
f 3702 	6937 	6997
f 6974 	162 	1665
f 338 	6984 	337
f 6974 	6968 	6986
f 6990 	6932 	6933
f 6990 	6933 	6992
f 1648 	3169 	6986
f 1671 	1670 	6986
f 6991 	6986 	1670
f 6935 	6932 	6990
f 6995 	6996 	6990
f 6935 	6990 	6996
f 6986 	6991 	6974
f 212 	162 	6991
f 6984 	6994 	6993
f 6984 	6993 	6985
f 6989 	6988 	3588
f 6989 	3588 	3587
f 6939 	6992 	6933
f 6987 	6992 	6939
f 338 	342 	6994
f 532 	6958 	285
f 6994 	6984 	338
f 5335 	6996 	6995
f 3617 	6989 	3587
f 3189 	1673 	3304
f 6958 	1673 	1672
f 1651 	6958 	1672
f 6998 	3702 	6997
f 7000 	6984 	1901
f 7004 	5328 	5322
f 7004 	5322 	6983
f 5348 	6998 	5338
f 5338 	6998 	6997
f 1670 	3178 	6991
f 212 	6991 	1674
f 6988 	6989 	5323
f 6983 	5322 	6989
f 5322 	5323 	6989
f 7000 	340 	6984
f 6996 	6997 	6935
f 6988 	5323 	7001
f 5335 	5338 	6996
f 6997 	6996 	5338
f 1674 	1677 	212
f 1677 	3296 	212
f 7049 	6988 	7001
f 7049 	7001 	5323
f 7002 	1903 	7003
f 7000 	6999 	7003
f 7002 	7003 	6999
f 6992 	6987 	6990
f 6987 	5350 	6990
f 5341 	5344 	5350
f 1899 	6994 	7003
f 342 	7003 	6994
f 6983 	6989 	7004
f 5343 	6995 	6990
f 340 	7000 	342
f 7003 	342 	7000
f 3311 	1681 	224
f 222 	224 	246
f 6958 	246 	1678
f 6998 	3662 	3702
f 6958 	532 	246
f 7061 	7007 	1905
f 7008 	1905 	7007
f 255 	285 	6958
f 6958 	6956 	644
f 265 	255 	644
f 7005 	7004 	6989
f 7007 	7061 	344
f 3617 	3616 	7006
f 3617 	7006 	7005
f 7007 	344 	347
f 6987 	6939 	7009
f 6957 	7009 	6939
f 1682 	15 	1683
f 3318 	3322 	1682
f 7006 	3616 	6988
f 3588 	6988 	3616
f 6947 	7012 	7011
f 7010 	7011 	7012
f 6615 	6630 	6946
f 7068 	1907 	7014
f 3617 	7005 	6989
f 6630 	1683 	15
f 14 	15 	1682
f 7015 	6947 	7011
f 7007 	7014 	7013
f 7007 	7013 	7008
f 347 	7068 	7014
f 6957 	7015 	7009
f 7004 	7005 	5328
f 5332 	5328 	7005
f 6906 	7025 	7016
f 7014 	7007 	347
f 7016 	6908 	6907
f 7016 	6907 	6906
f 6895 	6908 	1854
f 1847 	6895 	1854
f 7019 	7020 	3704
f 6953 	3704 	7020
f 7018 	7024 	7017
f 1855 	7016 	1848
f 1854 	6908 	7016
f 1854 	7016 	1855
f 7020 	7012 	6949
f 6947 	6949 	7012
f 7018 	5330 	7024
f 333 	6979 	348
f 6740 	6742 	7025
f 7025 	7026 	6740
f 6892 	6893 	7026
f 6892 	7026 	6902
f 6868 	6892 	6902
f 7028 	5350 	7009
f 6987 	7009 	5350
f 7027 	1911 	7029
f 6732 	6903 	6743
f 4469 	4726 	4474
f 7011 	7010 	7154
f 7028 	7011 	7154
f 7024 	7023 	3627
f 7024 	3627 	3626
f 7026 	7025 	6907
f 7029 	7022 	7027
f 7021 	7027 	7022
f 3069 	6180 	6698
f 7009 	7015 	7011
f 7009 	7011 	7028
f 6908 	6895 	7026
f 6907 	6908 	7026
f 6982 	335 	7029
f 1896 	6982 	7029
f 7029 	351 	7022
f 7032 	7031 	7048
f 5381 	3707 	3665
f 356 	7048 	352
f 7031 	352 	7048
f 7053 	7030 	7034
f 7034 	7033 	1859
f 7034 	1859 	1858
f 7035 	7017 	7024
f 1859 	7033 	1863
f 3630 	3629 	7036
f 3630 	7036 	7035
f 7031 	1913 	7042
f 7032 	1915 	7031
f 7036 	3629 	7023
f 3627 	7023 	3629
f 3630 	7035 	7024
f 3630 	7024 	3626
f 354 	352 	7031
f 354 	7031 	7042
f 7045 	7088 	7044
f 7018 	7017 	5331
f 7018 	5331 	5330
f 3707 	7046 	7064
f 7030 	7044 	7034
f 7088 	7034 	7044
f 7036 	5333 	7035
f 7017 	7035 	5331
f 1917 	1918 	7052
f 5381 	7064 	7046
f 7032 	7048 	7047
f 5334 	7024 	5330
f 7023 	7024 	5334
f 7044 	7065 	7043
f 6389 	7043 	6372
f 7005 	7006 	5332
f 7049 	5332 	7006
f 7045 	7044 	7043
f 7038 	5372 	7039
f 5372 	5371 	7039
f 5371 	5385 	7039
f 7006 	6988 	7049
f 7053 	7065 	7044
f 7053 	7044 	7030
f 7037 	7041 	7039
f 5323 	5332 	7049
f 6036 	6372 	6876
f 7050 	1917 	7052
f 5381 	7046 	3707
f 5331 	7035 	5333
f 7051 	5333 	7036
f 7040 	7050 	7042
f 7052 	7042 	7050
f 7023 	5334 	7054
f 7048 	359 	7052
f 7056 	7097 	7055
f 7054 	7051 	7023
f 7036 	7023 	7051
f 354 	7042 	359
f 7052 	359 	7042
f 7054 	5334 	5333
f 7054 	5333 	7051
f 7038 	7039 	7057
f 1917 	7050 	7040
f 7034 	7055 	7053
f 7059 	5336 	7058
f 1864 	1863 	7056
f 1864 	7056 	7055
f 7041 	7037 	7188
f 7191 	7188 	7037
f 1905 	1920 	7061
f 1863 	7033 	7056
f 7041 	7188 	7039
f 7068 	7061 	7060
f 1864 	7055 	7034
f 1864 	7034 	1858
f 5372 	7038 	5373
f 7057 	5373 	7038
f 3819 	7058 	3801
f 361 	344 	7061
f 361 	7061 	7068
f 7067 	1922 	7068
f 5381 	5379 	7064
f 7053 	7055 	7065
f 7067 	7068 	7060
f 1686 	6922 	1687
f 19 	1687 	6922
f 7068 	347 	363
f 3801 	7058 	7069
f 3801 	7069 	3812
f 7064 	5373 	7057
f 361 	7068 	363
f 7082 	7069 	5339
f 7069 	7058 	5336
f 7071 	1925 	7070
f 6922 	6914 	27
f 7079 	5337 	7075
f 1691 	27 	1690
f 6914 	1690 	27
f 7075 	7074 	7058
f 7059 	7058 	7074
f 6922 	27 	19
f 3824 	7075 	3819
f 3819 	7075 	7058
f 15 	6946 	6630
f 6946 	15 	6590
f 7069 	7099 	7079
f 3824 	7079 	7075
f 5385 	7170 	7076
f 7072 	7076 	7172
f 7167 	7164 	7172
f 7079 	3824 	7069
f 3812 	7069 	3824
f 5385 	7076 	7037
f 7063 	7081 	7062
f 6372 	7043 	7081
f 7099 	5342 	7079
f 7074 	7075 	5337
f 7077 	7076 	7072
f 7066 	7062 	7065
f 7062 	7081 	7043
f 7074 	5337 	5336
f 5336 	7059 	7074
f 7065 	7062 	7043
f 7080 	7120 	7063
f 5350 	7028 	5385
f 7082 	7099 	7069
f 6372 	7081 	6876
f 6740 	6876 	7081
f 7196 	7194 	7072
f 7073 	7083 	7072
f 7196 	7072 	7083
f 4490 	3152 	7085
f 7084 	7043 	6501
f 6389 	6501 	7043
f 7037 	7076 	7197
f 7087 	7088 	7045
f 7085 	6700 	5677
f 7197 	7076 	7077
f 7089 	7033 	7088
f 7034 	7088 	7033
f 7056 	7033 	7089
f 7194 	7077 	7072
f 7086 	4490 	7085
f 7043 	7084 	7045
f 7087 	7045 	7084
f 6501 	6499 	7084
f 7086 	4493 	4490
f 7087 	7084 	7088
f 7084 	7090 	7088
f 7093 	7086 	7092
f 7085 	7092 	7086
f 5684 	7092 	5677
f 6702 	7092 	5684
f 7085 	5677 	7092
f 4493 	7086 	7093
f 5336 	5339 	7069
f 4493 	7093 	7092
f 7089 	7094 	7056
f 7092 	6702 	6711
f 5340 	7113 	7091
f 7062 	7096 	7063
f 7095 	7063 	7096
f 7097 	7098 	7065
f 7066 	7065 	7098
f 4497 	3165 	7100
f 7094 	7097 	7056
f 7065 	7055 	7097
f 7062 	7066 	7098
f 7062 	7098 	7096
f 7100 	5692 	7150
f 6703 	5692 	7100
f 5686 	5856 	5692
f 7150 	7102 	7100
f 7101 	7080 	7063
f 7101 	7063 	7095
f 3165 	7143 	7100
f 7095 	7096 	7104
f 7090 	7104 	7096
f 7096 	7097 	7090
f 7100 	7102 	4497
f 7091 	7103 	5340
f 7098 	7097 	7096
f 7088 	7090 	7097
f 7097 	7089 	7088
f 5337 	7079 	5342
f 7094 	7089 	7097
f 5339 	5342 	7099
f 5339 	7099 	7082
f 3167 	7116 	4498
f 2365 	5592 	6499
f 7078 	3708 	7107
f 7182 	7078 	7107
f 7107 	7196 	7083
f 7109 	7110 	7127
f 7105 	7114 	7106
f 7112 	7114 	7105
f 7107 	7083 	7182
f 7109 	5760 	5740
f 6704 	7109 	5740
f 4499 	7127 	7110
f 7140 	6938 	6978
f 4499 	7110 	7109
f 7085 	3152 	7109
f 7112 	7111 	1877
f 7112 	1877 	1876
f 7103 	5345 	5340
f 7085 	7109 	6704
f 7085 	6704 	6700
f 1877 	7111 	7115
f 7091 	7113 	7122
f 7116 	5745 	7137
f 6707 	5745 	7116
f 5767 	7137 	5745
f 7113 	3869 	3866
f 7111 	7125 	7115
f 7113 	3866 	7122
f 3876 	7122 	3866
f 3869 	7113 	7118
f 3167 	7119 	7116
f 1879 	1878 	7115
f 1879 	7115 	7114
f 7108 	4498 	7116
f 7195 	7118 	7117
f 1877 	7115 	1878
f 7112 	1876 	7114
f 1879 	7114 	1876
f 7080 	7101 	7120
f 3869 	7118 	7195
f 3869 	7195 	3879
f 6709 	7119 	5750
f 7105 	7120 	7112
f 7130 	7112 	7120
f 5349 	7192 	5347
f 6709 	7116 	7119
f 6707 	7116 	6709
f 7121 	7114 	7133
f 7106 	7114 	7121
f 7114 	7115 	7133
f 7117 	7118 	5347
f 5340 	5347 	7118
f 7118 	7113 	5340
f 7127 	4499 	4503
f 7121 	6752 	7081
f 7120 	7121 	7081
f 7063 	7120 	7081
f 7192 	5349 	7195
f 7103 	7091 	7122
f 7120 	7105 	7121
f 7106 	7121 	7105
f 3156 	7126 	4503
f 3876 	7195 	7122
f 7108 	7116 	7137
f 7108 	7137 	7123
f 4498 	7108 	4504
f 7123 	4504 	7108
f 7112 	7130 	7111
f 7126 	7109 	7127
f 7125 	7124 	7115
f 7126 	6711 	5760
f 7126 	5760 	7109
f 7130 	7120 	7101
f 7128 	7154 	7132
f 7131 	7128 	7132
f 4504 	7123 	7137
f 7127 	4503 	7126
f 7092 	7126 	3156
f 7125 	7111 	7130
f 7133 	7115 	7124
f 6711 	7126 	7092
f 6949 	7131 	7132
f 7133 	7104 	6764
f 7104 	7133 	7130
f 7104 	7130 	7095
f 7101 	7095 	7130
f 7134 	7135 	3740
f 7125 	7130 	7133
f 7125 	7133 	7124
f 7136 	7119 	7462
f 6954 	7135 	7134
f 7104 	7090 	5592
f 7090 	6499 	5592
f 7132 	7148 	7135
f 5750 	7119 	5765
f 7136 	5765 	7119
f 592 	589 	588
f 7135 	6949 	7132
f 7137 	5767 	6715
f 588 	593 	592
f 7128 	7131 	6947
f 6947 	6957 	7128
f 7131 	6948 	6947
f 601 	598 	597
f 5765 	7136 	6713
f 7134 	3740 	6954
f 3740 	3701 	6954
f 601 	597 	602
f 604 	610 	605
f 604 	611 	610
f 4504 	7137 	7136
f 6713 	7136 	7137
f 6713 	7137 	6715
f 614 	618 	615
f 617 	615 	618
f 7141 	7142 	7140
f 7142 	7128 	6938
f 621 	620 	1058
f 621 	1058 	624
f 7163 	7142 	7141
f 1061 	1064 	1062
f 7138 	7153 	7141
f 5966 	5833 	7143
f 7143 	5833 	6717
f 1064 	1061 	1065
f 7140 	7139 	7141
f 7138 	7141 	7139
f 1071 	1075 	1068
f 6938 	7128 	6957
f 7129 	7128 	7142
f 1068 	1075 	1074
f 1085 	1090 	1076
f 6717 	6703 	7143
f 6703 	7100 	7143
f 4509 	7145 	7143
f 1090 	1087 	1076
f 1049 	7140 	6978
f 3165 	3387 	4508
f 3740 	7135 	3741
f 1083 	1082 	1091
f 1089 	1091 	1082
f 7159 	7019 	3741
f 1095 	1098 	1092
f 1092 	1098 	1097
f 7147 	6718 	5845
f 7138 	7139 	7152
f 7138 	7152 	7153
f 7147 	7243 	7144
f 1107 	1114 	1103
f 6719 	6718 	7146
f 6718 	7147 	7146
f 7129 	7155 	7128
f 7154 	7128 	7155
f 1114 	1112 	1103
f 7144 	4508 	7147
f 7146 	7147 	4508
f 7148 	7132 	7154
f 1115 	1105 	1101
f 1115 	1101 	1110
f 7248 	5978 	5843
f 7146 	7248 	5843
f 7146 	5843 	6719
f 7142 	7155 	7129
f 7483 	7248 	7146
f 1117 	1122 	1118
f 1121 	1118 	1122
f 7147 	5845 	7243
f 5841 	5972 	5845
f 7149 	3741 	7135
f 7159 	3741 	7149
f 7243 	7234 	7144
f 1127 	1131 	1124
f 7102 	4512 	4497
f 7020 	7019 	7149
f 1131 	1129 	1124
f 3173 	4512 	7150
f 7135 	7148 	7149
f 1142 	1137 	1136
f 7150 	5692 	5856
f 7150 	5856 	6721
f 7012 	7020 	7148
f 7149 	7148 	7020
f 7102 	7151 	4512
f 1136 	1140 	1142
f 7152 	7139 	7140
f 7151 	7102 	7150
f 1147 	1151 	1144
f 6721 	7233 	7150
f 4512 	7151 	7150
f 1151 	1150 	1144
f 1154 	1160 	1155
f 1159 	1155 	1160
f 7148 	7154 	7157
f 7156 	4516 	7158
f 1166 	1165 	1171
f 1166 	1171 	1170
f 7156 	7158 	7222
f 7157 	7010 	7148
f 7012 	7148 	7010
f 7158 	5860 	7222
f 6723 	5860 	7158
f 5954 	7222 	5860
f 1174 	1181 	1175
f 1180 	1175 	1181
f 7267 	6723 	7158
f 7159 	7149 	7019
f 1188 	1184 	1183
f 1188 	1183 	1189
f 1195 	1193 	1192
f 1195 	1192 	1196
f 7161 	7163 	7152
f 1203 	1199 	1198
f 1203 	1198 	1204
f 7155 	7162 	7154
f 1209 	1212 	1207
f 7157 	7154 	7010
f 1212 	1211 	1207
f 3704 	3741 	7019
f 7161 	7170 	7028
f 1221 	1225 	1214
f 7028 	7162 	7161
f 7162 	7163 	7161
f 1219 	1227 	1220
f 7163 	7162 	7142
f 1225 	1223 	1214
f 7163 	7141 	7153
f 1219 	1228 	1227
f 7162 	7155 	7142
f 1230 	1235 	1236
f 1230 	1236 	1232
f 7153 	7152 	7163
f 1249 	1245 	1244
f 1249 	1244 	1250
f 7028 	7154 	7162
f 1251 	1253 	1255
f 1251 	1255 	1252
f 7140 	7161 	7152
f 1257 	1261 	1259
f 1263 	1259 	1261
f 7161 	7140 	1049
f 1266 	1270 	1264
f 1270 	1269 	1264
f 3708 	7078 	3742
f 1279 	1277 	1276
f 1279 	1276 	1275
f 1280 	1285 	1286
f 1280 	1286 	1281
f 1291 	1595 	1298
f 1289 	1294 	1290
f 1291 	1293 	1595
f 1294 	1289 	1295
f 7083 	7073 	7165
f 7165 	7073 	7164
f 7073 	7072 	7164
f 7072 	7172 	7164
f 1607 	1614 	1602
f 7078 	7169 	3742
f 1606 	1593 	1599
f 5385 	7028 	7170
f 1602 	1614 	1611
f 7171 	7172 	7170
f 7172 	7076 	7170
f 1615 	1606 	1599
f 7070 	7174 	365
f 7172 	7171 	7323
f 369 	7070 	365
f 7323 	7171 	7166
f 7174 	7070 	1925
f 1623 	1628 	1634
f 7170 	7168 	7171
f 7166 	7171 	7168
f 1620 	1630 	1622
f 1629 	1622 	1630
f 367 	365 	7174
f 7161 	1049 	7170
f 1680 	1688 	1638
f 1628 	1676 	1634
f 7176 	7175 	7070
f 7071 	7070 	7175
f 7323 	7322 	7172
f 7302 	7177 	7164
f 7165 	7164 	7177
f 7176 	7070 	369
f 1689 	1694 	1684
f 7316 	7323 	7166
f 7179 	1928 	7176
f 7178 	1927 	7179
f 7306 	7167 	7322
f 7167 	7172 	7322
f 1694 	1693 	1684
f 7173 	7178 	7174
f 7179 	7174 	7178
f 7316 	7166 	7168
f 7316 	7168 	7317
f 7176 	369 	7179
f 1695 	1688 	1680
f 7306 	7302 	7167
f 7164 	7167 	7302
f 7179 	370 	7174
f 1927 	7178 	7173
f 7165 	7177 	7083
f 1697 	1701 	1698
f 1700 	1698 	1701
f 1931 	7180 	7181
f 7169 	7182 	3742
f 1704 	1707 	1702
f 7169 	7078 	7182
f 1702 	1707 	1706
f 7180 	7204 	373
f 1713 	1710 	1709
f 7182 	7083 	7177
f 1709 	1712 	1713
f 7215 	1935 	7216
f 7216 	1935 	7184
f 1716 	1719 	1714
f 7183 	7181 	7184
f 7180 	7184 	7181
f 7170 	7317 	7168
f 374 	7216 	7184
f 1719 	1718 	1714
f 7184 	7180 	374
f 7180 	373 	374
f 890 	888 	360
f 890 	360 	362
f 7190 	5887 	3745
f 3745 	5887 	3680
f 1726 	1722 	1721
f 3707 	7064 	3745
f 358 	360 	888
f 7185 	7187 	7039
f 7186 	7187 	7185
f 7057 	7039 	7187
f 362 	357 	890
f 890 	357 	886
f 1721 	1727 	1726
f 7039 	7188 	7185
f 1723 	1725 	1728
f 7187 	7186 	5885
f 5883 	5885 	7186
f 1725 	1733 	1728
f 7189 	3745 	7064
f 7190 	3745 	7189
f 364 	892 	366
f 894 	366 	892
f 1737 	1740 	1745
f 7189 	5887 	7190
f 364 	368 	892
f 892 	368 	897
f 7064 	7057 	7187
f 7064 	7187 	7189
f 368 	371 	897
f 7189 	7187 	5885
f 899 	371 	894
f 1735 	1739 	1736
f 1741 	1736 	1739
f 5883 	7186 	7185
f 899 	897 	371
f 1742 	1737 	1745
f 372 	377 	901
f 1747 	1752 	1748
f 372 	901 	375
f 905 	375 	901
f 7197 	7203 	7191
f 5884 	7185 	5890
f 377 	907 	901
f 907 	2284 	901
f 7191 	5890 	7185
f 5883 	7185 	5884
f 7188 	7191 	7185
f 377 	379 	907
f 1752 	1747 	1753
f 909 	375 	905
f 909 	907 	379
f 388 	389 	911
f 388 	911 	913
f 7199 	7200 	3746
f 3708 	3746 	7200
f 7122 	7195 	5349
f 7193 	7194 	7196
f 7117 	7192 	7195
f 7191 	7037 	7197
f 920 	392 	919
f 7195 	3876 	3879
f 7198 	7197 	7077
f 392 	405 	919
f 7198 	7077 	7194
f 187 	391 	920
f 7304 	7193 	7196
f 7117 	5347 	7192
f 924 	923 	394
f 924 	394 	395
f 7107 	3708 	7200
f 7103 	7122 	5345
f 5349 	5345 	7122
f 389 	394 	923
f 911 	389 	923
f 7196 	7107 	7200
f 395 	388 	924
f 924 	388 	913
f 7202 	7201 	7209
f 7200 	7304 	7196
f 7193 	7302 	7194
f 7183 	1932 	7181
f 7201 	3886 	7209
f 3901 	7209 	3886
f 5890 	7191 	7203
f 7197 	7198 	7194
f 7197 	7194 	7203
f 376 	373 	7204
f 3886 	7201 	7205
f 3886 	7205 	3892
f 3892 	7205 	3907
f 6355 	7213 	3683
f 3747 	3683 	7213
f 7236 	6426 	3748
f 3685 	3748 	6426
f 7202 	5351 	7201
f 398 	927 	399
f 926 	399 	927
f 3747 	7214 	3748
f 7213 	7214 	3747
f 7214 	7239 	3748
f 398 	401 	930
f 927 	398 	930
f 7217 	5352 	7209
f 7207 	7210 	7211
f 403 	399 	926
f 403 	926 	931
f 7202 	7209 	7208
f 930 	401 	403
f 930 	403 	931
f 7220 	7244 	7212
f 7209 	3901 	7217
f 3907 	7217 	3901
f 187 	941 	405
f 6348 	6347 	7210
f 7211 	7210 	6347
f 941 	919 	405
f 7213 	6354 	7214
f 7208 	5352 	7202
f 7206 	7215 	7204
f 7216 	7204 	7215
f 6354 	6348 	7210
f 6354 	7210 	7214
f 7216 	374 	378
f 7221 	7232 	7205
f 7211 	6347 	7207
f 6347 	6346 	7207
f 7216 	378 	7204
f 7206 	1935 	7215
f 3907 	7205 	7217
f 1938 	7218 	7219
f 7208 	7209 	5352
f 5351 	7202 	5352
f 7231 	384 	7218
f 7221 	7205 	5353
f 7201 	5351 	7205
f 383 	7218 	380
f 7279 	3183 	7222
f 7160 	7222 	4513
f 7358 	7257 	6359
f 7220 	7207 	6359
f 7212 	7207 	7220
f 7160 	4513 	4516
f 7160 	4516 	7156
f 7222 	7160 	7156
f 5890 	7203 	6359
f 7218 	7224 	7223
f 7218 	7223 	7219
f 7226 	7228 	7207
f 7227 	7228 	7226
f 7210 	7207 	7228
f 6726 	7222 	5954
f 383 	7224 	7218
f 7207 	7212 	7229
f 7207 	7229 	7226
f 7144 	7234 	4508
f 5353 	7205 	5351
f 7219 	7223 	1938
f 7145 	4509 	4522
f 7218 	2556 	7231
f 7234 	7243 	4523
f 7244 	7226 	7229
f 5355 	7245 	7225
f 7237 	7231 	7230
f 4522 	3173 	7233
f 7229 	7212 	7244
f 5361 	5355 	7225
f 380 	7218 	384
f 384 	7231 	7237
f 7233 	5966 	7143
f 6727 	5966 	7233
f 6370 	7228 	7227
f 4523 	4508 	7234
f 7217 	7205 	7232
f 7235 	2564 	7237
f 7237 	2564 	7224
f 7145 	4522 	7238
f 7236 	3748 	7239
f 7235 	7237 	7230
f 7224 	385 	7237
f 6426 	7236 	6430
f 7239 	6430 	7236
f 7238 	7233 	7145
f 7143 	7145 	7233
f 7214 	7210 	7228
f 7214 	7228 	7239
f 6727 	7233 	6721
f 7225 	7240 	5361
f 2556 	2564 	7230
f 6370 	6430 	7228
f 7239 	7228 	6430
f 7232 	5360 	7217
f 5352 	7217 	5360
f 7233 	7238 	4522
f 2575 	7241 	7242
f 5353 	5360 	7232
f 7221 	5353 	7232
f 3397 	3173 	4523
f 7269 	5361 	7260
f 2575 	7252 	7241
f 6729 	7248 	7243
f 6434 	6369 	7226
f 6434 	7226 	7244
f 2575 	7242 	7246
f 7243 	5845 	5972
f 7243 	5972 	6729
f 7245 	7260 	7225
f 7259 	2578 	7247
f 7285 	6434 	7244
f 7241 	7247 	7246
f 7241 	7246 	7242
f 7245 	4126 	4124
f 7244 	7220 	7285
f 393 	7259 	387
f 4135 	7245 	4124
f 6730 	5978 	7248
f 5976 	5843 	5978
f 3751 	3759 	7293
f 7247 	7241 	387
f 7241 	386 	387
f 4126 	7245 	7250
f 6729 	6730 	7248
f 4523 	7243 	7248
f 3751 	7294 	3755
f 7293 	7294 	3751
f 7294 	7261 	3755
f 7254 	7255 	7253
f 386 	7241 	390
f 390 	7241 	7252
f 4126 	7250 	4138
f 7256 	7253 	7282
f 7263 	4525 	4528
f 7256 	7282 	7257
f 5620 	5621 	7249
f 3183 	7279 	4527
f 7258 	2583 	7259
f 7285 	7220 	7257
f 5355 	5620 	7250
f 7249 	7250 	5620
f 7250 	7245 	5355
f 7258 	7259 	7252
f 7258 	7252 	7251
f 4530 	4527 	7268
f 7247 	387 	7259
f 3185 	3197 	4528
f 7262 	3755 	7261
f 7259 	393 	7252
f 7240 	7225 	7260
f 7268 	7267 	4530
f 7158 	3185 	7267
f 4135 	7269 	7260
f 7294 	7281 	7255
f 7294 	7255 	7261
f 2691 	7264 	7265
f 4135 	7260 	7245
f 7267 	7268 	7280
f 7358 	7336 	7253
f 7249 	7266 	7250
f 7269 	7250 	7266
f 6733 	7267 	5996
f 7264 	396 	397
f 7253 	7257 	7358
f 7256 	7257 	7253
f 7269 	4135 	4138
f 2691 	7265 	7270
f 7220 	6359 	7257
f 4138 	7250 	7269
f 7271 	7321 	2717
f 7264 	7271 	7270
f 7264 	7270 	7265
f 7344 	3760 	7262
f 7267 	6733 	6723
f 414 	7321 	397
f 5621 	7266 	7249
f 7358 	6359 	7203
f 7271 	7264 	397
f 5361 	7269 	5621
f 7266 	5621 	7269
f 7240 	7260 	5361
f 7272 	7299 	4525
f 5623 	7273 	7274
f 7263 	7272 	4525
f 7277 	7359 	7275
f 2700 	7276 	7278
f 7279 	7267 	7280
f 7253 	7281 	7275
f 7277 	7275 	7281
f 4263 	7273 	4286
f 5623 	5628 	7273
f 7279 	6736 	6004
f 5996 	7267 	6004
f 7279 	6004 	7267
f 4273 	7273 	4263
f 7280 	4527 	7279
f 7282 	7253 	7275
f 6736 	7279 	7222
f 6736 	7222 	6726
f 7283 	7284 	5624
f 7374 	7285 	7275
f 7282 	7275 	7285
f 4527 	7280 	7268
f 7286 	7287 	2699
f 7283 	7274 	7284
f 7273 	7284 	7274
f 7282 	7285 	7257
f 7286 	7278 	7287
f 7276 	7287 	7278
f 4644 	3399 	4525
f 4273 	4298 	7284
f 402 	7290 	7287
f 7273 	4273 	7284
f 4648 	7295 	3197
f 4528 	3197 	7288
f 7287 	7276 	402
f 7276 	400 	402
f 7285 	7374 	6434
f 7274 	7283 	5624
f 7274 	5624 	5623
f 7278 	7286 	2699
f 6737 	6014 	7288
f 7288 	7299 	7263
f 7281 	7361 	7277
f 2704 	7292 	7276
f 6737 	7288 	7295
f 7291 	7289 	7298
f 7288 	7263 	4528
f 402 	404 	7290
f 4286 	7273 	7291
f 7295 	7307 	6020
f 7295 	6020 	6738
f 407 	400 	7292
f 7365 	7294 	7293
f 7290 	407 	7292
f 7253 	7255 	7281
f 5628 	5629 	7289
f 6737 	7295 	6738
f 7296 	2702 	7290
f 7289 	7291 	5628
f 7291 	7273 	5628
f 7365 	7361 	7281
f 7365 	7281 	7294
f 7292 	2704 	7297
f 5629 	7298 	7289
f 7309 	7199 	3757
f 3746 	3757 	7199
f 7296 	7290 	7297
f 7292 	7297 	7290
f 6076 	7299 	6014
f 7288 	6014 	7299
f 7299 	6076 	6739
f 5624 	7284 	5629
f 7298 	5629 	7300
f 3742 	7182 	3757
f 2702 	7296 	7297
f 2702 	7297 	2704
f 7299 	7272 	7263
f 7298 	7300 	7291
f 7303 	7304 	7302
f 7177 	7302 	7304
f 6739 	7307 	7299
f 7299 	7307 	4525
f 4298 	7300 	7284
f 7300 	5629 	7284
f 6741 	6107 	7307
f 7307 	6107 	6020
f 1758 	1755 	1751
f 1749 	1751 	1755
f 7310 	7301 	7305
f 7304 	7303 	7193
f 1807 	1757 	1798
f 7308 	3757 	7182
f 7309 	3757 	7308
f 6739 	6741 	7307
f 4644 	4525 	7307
f 7399 	2731 	7400
f 2731 	7310 	7400
f 1801 	1806 	1804
f 1801 	1804 	1799
f 7200 	7199 	7308
f 7309 	7308 	7199
f 4644 	7307 	7547
f 7311 	7305 	2713
f 7397 	7311 	2713
f 7182 	7177 	7304
f 7182 	7304 	7308
f 7305 	7311 	7310
f 7308 	7304 	7200
f 7303 	7302 	7193
f 7397 	425 	7311
f 1757 	1807 	1800
f 7312 	6744 	6118
f 6142 	7318 	6118
f 7302 	7306 	7322
f 408 	7310 	410
f 7311 	410 	7310
f 1813 	1810 	1809
f 1813 	1809 	1814
f 7315 	7264 	2716
f 2691 	2716 	7264
f 7313 	4537 	7312
f 1816 	1819 	1815
f 412 	396 	7264
f 412 	7264 	7315
f 1820 	1819 	1816
f 4537 	7313 	4539
f 7319 	7313 	7318
f 7312 	7318 	7313
f 1821 	1823 	1826
f 1827 	1826 	1823
f 6745 	7318 	6142
f 7312 	6118 	7318
f 7320 	7321 	7315
f 7320 	7315 	7314
f 1829 	1832 	1833
f 1829 	1833 	1830
f 4539 	7313 	7319
f 7271 	397 	7321
f 7320 	2717 	7321
f 4539 	7319 	7318
f 412 	7315 	414
f 7321 	414 	7315
f 6745 	6753 	7318
f 6753 	7452 	7318
f 1835 	1839 	1836
f 1837 	1836 	1839
f 7441 	7451 	4541
f 7317 	7170 	7324
f 7326 	2722 	7325
f 1842 	1844 	1841
f 7300 	4298 	7291
f 4286 	7291 	4298
f 7323 	7324 	7322
f 7324 	7203 	7322
f 7194 	7302 	7203
f 5630 	7327 	7328
f 7317 	7324 	7323
f 7317 	7323 	7316
f 7322 	7203 	7302
f 4307 	7327 	4326
f 5630 	5635 	7327
f 7324 	7358 	7203
f 417 	7325 	7330
f 2725 	7330 	7325
f 7330 	7329 	7340
f 7331 	7332 	5631
f 7345 	5636 	7332
f 7330 	418 	417
f 7327 	7332 	7331
f 7327 	7331 	7328
f 7324 	7170 	1049
f 4316 	7345 	7332
f 7340 	2727 	7342
f 7363 	7293 	3759
f 7334 	7333 	7325
f 7326 	7325 	7333
f 4316 	7332 	7327
f 4316 	7327 	4307
f 3755 	7262 	3760
f 420 	7342 	7334
f 5631 	5630 	7331
f 7328 	7331 	5630
f 3760 	7365 	3759
f 7344 	7346 	3760
f 7334 	7325 	420
f 7325 	417 	420
f 7335 	7337 	5635
f 7337 	7327 	5635
f 7336 	7338 	7339
f 4326 	7327 	7337
f 7353 	7362 	7341
f 7340 	7342 	7330
f 7342 	420 	422
f 7255 	7254 	7338
f 7339 	7338 	7254
f 7343 	7335 	5636
f 5635 	5636 	7335
f 418 	7330 	422
f 7342 	422 	7330
f 5631 	7332 	5636
f 7343 	5636 	7345
f 7365 	3760 	7346
f 7345 	7337 	7343
f 7335 	7343 	7337
f 7345 	4316 	4337
f 7262 	7261 	7346
f 7262 	7346 	7344
f 7345 	4337 	7337
f 4326 	7337 	4337
f 7338 	7365 	7346
f 7261 	7255 	7338
f 7261 	7338 	7346
f 7339 	7254 	7336
f 7254 	7253 	7336
f 7358 	7353 	7336
f 7349 	5642 	7348
f 7347 	7349 	7356
f 7349 	7348 	4351
f 7349 	4351 	4350
f 7350 	7352 	7351
f 4350 	7356 	7349
f 5642 	7349 	5637
f 7347 	5637 	7349
f 7364 	7348 	5642
f 7347 	7356 	7354
f 7355 	7351 	7352
f 7341 	7336 	7353
f 7352 	7353 	7358
f 7352 	7358 	7355
f 4413 	4411 	7357
f 4413 	7357 	7356
f 7355 	7358 	7324
f 7357 	4411 	7348
f 4351 	7348 	4411
f 1049 	7372 	7355
f 1844 	1843 	1841
f 1848 	1847 	1845
f 1848 	1845 	1849
f 1850 	1854 	1855
f 1850 	1855 	1851
f 7359 	7361 	7336
f 7360 	7361 	7359
f 7338 	7336 	7361
f 7336 	7341 	7362
f 7336 	7362 	7359
f 1858 	1857 	1862
f 7360 	7359 	7277
f 1864 	1858 	1862
f 4413 	7356 	4350
f 7361 	7360 	7277
f 7347 	7354 	5637
f 5638 	5637 	7354
f 7357 	5643 	7356
f 5643 	5638 	7356
f 7363 	3759 	7365
f 7357 	7348 	7364
f 7293 	7363 	7365
f 7364 	5642 	5643
f 7365 	7338 	7361
f 7354 	7356 	5638
f 7366 	5643 	7357
f 7366 	7357 	7364
f 5643 	7366 	7364
f 7350 	7351 	7367
f 7350 	7367 	7368
f 7350 	7368 	7352
f 7355 	7367 	7351
f 5645 	5648 	7371
f 7372 	7373 	7367
f 7368 	7367 	7373
f 7370 	7379 	7377
f 7368 	7373 	7352
f 7371 	7370 	4452
f 7371 	4452 	4451
f 4452 	7370 	7377
f 4451 	7378 	7371
f 7374 	7275 	7359
f 7374 	7359 	7375
f 7362 	7375 	7359
f 7370 	7371 	5648
f 5645 	7371 	7369
f 7353 	7375 	7362
f 7369 	7378 	7376
f 7373 	7372 	7374
f 7373 	7374 	7375
f 5645 	7369 	7376
f 7373 	7375 	7352
f 7353 	7352 	7375
f 7369 	7371 	7378
f 4452 	7377 	4469
f 4470 	7378 	4451
f 7367 	7355 	7372
f 7355 	7324 	1049
f 7377 	5649 	7378
f 7378 	4470 	4469
f 7378 	4469 	7377
f 6639 	3763 	3695
f 5646 	5645 	7376
f 7376 	7378 	5646
f 7379 	7370 	5648
f 6340 	6434 	7395
f 7379 	7380 	7377
f 7380 	7379 	5649
f 5648 	5649 	7379
f 7402 	7381 	7382
f 5649 	5646 	7378
f 7380 	5649 	7377
f 1045 	2320 	1047
f 7383 	7384 	3763
f 7404 	7405 	7384
f 757 	1767 	760
f 6639 	7384 	7383
f 757 	765 	1767
f 760 	1767 	1769
f 7381 	7401 	7385
f 779 	1785 	763
f 7385 	6645 	7386
f 1773 	765 	1779
f 773 	1779 	765
f 7385 	7386 	7381
f 1773 	1767 	765
f 7387 	7402 	7382
f 768 	1781 	1776
f 1775 	769 	768
f 1775 	768 	1776
f 6639 	7383 	3763
f 3354 	1773 	1779
f 1779 	773 	760
f 1779 	760 	1769
f 6645 	6633 	7386
f 6629 	7381 	6633
f 769 	1775 	1782
f 1781 	768 	776
f 3363 	1776 	1781
f 1781 	776 	1782
f 779 	795 	1785
f 7387 	6629 	7395
f 1771 	763 	1785
f 7381 	6629 	7387
f 7381 	7387 	7382
f 1787 	9 	782
f 6453 	6340 	7395
f 7374 	7395 	6434
f 781 	1788 	782
f 1787 	782 	1788
f 787 	763 	1791
f 795 	787 	1791
f 1795 	1793 	789
f 1795 	789 	791
f 145 	789 	1793
f 1795 	791 	146
f 2241 	1785 	795
f 3455 	1785 	2241
f 2241 	795 	1791
f 7390 	7391 	7389
f 7438 	7391 	7390
f 7393 	3765 	7392
f 1868 	1865 	1863
f 1865 	1859 	1863
f 7393 	7392 	7440
f 1874 	1873 	1876
f 1879 	1876 	1873
f 7391 	7392 	7418
f 3765 	3770 	7392
f 7388 	7394 	7389
f 1881 	1877 	1878
f 1881 	1878 	1882
f 1367 	1368 	4532
f 7387 	7395 	7394
f 7395 	7389 	7394
f 7448 	7436 	7395
f 7400 	7397 	7396
f 1368 	5592 	4532
f 410 	7311 	425
f 3699 	3768 	6929
f 7400 	427 	7397
f 3763 	7384 	3768
f 7405 	3768 	7384
f 7394 	7398 	7387
f 7401 	7381 	7402
f 7399 	7400 	7396
f 408 	427 	7400
f 7404 	7385 	7401
f 7403 	7404 	7401
f 7384 	7385 	7404
f 587 	594 	4168
f 6918 	7404 	7403
f 7406 	3768 	7405
f 2738 	7407 	7408
f 7408 	7407 	7410
f 587 	4168 	591
f 7405 	6920 	6929
f 7405 	6929 	7406
f 7412 	433 	7407
f 431 	7410 	429
f 7407 	429 	7410
f 6918 	6920 	7404
f 7405 	7404 	6920
f 7402 	7387 	7398
f 7414 	2739 	7410
f 600 	609 	594
f 7410 	7409 	7408
f 7402 	7398 	7401
f 7398 	6931 	7401
f 431 	7414 	7410
f 603 	1069 	4168
f 6931 	6925 	7401
f 2738 	7408 	7409
f 4168 	594 	603
f 609 	603 	594
f 3768 	7406 	6929
f 613 	619 	591
f 613 	591 	4168
f 7407 	2736 	7412
f 7412 	7411 	7413
f 616 	613 	4168
f 7427 	3770 	7468
f 7394 	7419 	7398
f 1059 	600 	619
f 2736 	2734 	7411
f 7422 	7419 	7388
f 7394 	7388 	7419
f 7413 	2734 	7414
f 7422 	7388 	7423
f 7389 	7423 	7388
f 1059 	619 	623
f 7413 	7414 	7412
f 1059 	1093 	609
f 7389 	7391 	7423
f 7414 	431 	435
f 591 	619 	600
f 600 	1059 	609
f 433 	7412 	435
f 7414 	435 	7412
f 2740 	7416 	7417
f 7418 	7392 	3770
f 7418 	3770 	7427
f 1059 	623 	1063
f 2740 	2748 	7416
f 7418 	7415 	7391
f 7415 	7423 	7391
f 441 	7416 	438
f 7418 	7454 	7415
f 2740 	7417 	7420
f 7416 	7421 	7420
f 7416 	7420 	7417
f 441 	7430 	7421
f 4168 	1069 	1081
f 1077 	4168 	1081
f 441 	7421 	7416
f 7424 	7423 	7415
f 1088 	1081 	1069
f 1088 	1069 	1073
f 7415 	7454 	7424
f 1073 	1093 	1088
f 1088 	1104 	1086
f 7430 	7426 	7425
f 438 	7416 	442
f 442 	7416 	7426
f 1109 	1100 	1093
f 1093 	1073 	609
f 442 	7426 	7430
f 7428 	6931 	7419
f 7398 	7419 	6931
f 7419 	7422 	7423
f 7465 	7464 	7423
f 7419 	7423 	7428
f 1093 	1096 	1109
f 7423 	7424 	7465
f 7429 	2749 	7430
f 7425 	7429 	7430
f 1088 	1093 	1100
f 1104 	1088 	1100
f 7430 	441 	445
f 7472 	3598 	7428
f 442 	7430 	445
f 3772 	3765 	7440
f 7440 	7439 	3772
f 1109 	1216 	1111
f 7432 	7431 	7434
f 7432 	7434 	7435
f 1120 	1116 	1077
f 7431 	446 	7434
f 1116 	4168 	1077
f 1077 	1086 	1120
f 1125 	4168 	1116
f 7437 	7391 	7438
f 7435 	7434 	2757
f 1120 	1145 	1128
f 7440 	7392 	7439
f 7434 	449 	453
f 7392 	7391 	7437
f 7392 	7437 	7439
f 7435 	2757 	7432
f 7438 	7436 	7437
f 1104 	1134 	1120
f 1120 	1086 	1104
f 1134 	1104 	1138
f 1111 	1138 	1104
f 7442 	7452 	6147
f 6746 	7442 	6147
f 1111 	1256 	1138
f 7441 	4541 	7444
f 1134 	1145 	1120
f 7438 	7390 	7436
f 7390 	7389 	7436
f 4542 	7443 	7442
f 4537 	3367 	7312
f 7312 	3367 	7442
f 7312 	7442 	6746
f 7312 	6746 	6744
f 7440 	3765 	7393
f 3367 	3373 	4541
f 1128 	1292 	1125
f 1149 	1626 	1145
f 1128 	1145 	1292
f 1292 	1288 	1125
f 616 	4168 	1153
f 7444 	6749 	6150
f 6244 	7457 	6150
f 4541 	3373 	7444
f 4168 	1381 	1153
f 1164 	623 	1153
f 616 	1153 	623
f 7470 	7448 	7447
f 28 	7456 	7449
f 1164 	1173 	623
f 7456 	6242 	6157
f 6750 	7449 	6157
f 7456 	6157 	7449
f 1173 	1164 	1169
f 1173 	1208 	1063
f 7395 	7450 	7448
f 7447 	7448 	7450
f 6750 	6749 	7449
f 7444 	7449 	6749
f 1173 	1063 	623
f 4546 	4541 	7451
f 7450 	7446 	7447
f 7445 	7447 	7446
f 7443 	4542 	4545
f 1197 	1179 	1169
f 7389 	7395 	7436
f 7433 	7436 	7448
f 7372 	7450 	7374
f 7395 	7374 	7450
f 4545 	3371 	7452
f 1182 	1158 	1381
f 1158 	1153 	1381
f 1186 	1182 	1381
f 7444 	7457 	7441
f 1169 	1158 	1191
f 1182 	1191 	1158
f 7452 	7442 	7443
f 7452 	7443 	7453
f 1194 	1197 	1191
f 7450 	7372 	1049
f 1197 	1234 	1179
f 7452 	6753 	6237
f 6237 	6147 	7452
f 3770 	3775 	7468
f 7453 	7443 	4545
f 3775 	3772 	7439
f 1169 	1191 	1197
f 1173 	1169 	1179
f 7453 	4545 	7452
f 1208 	1218 	1109
f 1063 	1208 	1096
f 1109 	1096 	1208
f 7452 	3371 	7318
f 7457 	7456 	3378
f 7446 	7450 	7463
f 28 	47 	7456
f 7446 	7463 	7445
f 7451 	7441 	7457
f 1256 	1111 	1216
f 1260 	1256 	1216
f 6238 	6157 	6242
f 1218 	1216 	1109
f 6756 	7457 	6244
f 7444 	6150 	7457
f 1218 	1208 	1224
f 1208 	1210 	1224
f 1210 	1240 	1224
f 7455 	7454 	7418
f 1233 	1243 	1234
f 6242 	7456 	6755
f 7436 	7464 	7437
f 1210 	1179 	1234
f 7455 	3775 	7439
f 7468 	3775 	7455
f 7451 	7457 	4546
f 40 	3378 	7456
f 1197 	1194 	1202
f 7439 	7437 	7455
f 7454 	7455 	7437
f 6755 	7456 	7457
f 6755 	7457 	6756
f 1260 	1222 	1273
f 1237 	1273 	1238
f 1240 	1238 	1222
f 1233 	1381 	1243
f 7470 	7447 	7445
f 1210 	1234 	1240
f 1222 	1224 	1240
f 1243 	1240 	1234
f 4547 	3381 	7458
f 7461 	7433 	7448
f 1149 	1138 	1256
f 6757 	6256 	7458
f 6368 	6373 	6256
f 1222 	1260 	1216
f 7459 	7458 	7473
f 1222 	1238 	1273
f 1149 	1256 	1265
f 1265 	1746 	1149
f 1260 	1283 	1268
f 6757 	7458 	6758
f 1237 	1274 	1273
f 7461 	7469 	7464
f 7458 	7459 	4547
f 7460 	7445 	7463
f 4548 	7462 	7119
f 1237 	1381 	1274
f 7464 	7436 	7461
f 7433 	7461 	7436
f 4552 	7476 	7467
f 4552 	7467 	4549
f 7467 	7466 	4549
f 1273 	1283 	1260
f 7465 	7424 	7454
f 514 	512 	1282
f 1274 	1381 	1282
f 7418 	7427 	7455
f 7468 	7455 	7427
f 7466 	6381 	6364
f 6758 	7466 	6364
f 1750 	1746 	1268
f 1268 	1746 	1265
f 1282 	512 	1283
f 6758 	7458 	7466
f 7458 	3381 	7466
f 1297 	4532 	1288
f 4168 	1125 	1288
f 7454 	7437 	7464
f 7465 	7454 	7464
f 7459 	7473 	4547
f 7462 	4548 	4550
f 7469 	7448 	7470
f 1592 	4532 	1297
f 4552 	4551 	7471
f 7460 	7470 	7445
f 1594 	1598 	1297
f 1598 	1592 	1297
f 1603 	4532 	1592
f 7461 	7448 	7469
f 7458 	6256 	6373
f 7471 	7458 	6373
f 7471 	6373 	6759
f 7472 	7428 	7469
f 7472 	7469 	7470
f 7473 	7458 	7471
f 7460 	7463 	7470
f 7472 	7470 	7463
f 4551 	4547 	7473
f 7428 	7464 	7469
f 7428 	7423 	7464
f 7462 	7474 	7136
f 4168 	1288 	4532
f 7474 	7462 	4550
f 7472 	7463 	7450
f 7475 	4552 	7471
f 4551 	7473 	7471
f 1292 	1618 	1594
f 4550 	7136 	7474
f 7475 	7476 	4552
f 7472 	7450 	1049
f 1292 	1145 	1618
f 7467 	7476 	7466
f 7475 	7466 	7476
f 1637 	1598 	1633
f 1618 	1633 	1594
f 3598 	1000 	7428
f 6931 	7428 	1000
f 1637 	1685 	1598
f 1049 	1366 	7472
f 7475 	6762 	6381
f 7475 	6381 	7466
f 1675 	1637 	1633
f 1594 	1633 	1598
f 7477 	7478 	4836
f 4842 	4836 	7478
f 1756 	505 	1679
f 7475 	7471 	6762
f 6759 	6762 	7471
f 7484 	7478 	7477
f 1637 	1675 	1679
f 4586 	4555 	7482
f 1685 	1708 	1610
f 1685 	1610 	1598
f 1685 	1692 	1708
f 7487 	4847 	4842
f 7487 	4842 	7480
f 505 	1711 	1692
f 1692 	1679 	505
f 7478 	7484 	7487
f 7478 	7487 	7480
f 6763 	6388 	7481
f 6442 	7481 	6388
f 1696 	1703 	4532
f 1603 	1696 	4532
f 7478 	7480 	4842
f 496 	4849 	490
f 4845 	490 	4849
f 1696 	1603 	1699
f 1699 	1603 	1610
f 4845 	7484 	490
f 4847 	7484 	4845
f 490 	7484 	7485
f 7477 	7485 	7484
f 7482 	4555 	7481
f 4555 	3387 	7481
f 7486 	7485 	7479
f 7477 	7479 	7485
f 7146 	4508 	4556
f 1715 	1699 	1708
f 4557 	4597 	7537
f 1610 	1708 	1699
f 4557 	7489 	7488
f 7488 	7481 	3387
f 7486 	482 	7485
f 1708 	1692 	1711
f 505 	540 	1711
f 540 	548 	1711
f 7488 	6394 	6765
f 4847 	7487 	7484
f 7489 	4557 	7537
f 1738 	1734 	1715
f 1705 	1699 	1715
f 7489 	7537 	7488
f 548 	1738 	1717
f 1715 	1717 	1738
f 7490 	7491 	496
f 4849 	496 	7491
f 4851 	4849 	7491
f 6763 	7481 	6765
f 6765 	7481 	7488
f 1711 	548 	1717
f 7491 	7490 	7497
f 1720 	4532 	1703
f 7492 	7497 	7490
f 7491 	7499 	7493
f 1720 	1703 	1724
f 1703 	1705 	1724
f 6767 	6401 	7494
f 1732 	1743 	4532
f 7493 	7499 	4851
f 1720 	1729 	4532
f 7490 	607 	7492
f 7491 	7493 	4851
f 1729 	1732 	4532
f 7495 	4558 	7494
f 4558 	3389 	7494
f 735 	1444 	4855
f 1743 	1732 	1734
f 1734 	1732 	1724
f 1724 	1715 	1734
f 1705 	1715 	1724
f 4560 	7500 	7511
f 7496 	7497 	4855
f 4857 	7496 	4855
f 735 	4855 	7497
f 7497 	7496 	7491
f 548 	565 	1738
f 1738 	565 	570
f 3502 	141 	4560
f 7498 	7497 	7492
f 7502 	7501 	4561
f 7501 	7494 	3389
f 7499 	7491 	7496
f 1743 	1744 	4532
f 141 	142 	7500
f 7498 	7492 	736
f 570 	1744 	1738
f 570 	576 	1367
f 7499 	4857 	4851
f 7502 	7512 	7501
f 1744 	570 	4532
f 1367 	4532 	570
f 7497 	7498 	736
f 7512 	6421 	6409
f 6768 	7501 	6409
f 7512 	6409 	7501
f 1746 	1754 	1626
f 4857 	7499 	7496
f 1626 	1618 	1145
f 1746 	1626 	1149
f 3787 	476 	7515
f 487 	7515 	476
f 7515 	7509 	3787
f 4560 	141 	7500
f 1268 	512 	1750
f 517 	1750 	512
f 6767 	7494 	7501
f 1268 	1283 	512
f 1754 	1675 	1626
f 6767 	7501 	6768
f 4836 	4830 	7503
f 502 	1756 	499
f 1754 	499 	1756
f 1756 	1679 	1754
f 1675 	1754 	1679
f 7495 	7508 	4558
f 4558 	7508 	4576
f 7505 	7494 	6414
f 7505 	6414 	6769
f 7506 	7507 	7504
f 7505 	7508 	7494
f 7495 	7494 	7508
f 7507 	7509 	7515
f 3787 	7509 	7510
f 7510 	7509 	7524
f 4578 	4560 	7511
f 7502 	4561 	4577
f 7509 	7507 	7524
f 4578 	7511 	142
f 7479 	7477 	7504
f 7477 	7503 	7504
f 4836 	7503 	7477
f 7503 	7518 	7504
f 7508 	7505 	4576
f 7511 	7500 	142
f 7506 	7504 	7520
f 7502 	7513 	7512
f 7486 	7479 	482
f 7504 	482 	7479
f 7512 	6771 	6421
f 7504 	7507 	482
f 7514 	482 	7507
f 483 	482 	7514
f 7513 	7502 	4577
f 7513 	4577 	7512
f 4576 	7505 	4577
f 7512 	4577 	7505
f 7512 	7505 	6771
f 6769 	6771 	7505
f 7507 	7515 	7514
f 6772 	6429 	7516
f 6620 	7516 	6429
f 3788 	622 	464
f 464 	7534 	3788
f 625 	3789 	7524
f 7523 	7524 	3789
f 7516 	7553 	7517
f 3788 	988 	981
f 7522 	6772 	7516
f 7517 	4579 	7516
f 7510 	7523 	3787
f 982 	7503 	6585
f 4582 	7525 	7555
f 7520 	7518 	7521
f 4583 	7516 	4579
f 3514 	4583 	4579
f 7521 	7507 	7506
f 7521 	7506 	7520
f 7522 	6435 	6773
f 7510 	7524 	7523
f 7556 	7526 	4583
f 143 	248 	7525
f 7526 	7556 	7522
f 7524 	7507 	7521
f 6773 	6772 	7522
f 635 	7519 	700
f 143 	7525 	4582
f 7520 	7504 	7518
f 7503 	7539 	7518
f 7519 	7518 	7539
f 4583 	7526 	7522
f 7522 	7516 	4583
f 4585 	7533 	7483
f 4585 	7483 	4556
f 3789 	3787 	7523
f 7528 	7529 	7527
f 467 	7527 	7529
f 4523 	7248 	4585
f 7481 	6442 	7531
f 7531 	6442 	6909
f 7530 	697 	7538
f 7482 	7532 	4586
f 986 	7529 	7528
f 3788 	7534 	7535
f 7481 	7531 	7482
f 7532 	7482 	7531
f 7248 	7483 	7533
f 989 	988 	7534
f 7535 	7534 	988
f 6909 	6911 	7531
f 7531 	6911 	7536
f 7529 	7534 	467
f 464 	467 	7534
f 7536 	3397 	7531
f 3397 	4586 	7531
f 7534 	7529 	989
f 7533 	4585 	7248
f 986 	7528 	7527
f 4597 	3397 	7536
f 3788 	7535 	988
f 6394 	7488 	7536
f 6911 	6451 	7536
f 6394 	7536 	6451
f 4830 	6585 	7503
f 7488 	7537 	7536
f 982 	7538 	7503
f 7503 	7538 	7539
f 7537 	4597 	7536
f 700 	7539 	7538
f 700 	7538 	701
f 7550 	3399 	7545
f 982 	7527 	7538
f 7530 	7538 	7527
f 7547 	7544 	4644
f 7519 	635 	7518
f 634 	7518 	635
f 4646 	3197 	4654
f 7541 	4646 	4654
f 7521 	7518 	634
f 7521 	634 	7540
f 638 	483 	7540
f 6912 	6528 	7541
f 7545 	7541 	6528
f 7542 	7541 	7545
f 7524 	7543 	625
f 7521 	7543 	7524
f 7295 	7544 	7547
f 7307 	7295 	7547
f 7521 	7540 	7543
f 4648 	4644 	7544
f 7514 	7515 	7540
f 7543 	7540 	7515
f 7542 	4646 	7541
f 7539 	700 	7519
f 4648 	7544 	7295
f 7527 	467 	648
f 647 	648 	467
f 6528 	6537 	7545
f 7545 	6537 	6913
f 7530 	7527 	648
f 7530 	648 	697
f 7542 	7545 	7546
f 6913 	7550 	7545
f 7546 	7545 	4598
f 4598 	4646 	7546
f 7542 	7546 	4646
f 4651 	3399 	7550
f 7551 	7549 	4651
f 4654 	4651 	7549
f 7549 	7548 	4654
f 4654 	7548 	7541
f 7548 	6599 	6915
f 6915 	6912 	7548
f 6912 	7541 	7548
f 6916 	6610 	7550
f 7548 	7550 	6610
f 7548 	6610 	6599
f 7548 	7549 	7551
f 7548 	7551 	7550
f 6913 	6916 	7550
f 7551 	4651 	7550
f 4656 	4579 	7553
f 7517 	7553 	4579
f 7552 	4657 	4656
f 7552 	7516 	6620
f 7552 	6620 	6917
f 7553 	7516 	7552
f 6917 	6919 	7552
f 6919 	7554 	7552
f 4658 	4582 	7555
f 4583 	4657 	7556
f 248 	4658 	7555
f 7554 	6627 	7522
f 6919 	6627 	7554
f 6435 	7522 	6627
f 7555 	7525 	248
f 7556 	7554 	7522
f 7554 	4657 	7552
f 7556 	4657 	7554
f 4667 	3415 	10
f 7560 	7559 	4661
f 7560 	4661 	7558
f 4661 	4662 	7558
f 4662 	3418 	7557
f 6921 	7557 	1
f 6921 	6649 	7557
f 7558 	4662 	7557
f 6923 	11 	10
f 6923 	10 	7559
f 7557 	6660 	7559
f 6923 	7559 	6660
f 7559 	7560 	7557
f 7558 	7557 	7560
f 8 	252 	4666
f 5 	4666 	4668
f 8 	4666 	5
f 13 	4667 	10
f 7559 	10 	3415
f 4 	4669 	13
f 4667 	13 	4669
f 5 	4668 	251
f 4 	1 	4669
f 5 	251 	8
# 15884 faces

 #end of obj_0

